gparent,status,gen,case,Ngen,Ncase,dir,worker_id,elapsed_time,E_driver,IFAR,P_alpha_avg,P_driver_avg,P_electric_generated,P_electric_net,P_fus_avg,P_fus_peak,P_neutron_avg,Q_plant,Q_target,R_fuel,R_hotspot,R_target,TBR,Te0_peak,ablator,capital_cost,duty_cycle,eta_conversion,eta_coupling,eta_thermal,flattop_duration,levelized_CoE,max_Psol_R,max_beta_normal,max_flattop,max_fusion,max_hds03,max_ifar,max_log10_flattop,max_ne_peaking,max_oh_coil_j,max_oh_coil_stress,max_pl_stress,max_power_electric_net,max_q95,max_qpol_omp,max_tf_coil_j,max_tf_coil_stress,max_transport_error,max_zeff,max_ωpe_ωce,min_R0,min_capital_cost,min_flattop_duration,min_levelized_CoE,min_lh_power_threshold_fraction,min_log10_levelized_CoE,min_power_electric_net,min_q95,min_qmin,min_required_B0,min_βn,n_beams,ne0_peak,peak_wall_flux_avg,power_electric_net,rep_rate,rep_rate_pellet,req_flattop,req_power_electric_net,tau_pulse,zero_ohmic
/gen01/case01,success,1,1,30,50,ife_moop_run,2,85.85352993011475,6.654382663082514,2.6508055877791215,16.65929678227768,103.02581584225192,513.6240474591501,-51.61187004397452,83.29648391138839,2.9929268303948855e6,66.63718712911071,0.9086896843499171,0.8085010851933256,0.8301485951118178,0.24904457853354536,1.3047693398904108,1.105381664021936,8.073543603125001,HDC,48.54831470450225,2.7831112697265067e-8,0.18723935054942475,0.85,38.48739089552685,NaN,Inf,NaN,NaN,NaN,-2.9929268303948855e9,NaN,0.0,NaN,NaN,NaN,NaN,NaN,51.61187004397452,NaN,NaN,NaN,NaN,NaN,NaN,NaN,NaN,48.54831470450225,NaN,Inf,NaN,Inf,1.5161187004397452,NaN,NaN,NaN,NaN,16.0,2.6915574596702633e31,5.860823137197502e-7,1.3161187004397452,15.482400255372028,15.482400255372028,NaN,151.6118700439745,1.7975967704108624,NaN
/gen01/case02,success,1,2,30,50,ife_moop_run,3,77.26914691925049,7.032375625100445,5.433992990050497,148.5715738640873,117.49544779736316,647.8052999723958,-930.5319207430779,742.8578693204364,1.0568225897861112e7,594.2862954563492,0.41043529321239736,6.322439577417464,1.3676365231064396,0.41029095693193185,2.052726697049273,1.105381664021936,7.941968409375001,HDC,52.71472653930422,7.029163423453906e-8,0.07515681597063903,0.85,12.738871019396303,NaN,Inf,NaN,NaN,NaN,-1.0568225897861113e10,NaN,0.0,NaN,NaN,NaN,NaN,NaN,930.5319207430779,NaN,NaN,NaN,NaN,NaN,NaN,NaN,NaN,52.71472653930422,NaN,Inf,NaN,Inf,10.30531920743078,NaN,NaN,NaN,NaN,16.0,2.240623705819081e31,5.6405098859254095e-6,10.10531920743078,16.707788955127796,16.707788955127796,NaN,1030.5319207430778,4.207117675673406,NaN
/gen01/case03,success,1,3,30,50,ife_moop_run,4,86.34695816040039,1.0121525013225041,103.86811361495286,92.22355538802198,9.650754745840226,519.7438656599774,433.28513928531123,461.11777694010993,6.82674434253927e6,368.8942215520879,6.011467985402463,47.78048858187656,3.069893522040742,0.9209680566122227,3.5962978156824166,1.105381664021936,2.38487233359375,HDC,16.562028296330958,6.754578080019222e-8,0.1350535509860647,0.85,27.72476789498181,NaN,0.5815309724490425,NaN,NaN,NaN,-6.82674434253927e9,NaN,73.86811361495286,NaN,NaN,NaN,NaN,NaN,-433.28513928531123,NaN,NaN,NaN,NaN,NaN,NaN,NaN,NaN,16.562028296330958,NaN,0.5815309724490425,NaN,-0.23542714971369602,0.0,NaN,NaN,NaN,NaN,16.0,1.6107825946005961e32,1.998116689497032e-6,3.132851392853112,9.534882078768076,9.534882078768076,NaN,333.28513928531123,7.084070913745297,NaN
/gen01/case04,success,1,4,30,50,ife_moop_run,5,86.60504817962646,3.8079314785875833,25.836788262589156,260.01406214992505,19.751470936973373,641.0827926457599,332.24899917419526,1300.0703107496254,2.594724257719949e7,1040.0562485997002,2.075818146192562,65.82144261043285,3.2717206555532967,0.981516196665989,3.6695899448161757,1.105381664021936,3.7525910296875002,HDC,33.72636182950748,5.0104372627711536e-8,0.06721987523495929,0.85,16.539413351979157,NaN,1.4077691360205644,NaN,NaN,NaN,-2.594724257719949e10,NaN,0.0,NaN,NaN,NaN,NaN,NaN,-332.24899917419526,NaN,NaN,NaN,NaN,NaN,NaN,NaN,NaN,33.72636182950748,NaN,1.4077691360205644,NaN,0.14853143948429648,0.0,NaN,NaN,NaN,NaN,16.0,6.522385468414899e31,3.064578957944641e-6,2.122489991741953,5.186929189256178,5.186929189256178,NaN,232.2489991741953,9.659737158450907,NaN
/gen01/case05,success,1,5,30,50,ife_moop_run,6,83.94356298446655,8.60663814068781,11.14887803654035,829.26914275098,78.00231303667401,1548.3729479940014,904.5176322937876,4146.345713754899,4.656699456322665e7,3317.07657100392,2.4048461047651597,53.15670205581506,2.9572191918321167,0.887165757549635,3.5688267389132116,1.105381664021936,5.5331917265625,HDC,64.9769982893989,8.904044060917805e-8,0.12403856831490802,0.85,12.738871019396303,NaN,0.9808723887495904,NaN,NaN,NaN,-4.656699456322665e10,NaN,0.0,NaN,NaN,NaN,NaN,NaN,-904.5176322937876,NaN,NaN,NaN,NaN,NaN,NaN,NaN,NaN,64.9769982893989,NaN,0.9808723887495904,NaN,-0.00838749054751879,0.0,NaN,NaN,NaN,NaN,16.0,3.4160282458580733e31,1.7077846388289383e-5,7.845176322937875,9.063040848425906,9.063040848425906,NaN,804.5176322937876,9.824565738842812,NaN
/gen01/case06,fail,1,6,30,50,ife_moop_run,7,28.191365957260132,NaN,NaN,NaN,NaN,NaN,NaN,NaN,NaN,NaN,NaN,NaN,NaN,NaN,NaN,NaN,NaN,NaN,NaN,NaN,NaN,NaN,NaN,NaN,NaN,NaN,NaN,NaN,NaN,NaN,NaN,NaN,NaN,NaN,NaN,NaN,NaN,NaN,NaN,NaN,NaN,NaN,NaN,NaN,NaN,NaN,NaN,NaN,NaN,NaN,NaN,NaN,NaN,NaN,NaN,NaN,NaN,NaN,NaN,NaN,NaN,NaN,NaN,NaN,NaN
/gen01/case07,success,1,7,30,50,ife_moop_run,8,84.64137005805969,6.952828165162909,10.020444431448897,663.3666348651637,118.4651414489523,1608.3328061948648,433.35422798196504,3316.8331743258186,2.5729029879379146e7,2653.466539460655,1.3688188329706243,27.998389515746894,2.4356582298637317,0.7306974689591195,2.9436501956087566,1.105381664021936,5.370497945312501,HDC,55.59113557116458,1.2891403950617418e-7,0.10212700792411486,0.85,12.738871019396303,NaN,1.7978260681774174,NaN,NaN,NaN,-2.5729029879379143e10,NaN,0.0,NaN,NaN,NaN,NaN,NaN,-433.35422798196504,NaN,NaN,NaN,NaN,NaN,NaN,NaN,NaN,55.59113557116458,NaN,1.7978260681774174,NaN,0.2547476733345708,0.0,NaN,NaN,NaN,NaN,16.0,3.7748895482309337e31,2.5683036276653134e-5,3.1335422798196504,17.038410648852356,17.038410648852356,NaN,333.35422798196504,7.566083607384903,NaN
/gen01/case08,success,1,8,30,50,ife_moop_run,9,82.68268299102783,1.1020823059797662,135.47757223811124,206.84908538729516,12.752051713678295,639.3181779066393,560.3997727606795,1034.2454269364757,1.0554544682853356e7,827.3963415491806,8.10100225320339,81.10423719714908,4.00166921383621,1.2005007641508627,4.4000853066800145,1.105381664021936,2.0980138867187503,HDC,18.018472478407748,9.799052995783746e-8,0.19950516106524463,0.85,18.176866894990503,NaN,0.4938531745713514,NaN,NaN,NaN,-1.0554544682853355e10,NaN,105.47757223811124,NaN,NaN,NaN,NaN,NaN,-560.3997727606795,NaN,NaN,NaN,NaN,NaN,NaN,NaN,NaN,18.018472478407748,NaN,0.4938531745713514,NaN,-0.30640215016835604,0.0,NaN,NaN,NaN,NaN,16.0,2.1199657527035148e32,5.438552187376013e-6,4.403997727606795,11.570870564282899,11.570870564282899,NaN,460.39977276067947,8.468725789770373,NaN
/gen01/case09,fail,1,9,30,50,ife_moop_run,7,1.1467270851135254,NaN,NaN,NaN,NaN,NaN,NaN,NaN,NaN,NaN,NaN,NaN,NaN,NaN,NaN,NaN,NaN,NaN,NaN,NaN,NaN,NaN,NaN,NaN,NaN,NaN,NaN,NaN,NaN,NaN,NaN,NaN,NaN,NaN,NaN,NaN,NaN,NaN,NaN,NaN,NaN,NaN,NaN,NaN,NaN,NaN,NaN,NaN,NaN,NaN,NaN,NaN,NaN,NaN,NaN,NaN,NaN,NaN,NaN,NaN,NaN,NaN,NaN,NaN,NaN
/gen01/case10,success,1,10,30,50,ife_moop_run,7,40.55541515350342,3.4498978885112783,5.294614756485546,21.017181990936365,67.3819746430216,513.4410167731463,30.958374189347268,105.08590995468184,2.338216438641153e6,84.06872796374546,1.0641647418103135,1.5595552150468932,1.0131663250174554,0.3039498975052366,1.3437375550513162,1.105381664021936,5.4150893671875,HDC,30.14644160296186,4.4942764159057996e-8,0.1441379176574304,0.85,39.03694919766971,NaN,14.18602203888844,NaN,NaN,NaN,-2.338216438641153e9,NaN,0.0,NaN,NaN,NaN,NaN,NaN,-30.958374189347268,NaN,NaN,NaN,NaN,NaN,NaN,NaN,NaN,30.14644160296186,NaN,14.18602203888844,NaN,1.1518606302171648,0.6904162581065273,NaN,NaN,NaN,NaN,16.0,4.621234285714664e31,9.32772294102265e-7,0.4904162581065273,19.53158522964246,19.53158522964246,NaN,69.04162581065273,2.301030030621877,NaN
/gen01/case11,success,1,11,30,50,ife_moop_run,3,1.3335990905761719,2.258118146313719,49.75525513339845,455.3720522975847,29.976084481246833,890.5501954418838,646.9264588345509,2276.8602614879237,1.828549543668592e7,1821.4882091903387,3.6554327909240287,75.95589286894148,3.59044499901256,1.077133499703768,3.9348782397009043,1.105381664021936,2.91611867421875,HDC,26.305889574372195,1.2451728581112942e-7,0.13111536416155908,0.85,12.738871019396303,NaN,0.601981478362173,NaN,NaN,NaN,-1.828549543668592e10,NaN,19.75525513339845,NaN,NaN,NaN,NaN,NaN,-646.9264588345509,NaN,NaN,NaN,NaN,NaN,NaN,NaN,NaN,26.305889574372195,NaN,0.601981478362173,NaN,-0.22041687081667458,0.0,NaN,NaN,NaN,NaN,16.0,1.0484683324027542e32,1.3735936554961085e-5,5.269264588345508,13.27480784394807,13.27480784394807,NaN,546.9264588345509,9.379968981464115,NaN
/gen01/case12,fail,1,12,30,50,ife_moop_run,3,0.7152531147003174,NaN,NaN,NaN,NaN,NaN,NaN,NaN,NaN,NaN,NaN,NaN,NaN,NaN,NaN,NaN,NaN,NaN,NaN,NaN,NaN,NaN,NaN,NaN,NaN,NaN,NaN,NaN,NaN,NaN,NaN,NaN,NaN,NaN,NaN,NaN,NaN,NaN,NaN,NaN,NaN,NaN,NaN,NaN,NaN,NaN,NaN,NaN,NaN,NaN,NaN,NaN,NaN,NaN,NaN,NaN,NaN,NaN,NaN,NaN,NaN,NaN,NaN,NaN,NaN
/gen01/case13,success,1,13,30,50,ife_moop_run,3,1.0899930000305176,4.637783963275672,30.83321788265479,832.3096734757247,31.462849976026742,1215.1697807404914,976.5617926468159,4161.548367378623,4.882317154557732e7,3329.238693902899,5.092745596863362,132.26863969886813,4.0092932944653175,1.202787988339595,4.627351949151233,1.105381664021936,3.8891806078125004,HDC,41.117414366330834,8.523715759623978e-8,0.14070539359643133,0.85,12.738871019396303,NaN,0.5882061853841173,NaN,NaN,NaN,-4.882317154557732e10,NaN,0.8332178826547896,NaN,NaN,NaN,NaN,NaN,-976.5617926468159,NaN,NaN,NaN,NaN,NaN,NaN,NaN,NaN,41.117414366330834,NaN,0.5882061853841173,NaN,-0.230470412906021,0.0,NaN,NaN,NaN,NaN,16.0,5.743092935340789e31,1.2830280378717247e-5,8.56561792646816,6.784026644010493,6.784026644010493,NaN,876.5617926468159,12.564390157797254,NaN
/gen01/case14,success,1,14,30,50,ife_moop_run,9,2.1657259464263916,3.5792348678167163,37.72491087513656,729.4791871151973,31.55842496349101,1158.0369811405203,975.0277324335508,3647.395935575986,3.579924584750274e7,2917.916748460789,6.327751134560116,115.5759813677504,4.050661418558855,1.2151984255676564,4.454287879940364,1.105381664021936,3.3380675453125006,HDC,34.84317920643553,1.0188471430691937e-7,0.1878374268462632,0.85,12.738871019396303,NaN,0.5090543344598683,NaN,NaN,NaN,-3.579924584750274e10,NaN,7.724910875136558,NaN,NaN,NaN,NaN,NaN,-975.0277324335508,NaN,NaN,NaN,NaN,NaN,NaN,NaN,NaN,34.84317920643553,NaN,0.5090543344598683,NaN,-0.2932358603022996,0.0,NaN,NaN,NaN,NaN,16.0,7.82847838655988e31,1.4615096522395774e-5,8.550277324335509,8.817086927503366,8.817086927503366,NaN,875.0277324335508,11.555371421949777,NaN
/gen01/case15,success,1,15,30,50,ife_moop_run,3,1.6185288429260254,4.653001197653279,42.5932637198815,1233.943938170659,26.36448102298223,1493.660662310244,1312.3026067470291,6169.719690853295,7.185259419992977e7,4935.775752682636,8.235976382033979,234.01635273893984,4.959819384676123,1.4879458154028369,5.658235047270422,1.105381664021936,3.5539019140625006,HDC,42.10503094394758,8.586634566994278e-8,0.15848033889145757,0.85,12.738871019396303,NaN,0.4492381449551027,NaN,NaN,NaN,-7.185259419992976e10,NaN,12.593263719881499,NaN,NaN,NaN,NaN,NaN,-1312.3026067470291,NaN,NaN,NaN,NaN,NaN,NaN,NaN,NaN,42.10503094394758,NaN,0.4492381449551027,NaN,-0.34752337476103534,0.0,NaN,NaN,NaN,NaN,16.0,6.529593629737646e31,1.5887119096719536e-5,11.92302606747029,5.666123842022444,5.666123842022444,NaN,1212.3026067470291,15.154336203017756,NaN
/gen01/case16,fail,1,16,30,50,ife_moop_run,6,1.56062912940979,NaN,NaN,NaN,NaN,NaN,NaN,NaN,NaN,NaN,NaN,NaN,NaN,NaN,NaN,NaN,NaN,NaN,NaN,NaN,NaN,NaN,NaN,NaN,NaN,NaN,NaN,NaN,NaN,NaN,NaN,NaN,NaN,NaN,NaN,NaN,NaN,NaN,NaN,NaN,NaN,NaN,NaN,NaN,NaN,NaN,NaN,NaN,NaN,NaN,NaN,NaN,NaN,NaN,NaN,NaN,NaN,NaN,NaN,NaN,NaN,NaN,NaN,NaN,NaN
/gen01/case17,success,1,17,30,50,ife_moop_run,2,2.2373108863830566,3.825373497046733,15.227916189709706,168.10195397166663,36.303067246526645,640.1434474545988,-97.95006907051445,840.5097698583332,1.3262805467720378e7,672.4078158866665,0.8672931452756072,23.152582787305676,2.118516950642131,0.6355550851926393,2.659559916614816,1.105381664021936,4.8544605484375,HDC,33.58663992976013,6.337345231399226e-8,0.05020521746756089,0.85,17.659562556460177,NaN,Inf,NaN,NaN,NaN,-1.3262805467720379e10,NaN,0.0,NaN,NaN,NaN,NaN,NaN,97.95006907051445,NaN,NaN,NaN,NaN,NaN,NaN,NaN,NaN,33.58663992976013,NaN,Inf,NaN,Inf,1.9795006907051445,NaN,NaN,NaN,NaN,16.0,4.34347735453961e31,3.6249823553104974e-6,1.7795006907051445,9.490071302724651,9.490071302724651,NaN,197.95006907051445,6.677868931901218,NaN
/gen01/case18,success,1,18,30,50,ife_moop_run,9,1.7717640399932861,3.2175764634627853,40.4235541272778,1230.3325182734377,57.935292789745816,2041.4072362769282,1517.5081710749796,6151.662591367189,3.0902377393049803e7,4921.330073093751,3.8965659071943977,106.18160874222758,3.8724366813790083,1.1617310044137026,4.344456453541156,1.105381664021936,3.3246385046875004,HDC,35.46151993648296,1.9906761583821533e-7,0.11384436866032578,0.85,12.738871019396303,NaN,0.3486915484438328,NaN,NaN,NaN,-3.0902377393049805e10,NaN,10.423554127277797,NaN,NaN,NaN,NaN,NaN,-1517.5081710749796,NaN,NaN,NaN,NaN,NaN,NaN,NaN,NaN,35.46151993648296,NaN,0.3486915484438328,NaN,-0.45755857888926216,0.0,NaN,NaN,NaN,NaN,16.0,7.871580935799806e31,5.033852575624042e-5,13.975081710749796,18.005879098020042,18.005879098020042,NaN,1417.5081710749796,11.05570101601455,NaN
/gen01/case19,success,1,19,30,50,ife_moop_run,8,2.0711028575897217,7.123243244631915,11.111333190025995,982.7750980310417,132.30632903151195,2136.367504720314,1356.486202161347,4913.875490155208,3.135087673818546e7,3931.100392124167,2.739349562183897,37.140139297378965,2.7070324345665555,0.8121097303699666,3.18199754434542,1.105381664021936,5.1158716984375,HDC,58.179154989032085,1.5673805652044473e-7,0.17297628872463128,0.85,12.738871019396303,NaN,0.604912999551483,NaN,NaN,NaN,-3.135087673818546e10,NaN,0.0,NaN,NaN,NaN,NaN,NaN,-1356.486202161347,NaN,NaN,NaN,NaN,NaN,NaN,NaN,NaN,58.179154989032085,NaN,0.604912999551483,NaN,-0.21830708242468155,0.0,NaN,NaN,NaN,NaN,16.0,4.0241046589649664e31,4.147827133963565e-5,12.36486202161347,18.573888955879497,18.573888955879497,NaN,1256.486202161347,8.438623537201124,NaN
/gen01/case20,fail,1,20,30,50,ife_moop_run,4,1.1103761196136475,NaN,NaN,NaN,NaN,NaN,NaN,NaN,NaN,NaN,NaN,NaN,NaN,NaN,NaN,NaN,NaN,NaN,NaN,NaN,NaN,NaN,NaN,NaN,NaN,NaN,NaN,NaN,NaN,NaN,NaN,NaN,NaN,NaN,NaN,NaN,NaN,NaN,NaN,NaN,NaN,NaN,NaN,NaN,NaN,NaN,NaN,NaN,NaN,NaN,NaN,NaN,NaN,NaN,NaN,NaN,NaN,NaN,NaN,NaN,NaN,NaN,NaN,NaN,NaN
/gen01/case21,success,1,21,30,50,ife_moop_run,5,1.9678928852081299,1.4921661670454975,22.83328441770562,22.840367808483762,13.13063538194208,353.4636559648815,212.79615768255604,114.20183904241883,3.044772613118843e6,91.36147123393505,2.5127599501020863,8.697358179595408,1.25173809179504,0.375521427538512,1.911598438065299,1.105381664021936,5.170607629687501,HDC,18.482001446001654,3.7507509936986324e-8,0.10448712325316367,0.85,45.80668461994989,NaN,1.2734434092392999,NaN,NaN,NaN,-3.044772613118843e9,NaN,0.0,NaN,NaN,NaN,NaN,NaN,-212.79615768255604,NaN,NaN,NaN,NaN,NaN,NaN,NaN,NaN,18.482001446001654,NaN,1.2734434092392999,NaN,0.10497965004468097,0.0,NaN,NaN,NaN,NaN,16.0,3.7963642292806833e31,4.5670451625801294e-7,0.9279615768255605,8.79971391386045,8.79971391386045,NaN,112.79615768255603,4.262355606573546,NaN
/gen01/case22,fail,1,22,30,50,ife_moop_run,3,0.9125099182128906,NaN,NaN,NaN,NaN,NaN,NaN,NaN,NaN,NaN,NaN,NaN,NaN,NaN,NaN,NaN,NaN,NaN,NaN,NaN,NaN,NaN,NaN,NaN,NaN,NaN,NaN,NaN,NaN,NaN,NaN,NaN,NaN,NaN,NaN,NaN,NaN,NaN,NaN,NaN,NaN,NaN,NaN,NaN,NaN,NaN,NaN,NaN,NaN,NaN,NaN,NaN,NaN,NaN,NaN,NaN,NaN,NaN,NaN,NaN,NaN,NaN,NaN,NaN,NaN
/gen01/case23,success,1,23,30,50,ife_moop_run,6,1.8162028789520264,4.962205372452413,4.213007914073282,23.46143241749723,69.60963470874988,513.4480219166317,35.6204365779317,117.30716208748615,3.469843876492996e6,93.84572966998893,1.0745466307741165,1.6852144473721928,0.8356246681103152,0.2506874004330946,1.449093401626847,1.105381664021936,9.444869809375001,HDC,38.903641454056455,3.380761966905831e-8,0.15040079051858835,0.85,36.626839280720546,NaN,15.260606575970503,NaN,NaN,NaN,-3.469843876492996e9,NaN,0.0,NaN,NaN,NaN,NaN,NaN,-35.6204365779317,NaN,NaN,NaN,NaN,NaN,NaN,NaN,NaN,38.903641454056455,NaN,15.260606575970503,NaN,1.1835717962244539,0.643795634220683,NaN,NaN,NaN,NaN,16.0,1.8851394244469898e31,7.47847083132999e-7,0.44379563422068297,14.027963271166975,14.027963271166975,NaN,64.3795634220683,2.410016266477285,NaN
/gen01/case24,success,1,24,30,50,ife_moop_run,7,1.633695125579834,3.8977109495232622,7.188342310599214,36.58215280498063,42.87483836262458,513.6207485881561,51.55354644223124,182.91076402490316,4.776187692717966e6,146.32861121992252,1.11157153375701,4.26615635207508,1.3500211753202191,0.4050063525960658,1.7204488886929024,1.105381664021936,5.2506469640625,HDC,32.85882004253447,3.829639364964212e-8,0.09590244633653541,0.85,33.945000537038645,NaN,8.960113958988893,NaN,NaN,NaN,-4.776187692717966e9,NaN,0.0,NaN,NaN,NaN,NaN,NaN,-51.55354644223124,NaN,NaN,NaN,NaN,NaN,NaN,NaN,NaN,32.85882004253447,NaN,8.960113958988893,NaN,0.9523135332609319,0.4844645355776876,NaN,NaN,NaN,NaN,16.0,4.479174715170464e31,9.14378037235115e-7,0.2844645355776876,11.000004597023466,11.000004597023466,NaN,48.44645355776876,3.4814888768323686,NaN
/gen01/case25,fail,1,25,30,50,ife_moop_run,9,1.0339250564575195,NaN,NaN,NaN,NaN,NaN,NaN,NaN,NaN,NaN,NaN,NaN,NaN,NaN,NaN,NaN,NaN,NaN,NaN,NaN,NaN,NaN,NaN,NaN,NaN,NaN,NaN,NaN,NaN,NaN,NaN,NaN,NaN,NaN,NaN,NaN,NaN,NaN,NaN,NaN,NaN,NaN,NaN,NaN,NaN,NaN,NaN,NaN,NaN,NaN,NaN,NaN,NaN,NaN,NaN,NaN,NaN,NaN,NaN,NaN,NaN,NaN,NaN,NaN,NaN
/gen01/case26,success,1,26,30,50,ife_moop_run,2,1.5192320346832275,9.96341556497002,10.02535361522331,1148.8524875286203,105.24766021462027,2094.8574918634413,186.6535781918385,5744.262437643102,5.405387725667088e7,4595.409950114481,1.0978163690235263,54.57852864310184,2.998469011031372,0.8995407033094115,3.6437445027145,1.105381664021936,5.8218019234375005,HDC,74.26618451741612,1.0626920267656087e-7,0.05559235297084677,0.85,12.738871019396303,NaN,5.435924434511137,NaN,NaN,NaN,-5.405387725667088e10,NaN,0.0,NaN,NaN,NaN,NaN,NaN,-186.6535781918385,NaN,NaN,NaN,NaN,NaN,NaN,NaN,NaN,74.26618451741612,NaN,5.435924434511137,NaN,0.7352734109186363,0.0,NaN,NaN,NaN,NaN,16.0,3.1564033197314694e31,2.7576054824614675e-5,0.666535781918385,10.563411666241882,10.563411666241882,NaN,86.6535781918385,10.060121297380812,NaN
/gen01/case27,fail,1,27,30,50,ife_moop_run,3,0.9767768383026123,NaN,NaN,NaN,NaN,NaN,NaN,NaN,NaN,NaN,NaN,NaN,NaN,NaN,NaN,NaN,NaN,NaN,NaN,NaN,NaN,NaN,NaN,NaN,NaN,NaN,NaN,NaN,NaN,NaN,NaN,NaN,NaN,NaN,NaN,NaN,NaN,NaN,NaN,NaN,NaN,NaN,NaN,NaN,NaN,NaN,NaN,NaN,NaN,NaN,NaN,NaN,NaN,NaN,NaN,NaN,NaN,NaN,NaN,NaN,NaN,NaN,NaN,NaN,NaN
/gen01/case28,fail,1,28,30,50,ife_moop_run,4,0.9579989910125732,NaN,NaN,NaN,NaN,NaN,NaN,NaN,NaN,NaN,NaN,NaN,NaN,NaN,NaN,NaN,NaN,NaN,NaN,NaN,NaN,NaN,NaN,NaN,NaN,NaN,NaN,NaN,NaN,NaN,NaN,NaN,NaN,NaN,NaN,NaN,NaN,NaN,NaN,NaN,NaN,NaN,NaN,NaN,NaN,NaN,NaN,NaN,NaN,NaN,NaN,NaN,NaN,NaN,NaN,NaN,NaN,NaN,NaN,NaN,NaN,NaN,NaN,NaN,NaN
/gen01/case29,success,1,29,30,50,ife_moop_run,5,1.4253771305084229,2.455727919827749,34.731370433841725,372.0606974239005,38.13719991060114,830.6608281199811,103.12280530044806,1860.3034871195023,1.457913465079726e7,1488.242789695602,1.1417421523906082,48.77923632254886,2.696602479593906,0.8089807438781718,3.3450767352503634,1.105381664021936,3.7956965921875003,HDC,27.14078814456863,1.276004050773872e-7,0.053523038335120926,0.85,12.738871019396303,NaN,3.898358669546224,NaN,NaN,NaN,-1.457913465079726e10,NaN,4.731370433841725,NaN,NaN,NaN,NaN,NaN,-103.12280530044806,NaN,NaN,NaN,NaN,NaN,NaN,NaN,NaN,27.14078814456863,NaN,3.898358669546224,NaN,0.5908817940014035,0.0,NaN,NaN,NaN,NaN,16.0,6.238863109292104e31,1.3129434205982236e-5,0.0,15.52989628968187,15.52989628968187,NaN,3.12280530044806,8.216436394502226,NaN
/gen01/case30,fail,1,30,30,50,ife_moop_run,8,0.9655451774597168,NaN,NaN,NaN,NaN,NaN,NaN,NaN,NaN,NaN,NaN,NaN,NaN,NaN,NaN,NaN,NaN,NaN,NaN,NaN,NaN,NaN,NaN,NaN,NaN,NaN,NaN,NaN,NaN,NaN,NaN,NaN,NaN,NaN,NaN,NaN,NaN,NaN,NaN,NaN,NaN,NaN,NaN,NaN,NaN,NaN,NaN,NaN,NaN,NaN,NaN,NaN,NaN,NaN,NaN,NaN,NaN,NaN,NaN,NaN,NaN,NaN,NaN,NaN,NaN
/gen01/case31,success,1,31,30,50,ife_moop_run,6,1.428699016571045,1.9838911068759897,97.0903851180506,1094.5137000639727,33.63784442857764,1720.016734465635,1410.7422508527363,5472.568500319864,2.765024075095544e7,4378.054800255891,5.5614569762518204,162.69082021410816,4.675751201872918,1.4027253605618752,5.34043555110879,1.105381664021936,2.57790736328125,HDC,27.43648513328,1.9792118808697036e-7,0.11430771712040891,0.85,12.738871019396303,NaN,0.29972582606210024,NaN,NaN,NaN,-2.765024075095544e10,NaN,67.0903851180506,NaN,NaN,NaN,NaN,NaN,-1410.7422508527363,NaN,NaN,NaN,NaN,NaN,NaN,NaN,NaN,27.43648513328,NaN,0.29972582606210024,NaN,-0.5232758341880765,0.0,NaN,NaN,NaN,NaN,16.0,1.2719016969213897e32,4.216918319861002e-5,12.907422508527363,16.95548929676224,16.95548929676224,NaN,1310.7422508527363,11.672985935284371,NaN
/gen01/case32,success,1,32,30,50,ife_moop_run,7,1.342864990234375,9.40014637206584,5.94175107044695,248.72983063788422,91.25210637206473,782.683790168685,204.62664805366694,1243.649153189421,2.197630274815312e7,994.9193225515369,1.353990346533858,13.628717216878874,2.163100489553566,0.6489301468660699,2.558454539533326,1.105381664021936,5.623131576562501,HDC,66.9355400974811,5.6590463256788584e-8,0.16206544513278595,0.85,12.738871019396303,NaN,4.407739517077894,NaN,NaN,NaN,-2.197630274815312e10,NaN,0.0,NaN,NaN,NaN,NaN,NaN,-204.62664805366694,NaN,NaN,NaN,NaN,NaN,NaN,NaN,NaN,66.9355400974811,NaN,4.407739517077894,NaN,0.6442159212252324,0.0,NaN,NaN,NaN,NaN,16.0,3.8811931711944074e31,5.486555995748169e-6,0.8462664805366695,9.707519730036985,9.707519730036985,NaN,104.62664805366695,5.829549136190422,NaN
/gen01/case33,success,1,33,30,50,ife_moop_run,9,1.4806029796600342,6.661398496688292,8.639752284088203,455.4024700301352,124.96019219699656,1307.2512200431954,-330.61965726398876,2277.0123501506764,1.8994565250964902e7,1821.6098801205408,0.7981405849235448,18.221901792220553,1.880714563402402,0.5642143690207206,2.6229506390165382,1.105381664021936,6.831283834375001,HDC,52.85701141193717,1.1987704483181085e-7,0.07699946677479476,0.85,12.738871019396303,NaN,Inf,NaN,NaN,NaN,-1.8994565250964905e10,NaN,0.0,NaN,NaN,NaN,NaN,NaN,330.61965726398876,NaN,NaN,NaN,NaN,NaN,NaN,NaN,NaN,52.85701141193717,NaN,Inf,NaN,Inf,4.306196572639887,NaN,NaN,NaN,NaN,16.0,2.5553023803194366e31,1.9411777804402118e-5,4.106196572639887,18.758852553126854,18.758852553126854,NaN,430.61965726398876,6.390425240153025,NaN
/gen01/case34,success,1,34,30,50,ife_moop_run,2,1.4931211471557617,3.3021091657873782,35.66667291382245,1119.966957064984,62.255849416152145,1954.5315598021286,1502.5572457344183,5599.83478532492,2.8257290920798782e7,4479.867828259936,4.324430612464672,89.94873313658547,3.7658063048118686,1.1297418914435606,4.092257766823977,1.105381664021936,3.2845547109375004,HDC,35.7017048706148,1.9817309454825198e-7,0.14247027207760649,0.85,12.738871019396303,NaN,0.3542183455213951,NaN,NaN,NaN,-2.8257290920798782e10,NaN,5.6666729138224525,NaN,NaN,NaN,NaN,NaN,-1502.5572457344183,NaN,NaN,NaN,NaN,NaN,NaN,NaN,NaN,35.7017048706148,NaN,0.3542183455213951,NaN,-0.4507289497738803,0.0,NaN,NaN,NaN,NaN,16.0,8.253389759240092e31,4.7979708587166504e-5,13.825572457344185,18.85335895650422,18.85335895650422,NaN,1402.5572457344183,10.511288466179883,NaN
/gen01/case35,success,1,35,30,50,ife_moop_run,3,1.594933032989502,1.945713015242729,50.00686146546196,136.78061776594063,11.903650799906535,592.4728055207617,492.0771767745849,683.9030888297032,1.3352716471468484e7,547.1224710637625,5.901380497538091,57.453221732199424,3.207028548541368,0.9621085645624103,3.5914658882326167,1.105381664021936,2.93222069765625,HDC,22.240426305456207,5.1218273846452e-8,0.13939414668739097,0.85,25.18285192004456,NaN,0.6524045538464129,NaN,NaN,NaN,-1.3352716471468485e10,NaN,20.00686146546196,NaN,NaN,NaN,NaN,NaN,-492.0771767745849,NaN,NaN,NaN,NaN,NaN,NaN,NaN,NaN,22.240426305456207,NaN,0.6524045538464129,NaN,-0.1854830162040085,0.0,NaN,NaN,NaN,NaN,16.0,1.0478061650665133e32,1.9014706003087581e-6,3.720771767745849,6.117886197323681,6.117886197323681,NaN,392.0771767745849,8.371890583525051,NaN
/gen01/case36,success,1,36,30,50,ife_moop_run,4,1.391007900238037,1.7874096525433747,88.80375602512201,787.7971156957672,33.716417452084116,1397.9877023252861,1015.6977963926266,3938.9855784788356,2.020052234144964e7,3151.1884627830686,3.656878407277492,116.8269310960069,4.169100660482811,1.2507301981448433,4.7474077122220075,1.105381664021936,2.58647686171875,HDC,25.303679195892144,1.9499424380707198e-7,0.091797833012775,0.85,12.738871019396303,NaN,0.38753593036076806,NaN,NaN,NaN,-2.020052234144964e10,NaN,58.80375602512201,NaN,NaN,NaN,NaN,NaN,-1015.6977963926266,NaN,NaN,NaN,NaN,NaN,NaN,NaN,NaN,25.303679195892144,NaN,0.38753593036076806,NaN,-0.411688025715055,0.0,NaN,NaN,NaN,NaN,16.0,1.290416004740109e32,3.3767224849987374e-5,8.956977963926267,18.86328486819332,18.86328486819332,NaN,915.6977963926266,10.337236868848075,NaN
/gen01/case37,fail,1,37,30,50,ife_moop_run,5,0.7699718475341797,NaN,NaN,NaN,NaN,NaN,NaN,NaN,NaN,NaN,NaN,NaN,NaN,NaN,NaN,NaN,NaN,NaN,NaN,NaN,NaN,NaN,NaN,NaN,NaN,NaN,NaN,NaN,NaN,NaN,NaN,NaN,NaN,NaN,NaN,NaN,NaN,NaN,NaN,NaN,NaN,NaN,NaN,NaN,NaN,NaN,NaN,NaN,NaN,NaN,NaN,NaN,NaN,NaN,NaN,NaN,NaN,NaN,NaN,NaN,NaN,NaN,NaN,NaN,NaN
/gen01/case38,success,1,38,30,50,ife_moop_run,6,1.4886488914489746,3.5920924557791034,8.100221929111704,47.32447022619632,48.284738176686375,520.211083002397,233.87698317137165,236.62235113098163,4.804729051600019e6,189.29788090478527,1.8167975218787762,4.900561959456404,1.1521888436015186,0.3456566530804556,1.7589308314149952,1.105381664021936,6.962095765625,HDC,31.362149404102716,4.92478032766872e-8,0.17795307779875785,0.85,27.967641004093167,NaN,1.9086220840473331,NaN,NaN,NaN,-4.804729051600019e9,NaN,0.0,NaN,NaN,NaN,NaN,NaN,-233.87698317137165,NaN,NaN,NaN,NaN,NaN,NaN,NaN,NaN,31.362149404102716,NaN,1.9086220840473331,NaN,0.2807199446007249,0.0,NaN,NaN,NaN,NaN,16.0,2.634866297941473e31,1.4454790291168347e-6,1.1387698317137165,13.441953059700326,13.441953059700326,NaN,133.87698317137165,3.6637386738341373,NaN
/gen01/case39,fail,1,39,30,50,ife_moop_run,8,1.0478389263153076,NaN,NaN,NaN,NaN,NaN,NaN,NaN,NaN,NaN,NaN,NaN,NaN,NaN,NaN,NaN,NaN,NaN,NaN,NaN,NaN,NaN,NaN,NaN,NaN,NaN,NaN,NaN,NaN,NaN,NaN,NaN,NaN,NaN,NaN,NaN,NaN,NaN,NaN,NaN,NaN,NaN,NaN,NaN,NaN,NaN,NaN,NaN,NaN,NaN,NaN,NaN,NaN,NaN,NaN,NaN,NaN,NaN,NaN,NaN,NaN,NaN,NaN,NaN,NaN
/gen01/case40,success,1,40,30,50,ife_moop_run,7,1.3786780834197998,4.251837145693466,36.95675131955167,1157.5825477085127,37.41834017069177,1626.3679248821147,1252.546927720096,5787.912738542564,5.0371800580353364e7,4630.330190834051,4.350659639852243,154.68117271209147,4.381215918842076,1.3143647756526229,4.900787346844332,1.105381664021936,3.5247165078125002,HDC,40.192500229961716,1.149038285679237e-7,0.1042813560706879,0.85,12.738871019396303,NaN,0.4560371376522917,NaN,NaN,NaN,-5.037180058035337e10,NaN,6.956751319551671,NaN,NaN,NaN,NaN,NaN,-1252.546927720096,NaN,NaN,NaN,NaN,NaN,NaN,NaN,NaN,40.192500229961716,NaN,0.4560371376522917,NaN,-0.34099978886907567,0.0,NaN,NaN,NaN,NaN,16.0,6.879913584065496e31,2.314853587686416e-5,11.325469277200959,8.80051114107027,8.80051114107027,NaN,1152.546927720096,13.056494870132022,NaN
/gen01/case41,fail,1,41,30,50,ife_moop_run,9,0.9953889846801758,NaN,NaN,NaN,NaN,NaN,NaN,NaN,NaN,NaN,NaN,NaN,NaN,NaN,NaN,NaN,NaN,NaN,NaN,NaN,NaN,NaN,NaN,NaN,NaN,NaN,NaN,NaN,NaN,NaN,NaN,NaN,NaN,NaN,NaN,NaN,NaN,NaN,NaN,NaN,NaN,NaN,NaN,NaN,NaN,NaN,NaN,NaN,NaN,NaN,NaN,NaN,NaN,NaN,NaN,NaN,NaN,NaN,NaN,NaN,NaN,NaN,NaN,NaN,NaN
/gen01/case42,fail,1,42,30,50,ife_moop_run,2,0.9305069446563721,NaN,NaN,NaN,NaN,NaN,NaN,NaN,NaN,NaN,NaN,NaN,NaN,NaN,NaN,NaN,NaN,NaN,NaN,NaN,NaN,NaN,NaN,NaN,NaN,NaN,NaN,NaN,NaN,NaN,NaN,NaN,NaN,NaN,NaN,NaN,NaN,NaN,NaN,NaN,NaN,NaN,NaN,NaN,NaN,NaN,NaN,NaN,NaN,NaN,NaN,NaN,NaN,NaN,NaN,NaN,NaN,NaN,NaN,NaN,NaN,NaN,NaN,NaN,NaN
/gen01/case43,fail,1,43,30,50,ife_moop_run,3,0.9825351238250732,NaN,NaN,NaN,NaN,NaN,NaN,NaN,NaN,NaN,NaN,NaN,NaN,NaN,NaN,NaN,NaN,NaN,NaN,NaN,NaN,NaN,NaN,NaN,NaN,NaN,NaN,NaN,NaN,NaN,NaN,NaN,NaN,NaN,NaN,NaN,NaN,NaN,NaN,NaN,NaN,NaN,NaN,NaN,NaN,NaN,NaN,NaN,NaN,NaN,NaN,NaN,NaN,NaN,NaN,NaN,NaN,NaN,NaN,NaN,NaN,NaN,NaN,NaN,NaN
/gen01/case44,success,1,44,30,50,ife_moop_run,4,1.478097915649414,6.276905619162097,12.195843293681643,862.7766408078572,119.20439395107479,1916.111706917829,1040.39923449988,4313.883204039286,2.75011421324017e7,3451.106563231429,2.1880603134807606,36.18896133820234,2.5719690176501544,0.7715907052950463,3.125282127220662,1.105381664021936,5.2107101921875,HDC,52.66626538137776,1.5686196534203907e-7,0.13849502333363534,0.85,12.738871019396303,NaN,0.7191120623414406,NaN,NaN,NaN,-2.75011421324017e10,NaN,0.0,NaN,NaN,NaN,NaN,NaN,-1040.39923449988,NaN,NaN,NaN,NaN,NaN,NaN,NaN,NaN,52.66626538137776,NaN,0.7191120623414406,NaN,-0.14320342635669595,0.0,NaN,NaN,NaN,NaN,16.0,3.8389145046378357e31,3.72313431263833e-5,9.203992344998802,18.990948913931156,18.990948913931156,NaN,940.3992344998802,8.259827671221322,NaN
/gen01/case45,success,1,45,30,50,ife_moop_run,5,1.4897711277008057,3.5091452248343376,3.673126059336932,4.78746692404718,39.35913825174055,191.19945418828294,-184.2047136570222,23.937334620235898,1.3675586694686941e6,19.14986769618872,0.5093162797997265,0.6081773047756536,0.7439798066738564,0.22319394200215698,1.0994672817149291,1.105381664021936,6.356009034375001,HDC,29.614567638992174,1.7503698491806363e-8,0.10920833265345178,0.85,43.281664465810096,NaN,Inf,NaN,NaN,NaN,-1.3675586694686942e9,NaN,0.0,NaN,NaN,NaN,NaN,NaN,184.2047136570222,NaN,NaN,NaN,NaN,NaN,NaN,NaN,NaN,29.614567638992174,NaN,Inf,NaN,Inf,2.8420471365702222,NaN,NaN,NaN,NaN,16.0,3.8181460884934354e31,1.2201512970031505e-7,2.642047136570222,11.216161124707698,11.216161124707698,NaN,284.20471365702224,1.5605783741148351,NaN
/gen01/case46,success,1,46,30,50,ife_moop_run,6,1.4513788223266602,3.8718109918698747,21.23707745952471,537.7633309181793,57.64182264149798,1147.7413552684848,177.207897400836,2688.816654590896,2.1013434751109377e7,2151.0533236727174,1.1825881384761099,46.646974911149684,2.655511225596551,0.7966533676789654,3.285147374994086,1.105381664021936,4.510995551562501,HDC,36.38905231402188,1.2795702779855845e-7,0.06032423267535857,0.85,12.738871019396303,NaN,2.958615424737795,NaN,NaN,NaN,-2.1013434751109375e10,NaN,0.0,NaN,NaN,NaN,NaN,NaN,-177.207897400836,NaN,NaN,NaN,NaN,NaN,NaN,NaN,NaN,36.38905231402188,NaN,2.958615424737795,NaN,0.4710885171144187,0.0,NaN,NaN,NaN,NaN,16.0,4.657996009411342e31,1.8191914300499442e-5,0.5720789740083598,14.887561082536239,14.887561082536239,NaN,77.20789740083599,8.594895234294462,NaN
/gen01/case47,success,1,47,30,50,ife_moop_run,8,1.4554650783538818,4.441509162717515,23.11019420736808,769.0654946275024,53.99474959318801,1392.8546134794067,1014.8077806310257,3845.3274731375122,3.1229238166854672e7,3076.2619785100096,3.6843440877020215,71.21669240267464,3.2210278704170037,0.9663083611251012,3.7665220668346877,1.105381664021936,4.1785603234375,HDC,40.55381813094854,1.231322856033924e-7,0.1487266785102015,0.85,12.738871019396303,NaN,0.5688031183413613,NaN,NaN,NaN,-3.122923816685467e10,NaN,0.0,NaN,NaN,NaN,NaN,NaN,-1014.8077806310257,NaN,NaN,NaN,NaN,NaN,NaN,NaN,NaN,40.55381813094854,NaN,0.5688031183413613,NaN,-0.2450380313452141,0.0,NaN,NaN,NaN,NaN,16.0,5.274483130082252e31,2.1244570500258222e-5,8.948077806310257,12.156847507244947,12.156847507244947,NaN,914.8077806310257,10.128636188782576,NaN
/gen01/case48,fail,1,48,30,50,ife_moop_run,7,0.8583800792694092,NaN,NaN,NaN,NaN,NaN,NaN,NaN,NaN,NaN,NaN,NaN,NaN,NaN,NaN,NaN,NaN,NaN,NaN,NaN,NaN,NaN,NaN,NaN,NaN,NaN,NaN,NaN,NaN,NaN,NaN,NaN,NaN,NaN,NaN,NaN,NaN,NaN,NaN,NaN,NaN,NaN,NaN,NaN,NaN,NaN,NaN,NaN,NaN,NaN,NaN,NaN,NaN,NaN,NaN,NaN,NaN,NaN,NaN,NaN,NaN,NaN,NaN,NaN,NaN
/gen01/case49,fail,1,49,30,50,ife_moop_run,9,0.8032679557800293,NaN,NaN,NaN,NaN,NaN,NaN,NaN,NaN,NaN,NaN,NaN,NaN,NaN,NaN,NaN,NaN,NaN,NaN,NaN,NaN,NaN,NaN,NaN,NaN,NaN,NaN,NaN,NaN,NaN,NaN,NaN,NaN,NaN,NaN,NaN,NaN,NaN,NaN,NaN,NaN,NaN,NaN,NaN,NaN,NaN,NaN,NaN,NaN,NaN,NaN,NaN,NaN,NaN,NaN,NaN,NaN,NaN,NaN,NaN,NaN,NaN,NaN,NaN,NaN
/gen01/case50,fail,1,50,30,50,ife_moop_run,2,1.039294958114624,NaN,NaN,NaN,NaN,NaN,NaN,NaN,NaN,NaN,NaN,NaN,NaN,NaN,NaN,NaN,NaN,NaN,NaN,NaN,NaN,NaN,NaN,NaN,NaN,NaN,NaN,NaN,NaN,NaN,NaN,NaN,NaN,NaN,NaN,NaN,NaN,NaN,NaN,NaN,NaN,NaN,NaN,NaN,NaN,NaN,NaN,NaN,NaN,NaN,NaN,NaN,NaN,NaN,NaN,NaN,NaN,NaN,NaN,NaN,NaN,NaN,NaN,NaN,NaN
/gen02/case01,success,2,1,30,50,ife_moop_run,2,1.2687568664550781,6.083883485328431,1.8966626495582684,5.33486570416891,101.72431771141736,314.73139916769554,-247.32028246533918,26.674328520844547,1.4243721048534515e6,21.33946281667564,0.559968788374135,0.2622217491447541,0.5766052990881582,0.17298158972644745,1.017922223446057,1.105381664021936,9.454973653125,HDC,44.70995498022078,1.872707871064982e-8,0.1859501051303862,0.85,45.88600281315135,NaN,Inf,NaN,NaN,NaN,-1.4243721048534515e9,NaN,0.0,NaN,NaN,NaN,NaN,NaN,247.32028246533918,NaN,NaN,NaN,NaN,NaN,NaN,NaN,NaN,44.70995498022078,NaN,Inf,NaN,Inf,3.473202824653392,NaN,NaN,NaN,NaN,16.0,2.347871830713903e31,2.0268940542190617e-7,3.2732028246533917,16.720293535655358,16.720293535655358,NaN,347.3202824653392,1.1200209296992947,NaN
/gen02/case02,success,2,2,30,50,ife_moop_run,3,1.3793449401855469,3.408064143820986,4.193011914735523,10.991110040460756,66.75316774288625,407.70720824404424,-65.7874526244784,54.95555020230377,1.587339785802074e6,43.96444016184302,0.861059779420098,0.8232650533376413,0.840207779396837,0.25206233381905113,1.1669984282936705,1.105381664021936,5.7467988703125,HDC,29.526481127156813,3.462116346723776e-8,0.1455920285231594,0.85,45.53254030011978,NaN,Inf,NaN,NaN,NaN,-1.587339785802074e9,NaN,0.0,NaN,NaN,NaN,NaN,NaN,65.7874526244784,NaN,NaN,NaN,NaN,NaN,NaN,NaN,NaN,29.526481127156813,NaN,Inf,NaN,Inf,1.657874526244784,NaN,NaN,NaN,NaN,16.0,4.416730336238885e31,4.891807240645173e-7,1.457874526244784,19.58682845330641,19.58682845330641,NaN,165.7874526244784,1.7675737319991403,NaN
/gen02/case03,fail,2,3,30,50,ife_moop_run,4,0.8812539577484131,NaN,NaN,NaN,NaN,NaN,NaN,NaN,NaN,NaN,NaN,NaN,NaN,NaN,NaN,NaN,NaN,NaN,NaN,NaN,NaN,NaN,NaN,NaN,NaN,NaN,NaN,NaN,NaN,NaN,NaN,NaN,NaN,NaN,NaN,NaN,NaN,NaN,NaN,NaN,NaN,NaN,NaN,NaN,NaN,NaN,NaN,NaN,NaN,NaN,NaN,NaN,NaN,NaN,NaN,NaN,NaN,NaN,NaN,NaN,NaN,NaN,NaN,NaN,NaN
/gen02/case04,success,2,4,30,50,ife_moop_run,5,1.4690909385681152,3.5671326998275426,35.07120276617165,1269.9459531567707,62.76860434312279,2107.4131260936906,1667.3646275572194,6349.729765783853,3.264397570909564e7,5079.783812627083,4.7890474188699645,101.16092005285374,3.8885766588753796,1.1665729976626138,4.2511722519119575,1.105381664021936,3.3631206984375,HDC,37.66706066133357,1.9451459657882966e-7,0.14767398204969062,0.85,12.738871019396303,NaN,0.33424649637913967,NaN,NaN,NaN,-3.264397570909564e10,NaN,5.071202766171652,NaN,NaN,NaN,NaN,NaN,-1667.3646275572194,NaN,NaN,NaN,NaN,NaN,NaN,NaN,NaN,37.66706066133357,NaN,0.33424649637913967,NaN,-0.47593313638065604,0.0,NaN,NaN,NaN,NaN,16.0,7.8102207485676575e31,5.077759237868047e-5,15.473646275572193,17.59637491090741,17.59637491090741,NaN,1567.3646275572194,11.054242567783465,NaN
/gen02/case05,success,2,5,30,50,ife_moop_run,6,1.3787660598754883,7.249178901501744,3.7855802951172866,55.860830252498836,109.46036772685974,642.1645003125478,-99.15360545409858,279.3041512624942,6.365731628287584e6,223.44332100999534,0.8662468855370027,2.5516463818160338,1.0421378308866687,0.3126413492660006,1.6884641766972268,1.105381664021936,9.078460015625,HDC,52.84768146729001,4.387620584275692e-8,0.15070582277626368,0.85,23.197297669222504,NaN,Inf,NaN,NaN,NaN,-6.365731628287584e9,NaN,0.0,NaN,NaN,NaN,NaN,NaN,99.15360545409858,NaN,NaN,NaN,NaN,NaN,NaN,NaN,NaN,52.84768146729001,NaN,Inf,NaN,Inf,1.991536054540986,NaN,NaN,NaN,NaN,16.0,2.0078701407881644e31,1.9166337493045667e-6,1.791536054540986,15.099691870507414,15.099691870507414,NaN,199.1536054540986,2.9057682911037106,NaN
/gen02/case06,fail,2,6,30,50,ife_moop_run,7,0.8868029117584229,NaN,NaN,NaN,NaN,NaN,NaN,NaN,NaN,NaN,NaN,NaN,NaN,NaN,NaN,NaN,NaN,NaN,NaN,NaN,NaN,NaN,NaN,NaN,NaN,NaN,NaN,NaN,NaN,NaN,NaN,NaN,NaN,NaN,NaN,NaN,NaN,NaN,NaN,NaN,NaN,NaN,NaN,NaN,NaN,NaN,NaN,NaN,NaN,NaN,NaN,NaN,NaN,NaN,NaN,NaN,NaN,NaN,NaN,NaN,NaN,NaN,NaN,NaN,NaN
/gen02/case07,success,2,7,30,50,ife_moop_run,8,1.3199610710144043,7.233626467188478,4.962333006148946,148.23286902062765,141.0808797049712,695.8670356268642,-552.6031512527079,741.1643451031383,9.725025645501632e6,592.9314760825106,0.5573757731180711,5.253471247507554,1.531200614914917,0.45936018447447513,1.9774014996081042,1.105381664021936,6.1122639703125,HDC,54.05576381726395,7.621207101350609e-8,0.11437721090112203,0.85,12.738871019396303,NaN,Inf,NaN,NaN,NaN,-9.725025645501633e9,NaN,0.0,NaN,NaN,NaN,NaN,NaN,552.6031512527079,NaN,NaN,NaN,NaN,NaN,NaN,NaN,NaN,54.05576381726395,NaN,Inf,NaN,Inf,6.52603151252708,NaN,NaN,NaN,NaN,16.0,3.5779350831792095e31,6.569317536919168e-6,6.32603151252708,19.503478697014565,19.503478697014565,NaN,652.6031512527079,3.9076142362835005,NaN
/gen02/case08,success,2,8,30,50,ife_moop_run,9,1.4058549404144287,4.2392212434662575,23.453108137304376,977.215361300133,72.8207590038923,1817.5570816483198,896.6303730718284,4886.076806500665,2.8840017029629365e7,3908.861445200532,1.9736175145335741,67.0973067753867,3.0117177943300963,0.9035153382990289,3.6933863448706883,1.105381664021936,4.437697326562501,HDC,40.64963583897996,1.694200388814215e-7,0.08038261629168397,0.85,12.738871019396303,NaN,0.6591818296500297,NaN,NaN,NaN,-2.8840017029629364e10,NaN,0.0,NaN,NaN,NaN,NaN,NaN,-896.6303730718284,NaN,NaN,NaN,NaN,NaN,NaN,NaN,NaN,40.64963583897996,NaN,0.6591818296500297,NaN,-0.18099477247521092,0.0,NaN,NaN,NaN,NaN,16.0,4.677164407955122e31,3.814372156442321e-5,7.766303730718285,17.177862352932873,17.177862352932873,NaN,796.6303730718284,9.862696265725722,NaN
/gen02/case09,success,2,9,30,50,ife_moop_run,7,1.2331340312957764,1.4471967064410598,95.74680668416468,319.28938433443636,18.543287761581034,646.6742965569003,466.6725251763108,1596.446921672182,1.3756343087541176e7,1277.1575373377455,3.5925996260869812,86.09298103973694,3.6824137132920702,1.1047241139876212,4.325489093163826,1.105381664021936,2.5650116679687502,HDC,20.722834127350065,1.1605169422664732e-7,0.11238235569489421,0.85,12.738871019396303,NaN,0.6715666640317768,NaN,NaN,NaN,-1.3756343087541176e10,NaN,65.74680668416468,NaN,NaN,NaN,NaN,NaN,-466.6725251763108,NaN,NaN,NaN,NaN,NaN,NaN,NaN,NaN,20.722834127350065,NaN,0.6715666640317768,NaN,-0.1729108699883821,0.0,NaN,NaN,NaN,NaN,16.0,1.3265547419858112e32,9.296239667535718e-6,3.4667252517631075,12.813246242926168,12.813246242926168,NaN,366.6725251763108,9.057165688259227,NaN
/gen02/case10,fail,2,10,30,50,ife_moop_run,4,1.1502108573913574,NaN,NaN,NaN,NaN,NaN,NaN,NaN,NaN,NaN,NaN,NaN,NaN,NaN,NaN,NaN,NaN,NaN,NaN,NaN,NaN,NaN,NaN,NaN,NaN,NaN,NaN,NaN,NaN,NaN,NaN,NaN,NaN,NaN,NaN,NaN,NaN,NaN,NaN,NaN,NaN,NaN,NaN,NaN,NaN,NaN,NaN,NaN,NaN,NaN,NaN,NaN,NaN,NaN,NaN,NaN,NaN,NaN,NaN,NaN,NaN,NaN,NaN,NaN,NaN
/gen02/case100,fail,2,100,30,50,ife_moop_run,9,0.6865880489349365,NaN,NaN,NaN,NaN,NaN,NaN,NaN,NaN,NaN,NaN,NaN,NaN,NaN,NaN,NaN,NaN,NaN,NaN,NaN,NaN,NaN,NaN,NaN,NaN,NaN,NaN,NaN,NaN,NaN,NaN,NaN,NaN,NaN,NaN,NaN,NaN,NaN,NaN,NaN,NaN,NaN,NaN,NaN,NaN,NaN,NaN,NaN,NaN,NaN,NaN,NaN,NaN,NaN,NaN,NaN,NaN,NaN,NaN,NaN,NaN,NaN,NaN,NaN,NaN
/gen02/case11,fail,2,11,30,50,ife_moop_run,2,1.002410888671875,NaN,NaN,NaN,NaN,NaN,NaN,NaN,NaN,NaN,NaN,NaN,NaN,NaN,NaN,NaN,NaN,NaN,NaN,NaN,NaN,NaN,NaN,NaN,NaN,NaN,NaN,NaN,NaN,NaN,NaN,NaN,NaN,NaN,NaN,NaN,NaN,NaN,NaN,NaN,NaN,NaN,NaN,NaN,NaN,NaN,NaN,NaN,NaN,NaN,NaN,NaN,NaN,NaN,NaN,NaN,NaN,NaN,NaN,NaN,NaN,NaN,NaN,NaN,NaN
/gen02/case12,success,2,12,30,50,ife_moop_run,9,1.4864370822906494,3.257883381270052,5.5396914071438985,19.696760104977933,62.567725860371525,509.74949498711504,36.72979997024059,98.48380052488969,2.2251685597442877e6,78.78704041991173,1.0776496208449213,1.574035162228364,0.8172903758579125,0.24518711275737376,1.3345699731074407,1.105381664021936,7.639991734375,HDC,28.987808696402723,4.4259029318752936e-8,0.1366048808404765,0.85,41.4177560423524,NaN,11.538044358636938,NaN,NaN,NaN,-2.225168559744288e9,NaN,0.0,NaN,NaN,NaN,NaN,NaN,-36.72979997024059,NaN,NaN,NaN,NaN,NaN,NaN,NaN,NaN,28.987808696402723,NaN,11.538044358636938,NaN,1.062132204294009,0.632702000297594,NaN,NaN,NaN,NaN,16.0,2.5072194081505478e31,8.595542482735419e-7,0.43270200029759404,19.205023181640144,19.205023181640144,NaN,63.27020002975941,2.3045548500594486,NaN
/gen02/case13,success,2,13,30,50,ife_moop_run,6,1.4755802154541016,9.448985590176342,12.673590848118433,1064.9180171961245,63.25119872730985,1661.7126778938828,1134.1469955924683,5324.5900859806225,6.766263883062087e7,4259.672068784498,3.1497740160901815,84.1816470378076,3.7310622765048236,1.1193186829514472,4.089836428166921,1.105381664021936,4.7645019296875,HDC,70.18125774932709,7.86932076254018e-8,0.1234011579614785,0.85,12.738871019396303,NaN,0.8393216786641187,NaN,NaN,NaN,-6.766263883062087e10,NaN,0.0,NaN,NaN,NaN,NaN,NaN,-1134.1469955924683,NaN,NaN,NaN,NaN,NaN,NaN,NaN,NaN,70.18125774932709,NaN,0.8393216786641187,NaN,-0.07607155944067423,0.0,NaN,NaN,NaN,NaN,16.0,4.362030338293473e31,1.619807511960889e-5,10.141469955924684,6.69396710616948,6.69396710616948,NaN,1034.1469955924683,11.755840203169564,NaN
/gen02/case14,success,2,14,30,50,ife_moop_run,3,1.4228949546813965,4.678448217892833,16.52307384570041,359.63175364674424,44.79787999474161,792.1540106801267,461.6273789771249,1798.1587682337208,2.2549170070154887e7,1438.527014586977,2.396642009143533,40.13937196235155,2.5085584063993944,0.7525675219198182,3.1581925056162925,1.105381664021936,5.0040162046875,HDC,39.85290585995773,7.974390022512121e-8,0.1419781263881043,0.85,12.738871019396303,NaN,1.2027869833858122,NaN,NaN,NaN,-2.254917007015489e10,NaN,0.0,NaN,NaN,NaN,NaN,NaN,-461.6273789771249,NaN,NaN,NaN,NaN,NaN,NaN,NaN,NaN,39.85290585995773,NaN,1.2027869833858122,NaN,0.08018871949972747,0.0,NaN,NaN,NaN,NaN,16.0,3.957384244132652e31,7.824873507347737e-6,3.416273789771249,9.575371556622363,9.575371556622363,NaN,361.6273789771249,8.328021503246006,NaN
/gen02/case15,success,2,15,30,50,ife_moop_run,5,1.4416370391845703,3.165036696199623,40.30716559200831,1134.4137638175125,55.39440407704374,1909.5807339870353,1483.4456625587152,5672.068819087562,2.9739074661278777e7,4537.65505527005,4.481163044352345,102.39425648841218,3.8127895308131,1.14383685924393,4.292168064761334,1.105381664021936,3.3341386203125003,HDC,34.78401606713932,1.9072781798664289e-7,0.13473529242980564,0.85,12.738871019396303,NaN,0.3493138365970247,NaN,NaN,NaN,-2.9739074661278774e10,NaN,10.30716559200831,NaN,NaN,NaN,NaN,NaN,-1483.4456625587152,NaN,NaN,NaN,NaN,NaN,NaN,NaN,NaN,34.78401606713932,NaN,0.3493138365970247,NaN,-0.4567842112741173,0.0,NaN,NaN,NaN,NaN,16.0,7.83811837331726e31,4.5115138197392506e-5,13.634456625587152,17.501978458435524,17.501978458435524,NaN,1383.4456625587152,10.897500441998131,NaN
/gen02/case16,success,2,16,30,50,ife_moop_run,8,1.3713219165802002,2.7166009183821234,42.74223056136602,838.8197401047555,49.69770255212913,1539.9855320730721,1073.8125502087837,4194.098700523777,2.294471899752284e7,3355.278960419022,3.303463718370084,84.39220497415317,3.722903434151606,1.1168710302454818,4.03880973760586,1.105381664021936,3.05885188984375,HDC,31.088018509085437,1.8279146068324397e-7,0.11015221334126356,0.85,12.738871019396303,NaN,0.43533136575881,NaN,NaN,NaN,-2.294471899752284e10,NaN,12.742230561366021,NaN,NaN,NaN,NaN,NaN,-1073.8125502087837,NaN,NaN,NaN,NaN,NaN,NaN,NaN,NaN,31.088018509085437,NaN,0.43533136575881,NaN,-0.36118004066427334,0.0,NaN,NaN,NaN,NaN,16.0,9.510226752140575e31,3.486926326002746e-5,9.538125502087837,18.29407559124536,18.29407559124536,NaN,973.8125502087836,9.991839148774421,NaN
/gen02/case17,success,2,17,30,50,ife_moop_run,7,1.393583059310913,5.642299510278359,32.607779582199655,1469.6529889553253,34.71914522989449,1782.7297165402824,1147.5447429911042,7348.264944776627,7.896764513482772e7,5878.611955821301,2.8066308095719723,211.648786170274,4.710443486281687,1.4131330458845062,5.415140444602166,1.105381664021936,3.9383797578125006,HDC,48.64151764375626,9.305412276420744e-8,0.05598191944445972,0.85,12.738871019396303,NaN,0.5902353431026119,NaN,NaN,NaN,-7.896764513482771e10,NaN,2.6077795821996546,NaN,NaN,NaN,NaN,NaN,-1147.5447429911042,NaN,NaN,NaN,NaN,NaN,NaN,NaN,NaN,48.64151764375626,NaN,0.5902353431026119,NaN,-0.2289747886434593,0.0,NaN,NaN,NaN,NaN,16.0,5.436681938741312e31,2.0549031153787177e-5,10.275447429911042,6.153367995911589,6.153367995911589,NaN,1047.5447429911042,15.122469975147645,NaN
/gen02/case18,fail,2,18,30,50,ife_moop_run,4,0.959082841873169,NaN,NaN,NaN,NaN,NaN,NaN,NaN,NaN,NaN,NaN,NaN,NaN,NaN,NaN,NaN,NaN,NaN,NaN,NaN,NaN,NaN,NaN,NaN,NaN,NaN,NaN,NaN,NaN,NaN,NaN,NaN,NaN,NaN,NaN,NaN,NaN,NaN,NaN,NaN,NaN,NaN,NaN,NaN,NaN,NaN,NaN,NaN,NaN,NaN,NaN,NaN,NaN,NaN,NaN,NaN,NaN,NaN,NaN,NaN,NaN,NaN,NaN,NaN,NaN
/gen02/case19,success,2,19,30,50,ife_moop_run,2,1.480078935623169,3.713769184610319,8.362147437004639,54.12463541010015,48.021788310185286,513.8381289898227,252.24728651572764,270.6231770505007,5.393989218273198e6,216.4985416404006,1.9642817926270004,5.63542480555857,1.1326951372772849,0.33980854118318543,1.8271471360983336,1.105381664021936,7.744690078125001,HDC,32.14947986488766,5.0171249162625604e-8,0.19474278861442346,0.85,25.57998851708373,NaN,1.806279379672008,NaN,NaN,NaN,-5.393989218273198e9,NaN,0.0,NaN,NaN,NaN,NaN,NaN,-252.24728651572764,NaN,NaN,NaN,NaN,NaN,NaN,NaN,NaN,32.14947986488766,NaN,1.806279379672008,NaN,0.25678492408715026,0.0,NaN,NaN,NaN,NaN,16.0,2.1838747983521637e31,1.5903110057238246e-6,1.3224728651572764,12.930741228934007,12.930741228934007,NaN,152.24728651572764,3.8799979269836227,NaN
/gen02/case20,success,2,20,30,50,ife_moop_run,9,1.454423189163208,3.7763573067464438,14.794773016036048,146.89941293784355,34.56050603323291,641.7275821987658,-56.06657442043603,734.4970646892177,1.2418367068972168e7,587.5976517513742,0.9196516997332317,21.25249740217737,2.0674894149307517,0.6202468244792255,2.5930776977668297,1.105381664021936,4.8539381515625,HDC,33.13129230105415,5.9146026253676356e-8,0.05061628852296622,0.85,19.605896783656966,NaN,Inf,NaN,NaN,NaN,-1.2418367068972168e10,NaN,0.0,NaN,NaN,NaN,NaN,NaN,56.06657442043603,NaN,NaN,NaN,NaN,NaN,NaN,NaN,NaN,33.13129230105415,NaN,Inf,NaN,Inf,1.5606657442043603,NaN,NaN,NaN,NaN,16.0,4.377372456094117e31,3.0548559332620007e-6,1.3606657442043604,9.151810389205158,9.151810389205158,NaN,156.066574420436,6.462767882892429,NaN
/gen02/case21,success,2,21,30,50,ife_moop_run,6,1.4486441612243652,3.570281105585104,30.809733240863594,1072.3249633206585,66.60257569973822,1919.5790500423714,1431.024926300682,5361.624816603293,2.804748729985581e7,4289.299853282634,3.9291021337429157,80.50176378725794,3.578308325335927,1.0734924976007783,3.928935198883137,1.105381664021936,3.4784014890625,HDC,37.13956563376384,1.9116239395287495e-7,0.14064406233756738,0.85,12.738871019396303,NaN,0.3841584173461964,NaN,NaN,NaN,-2.804748729985581e10,NaN,0.8097332408635936,NaN,NaN,NaN,NaN,NaN,-1431.024926300682,NaN,NaN,NaN,NaN,NaN,NaN,NaN,NaN,37.13956563376384,NaN,0.3841584173461964,NaN,-0.41548964648745795,0.0,NaN,NaN,NaN,NaN,16.0,7.442629222124373e31,4.5454688874903825e-5,13.110249263006821,18.65471477737417,18.65471477737417,NaN,1331.024926300682,10.247403738637214,NaN
/gen02/case22,success,2,22,30,50,ife_moop_run,3,1.5928051471710205,4.725849519069881,4.595607828854368,36.19482948106918,93.2635844002342,511.7765401287743,-184.4133380974022,180.97414740534586,3.5974743194951806e6,144.7793179242767,0.7351105727545633,1.9404588464958399,1.1717984373251076,0.35153953119753223,1.482319117031645,1.105381664021936,5.3497303234375,HDC,37.88653101817734,5.0305890003056716e-8,0.1369127571934763,0.85,25.029834022626872,NaN,Inf,NaN,NaN,NaN,-3.5974743194951806e9,NaN,0.0,NaN,NaN,NaN,NaN,NaN,184.4133380974022,NaN,NaN,NaN,NaN,NaN,NaN,NaN,NaN,37.88653101817734,NaN,Inf,NaN,Inf,2.8441333809740224,NaN,NaN,NaN,NaN,16.0,4.809141276876752e31,1.623089278103489e-6,2.644133380974022,19.73477657802991,19.73477657802991,NaN,284.41333809740223,2.5490985319317296,NaN
/gen02/case23,fail,2,23,30,50,ife_moop_run,5,1.1030521392822266,NaN,NaN,NaN,NaN,NaN,NaN,NaN,NaN,NaN,NaN,NaN,NaN,NaN,NaN,NaN,NaN,NaN,NaN,NaN,NaN,NaN,NaN,NaN,NaN,NaN,NaN,NaN,NaN,NaN,NaN,NaN,NaN,NaN,NaN,NaN,NaN,NaN,NaN,NaN,NaN,NaN,NaN,NaN,NaN,NaN,NaN,NaN,NaN,NaN,NaN,NaN,NaN,NaN,NaN,NaN,NaN,NaN,NaN,NaN,NaN,NaN,NaN,NaN,NaN
/gen02/case24,fail,2,24,30,50,ife_moop_run,8,0.9005031585693359,NaN,NaN,NaN,NaN,NaN,NaN,NaN,NaN,NaN,NaN,NaN,NaN,NaN,NaN,NaN,NaN,NaN,NaN,NaN,NaN,NaN,NaN,NaN,NaN,NaN,NaN,NaN,NaN,NaN,NaN,NaN,NaN,NaN,NaN,NaN,NaN,NaN,NaN,NaN,NaN,NaN,NaN,NaN,NaN,NaN,NaN,NaN,NaN,NaN,NaN,NaN,NaN,NaN,NaN,NaN,NaN,NaN,NaN,NaN,NaN,NaN,NaN,NaN,NaN
/gen02/case25,success,2,25,30,50,ife_moop_run,7,1.4250760078430176,3.0597881713088606,38.83169629175145,370.666012006035,20.573882749409375,654.0574976508291,499.4860496683032,1853.3300600301748,2.6513532920930482e7,1482.66404802414,4.231425054158578,90.08168669977374,3.4595426191913234,1.037862785757397,4.107965725925147,1.105381664021936,3.6029102484375004,HDC,30.031039115869284,6.990128646971475e-8,0.14740753246312382,0.85,12.738871019396303,NaN,0.8472054938059226,NaN,NaN,NaN,-2.6513532920930485e10,NaN,8.831696291751449,NaN,NaN,NaN,NaN,NaN,-499.4860496683032,NaN,NaN,NaN,NaN,NaN,NaN,NaN,NaN,30.031039115869284,NaN,0.8472054938059226,NaN,-0.07201123665663742,0.0,NaN,NaN,NaN,NaN,16.0,6.696773012733962e31,5.663322905459524e-6,3.7948604966830324,6.723956560891159,6.723956560891159,NaN,399.4860496683032,10.395856343909871,NaN
/gen02/case26,success,2,26,30,50,ife_moop_run,4,1.45072603225708,1.8953660866089461,42.02074174602065,232.52632476566825,28.31842867517537,640.0394138994286,81.37468836377585,1162.6316238283414,1.0412207688816844e7,930.105299062673,1.1456592561589656,41.055654505559936,2.866523720326493,0.859957116097948,3.186509337154338,1.105381664021936,3.00571443046875,HDC,22.954670247139337,1.1166043346187353e-7,0.05208803761780621,0.85,14.285497278251233,NaN,4.2275971095434866,NaN,NaN,NaN,-1.0412207688816845e10,NaN,12.020741746020647,NaN,NaN,NaN,NaN,NaN,-81.37468836377585,NaN,NaN,NaN,NaN,NaN,NaN,NaN,NaN,22.954670247139337,NaN,4.2275971095434866,NaN,0.6260935922968626,0.1862531163622415,NaN,NaN,NaN,NaN,16.0,1.0229245509350772e32,7.894267405382467e-6,0.0,14.940875472685429,14.940875472685429,NaN,18.62531163622415,7.473486655183534,NaN
/gen02/case27,fail,2,27,30,50,ife_moop_run,2,1.0229129791259766,NaN,NaN,NaN,NaN,NaN,NaN,NaN,NaN,NaN,NaN,NaN,NaN,NaN,NaN,NaN,NaN,NaN,NaN,NaN,NaN,NaN,NaN,NaN,NaN,NaN,NaN,NaN,NaN,NaN,NaN,NaN,NaN,NaN,NaN,NaN,NaN,NaN,NaN,NaN,NaN,NaN,NaN,NaN,NaN,NaN,NaN,NaN,NaN,NaN,NaN,NaN,NaN,NaN,NaN,NaN,NaN,NaN,NaN,NaN,NaN,NaN,NaN,NaN,NaN
/gen02/case28,fail,2,28,30,50,ife_moop_run,9,0.8993639945983887,NaN,NaN,NaN,NaN,NaN,NaN,NaN,NaN,NaN,NaN,NaN,NaN,NaN,NaN,NaN,NaN,NaN,NaN,NaN,NaN,NaN,NaN,NaN,NaN,NaN,NaN,NaN,NaN,NaN,NaN,NaN,NaN,NaN,NaN,NaN,NaN,NaN,NaN,NaN,NaN,NaN,NaN,NaN,NaN,NaN,NaN,NaN,NaN,NaN,NaN,NaN,NaN,NaN,NaN,NaN,NaN,NaN,NaN,NaN,NaN,NaN,NaN,NaN,NaN
/gen02/case29,fail,2,29,30,50,ife_moop_run,6,0.9158821105957031,NaN,NaN,NaN,NaN,NaN,NaN,NaN,NaN,NaN,NaN,NaN,NaN,NaN,NaN,NaN,NaN,NaN,NaN,NaN,NaN,NaN,NaN,NaN,NaN,NaN,NaN,NaN,NaN,NaN,NaN,NaN,NaN,NaN,NaN,NaN,NaN,NaN,NaN,NaN,NaN,NaN,NaN,NaN,NaN,NaN,NaN,NaN,NaN,NaN,NaN,NaN,NaN,NaN,NaN,NaN,NaN,NaN,NaN,NaN,NaN,NaN,NaN,NaN,NaN
/gen02/case30,success,2,30,30,50,ife_moop_run,5,1.427541971206665,6.524778671298299,7.774992133127892,303.0709650610869,111.56365518026183,977.4403194137848,-1220.5043740560773,1515.3548253054341,1.5581521787315484e7,1212.2838602443476,0.44470651255137567,13.582871795092773,1.7118587181004936,0.5135576154301481,2.4320305429714675,1.105381664021936,7.056771596875,HDC,50.98862811953106,9.725332647155463e-8,0.05110695452523249,0.85,12.738871019396303,NaN,Inf,NaN,NaN,NaN,-1.5581521787315483e10,NaN,0.0,NaN,NaN,NaN,NaN,NaN,1220.5043740560773,NaN,NaN,NaN,NaN,NaN,NaN,NaN,NaN,50.98862811953106,NaN,Inf,NaN,Inf,13.205043740560772,NaN,NaN,NaN,NaN,16.0,2.488683281787277e31,1.1775109164037459e-5,13.005043740560772,17.098458170085777,17.098458170085777,NaN,1320.5043740560773,5.68784188048616,NaN
/gen02/case31,success,2,31,30,50,ife_moop_run,3,1.3951821327209473,9.881947984529987,2.415330093380441,40.36410603859643,157.1693899837191,641.8952348333493,-259.2730492046578,201.82053019298215,5.729201142947552e6,161.45642415438573,0.7122923056691564,1.2840956512835506,0.9135441754190342,0.2740632526257103,1.5421954054542553,1.105381664021936,10.253358740625,HDC,67.91477303483214,3.522664419653275e-8,0.17735840112393172,0.85,24.45975992252597,NaN,Inf,NaN,NaN,NaN,-5.729201142947552e9,NaN,0.0,NaN,NaN,NaN,NaN,NaN,259.2730492046578,NaN,NaN,NaN,NaN,NaN,NaN,NaN,NaN,67.91477303483214,NaN,Inf,NaN,Inf,3.592730492046578,NaN,NaN,NaN,NaN,16.0,1.875240184307402e31,1.4587618679228176e-6,3.392730492046578,15.904697153816734,15.904697153816734,NaN,359.2730492046578,2.2148579036652216,NaN
/gen02/case32,success,2,32,30,50,ife_moop_run,8,1.44486403465271,6.693384436116724,9.810146914027898,347.30633008138403,69.94211347547152,884.3876730448721,-102.90342300463486,1736.5316504069203,2.306886728010728e7,1389.2253203255361,0.8957719527539679,24.828126633832944,2.3796603096600903,0.7138980928980272,2.8411625522018444,1.105381664021936,5.2356882703125,HDC,51.63524588548535,7.527598253184994e-8,0.07193536355485683,0.85,12.738871019396303,NaN,Inf,NaN,NaN,NaN,-2.306886728010728e10,NaN,0.0,NaN,NaN,NaN,NaN,NaN,102.90342300463486,NaN,NaN,NaN,NaN,NaN,NaN,NaN,NaN,51.63524588548535,NaN,Inf,NaN,Inf,2.0290342300463484,NaN,NaN,NaN,NaN,16.0,3.9929413192447085e31,8.246493875673917e-6,1.8290342300463485,10.449439165345412,10.449439165345412,NaN,202.90342300463485,7.203829922422603,NaN
/gen02/case33,fail,2,33,30,50,ife_moop_run,7,0.934539794921875,NaN,NaN,NaN,NaN,NaN,NaN,NaN,NaN,NaN,NaN,NaN,NaN,NaN,NaN,NaN,NaN,NaN,NaN,NaN,NaN,NaN,NaN,NaN,NaN,NaN,NaN,NaN,NaN,NaN,NaN,NaN,NaN,NaN,NaN,NaN,NaN,NaN,NaN,NaN,NaN,NaN,NaN,NaN,NaN,NaN,NaN,NaN,NaN,NaN,NaN,NaN,NaN,NaN,NaN,NaN,NaN,NaN,NaN,NaN,NaN,NaN,NaN,NaN,NaN
/gen02/case34,fail,2,34,30,50,ife_moop_run,4,0.8992760181427002,NaN,NaN,NaN,NaN,NaN,NaN,NaN,NaN,NaN,NaN,NaN,NaN,NaN,NaN,NaN,NaN,NaN,NaN,NaN,NaN,NaN,NaN,NaN,NaN,NaN,NaN,NaN,NaN,NaN,NaN,NaN,NaN,NaN,NaN,NaN,NaN,NaN,NaN,NaN,NaN,NaN,NaN,NaN,NaN,NaN,NaN,NaN,NaN,NaN,NaN,NaN,NaN,NaN,NaN,NaN,NaN,NaN,NaN,NaN,NaN,NaN,NaN,NaN,NaN
/gen02/case35,success,2,35,30,50,ife_moop_run,2,1.5711119174957275,7.1217419944387235,3.986924059752642,36.09953504756038,63.48913205536669,521.4943391745292,-77.51417281998295,180.49767523780193,6.669278050455349e6,144.39814019024152,0.8705958742357686,2.8429696452677304,1.0735595960924595,0.3220678788277379,1.7231992026328036,1.105381664021936,8.907382859375,HDC,51.47613980346715,2.7064050092420175e-8,0.10871268269453459,0.85,30.45545784608972,NaN,Inf,NaN,NaN,NaN,-6.669278050455349e9,NaN,0.0,NaN,NaN,NaN,NaN,NaN,77.51417281998295,NaN,NaN,NaN,NaN,NaN,NaN,NaN,NaN,51.47613980346715,NaN,Inf,NaN,Inf,1.7751417281998294,NaN,NaN,NaN,NaN,16.0,2.0390191133793437e31,7.312711199240749e-7,1.5751417281998294,8.914831807294414,8.914831807294414,NaN,177.51417281998295,3.0358452831690514,NaN
/gen02/case36,success,2,36,30,50,ife_moop_run,9,1.4470341205596924,1.5411566243369477,60.79005940781088,294.2005475986156,29.570456936055308,700.7489780185277,458.6510746691368,1471.002737993078,9.954691067310357e6,1176.8021903944623,2.894485942768453,49.745688447562735,2.9293637828469103,0.8788091348540733,3.472372402943632,1.105381664021936,2.9194407429687503,HDC,21.468571432452467,1.4776980300509978e-7,0.13021017147199745,0.85,12.738871019396303,NaN,0.7254002978996247,NaN,NaN,NaN,-9.954691067310358e9,NaN,30.79005940781088,NaN,NaN,NaN,NaN,NaN,-458.6510746691368,NaN,NaN,NaN,NaN,NaN,NaN,NaN,NaN,21.468571432452467,NaN,0.7254002978996247,NaN,-0.1394222704041417,0.0,NaN,NaN,NaN,NaN,16.0,1.0455660176679094e32,1.2826802117320719e-5,3.3865107466913673,19.187184786476465,19.187184786476465,NaN,358.6510746691368,7.701484331836481,NaN
/gen02/case37,fail,2,37,30,50,ife_moop_run,6,1.0168569087982178,NaN,NaN,NaN,NaN,NaN,NaN,NaN,NaN,NaN,NaN,NaN,NaN,NaN,NaN,NaN,NaN,NaN,NaN,NaN,NaN,NaN,NaN,NaN,NaN,NaN,NaN,NaN,NaN,NaN,NaN,NaN,NaN,NaN,NaN,NaN,NaN,NaN,NaN,NaN,NaN,NaN,NaN,NaN,NaN,NaN,NaN,NaN,NaN,NaN,NaN,NaN,NaN,NaN,NaN,NaN,NaN,NaN,NaN,NaN,NaN,NaN,NaN,NaN,NaN
/gen02/case38,fail,2,38,30,50,ife_moop_run,5,0.9513158798217773,NaN,NaN,NaN,NaN,NaN,NaN,NaN,NaN,NaN,NaN,NaN,NaN,NaN,NaN,NaN,NaN,NaN,NaN,NaN,NaN,NaN,NaN,NaN,NaN,NaN,NaN,NaN,NaN,NaN,NaN,NaN,NaN,NaN,NaN,NaN,NaN,NaN,NaN,NaN,NaN,NaN,NaN,NaN,NaN,NaN,NaN,NaN,NaN,NaN,NaN,NaN,NaN,NaN,NaN,NaN,NaN,NaN,NaN,NaN,NaN,NaN,NaN,NaN,NaN
/gen02/case39,success,2,39,30,50,ife_moop_run,3,1.4297759532928467,1.3134224483682808,63.03409287982761,114.94243195087157,14.921927690539109,605.9866376854866,505.35918801262306,574.7121597543578,7.314224675150821e6,459.76972780348626,6.0220808502603305,38.51460559742159,2.729347717967267,0.8188043153901802,3.202545694772449,1.105381664021936,2.79013187578125,HDC,18.63262996899543,7.857458381157906e-8,0.17426570273373526,0.85,25.321053278965007,NaN,0.5594229392679676,NaN,NaN,NaN,-7.314224675150821e9,NaN,33.03409287982761,NaN,NaN,NaN,NaN,NaN,-505.35918801262306,NaN,NaN,NaN,NaN,NaN,NaN,NaN,NaN,18.63262996899543,NaN,0.5594229392679676,NaN,-0.2522597292529449,0.0,NaN,NaN,NaN,NaN,16.0,1.1689028038217966e32,2.9673210535824728e-6,3.8535918801262303,11.361102978769122,11.361102978769122,NaN,405.35918801262306,6.916105237177591,NaN
/gen02/case40,fail,2,40,30,50,ife_moop_run,8,0.89811110496521,NaN,NaN,NaN,NaN,NaN,NaN,NaN,NaN,NaN,NaN,NaN,NaN,NaN,NaN,NaN,NaN,NaN,NaN,NaN,NaN,NaN,NaN,NaN,NaN,NaN,NaN,NaN,NaN,NaN,NaN,NaN,NaN,NaN,NaN,NaN,NaN,NaN,NaN,NaN,NaN,NaN,NaN,NaN,NaN,NaN,NaN,NaN,NaN,NaN,NaN,NaN,NaN,NaN,NaN,NaN,NaN,NaN,NaN,NaN,NaN,NaN,NaN,NaN,NaN
/gen02/case41,success,2,41,30,50,ife_moop_run,4,1.507194995880127,4.981846702293341,39.06105128338233,1431.5766053324783,31.152058554227324,1724.0221501056037,1496.6030633681908,7157.883026662392,7.51489682318668e7,5726.306421329913,7.580815554396396,229.77239254357622,4.835700858726214,1.4507102576178639,5.601261465418979,1.105381664021936,3.7450710171875,HDC,44.69856885026829,9.524925218636737e-8,0.14665376371162303,0.85,12.738871019396303,NaN,0.4185804126366408,NaN,NaN,NaN,-7.51489682318668e10,NaN,9.061051283382326,NaN,NaN,NaN,NaN,NaN,-1496.6030633681908,NaN,NaN,NaN,NaN,NaN,NaN,NaN,NaN,44.69856885026829,NaN,0.4185804126366408,NaN,-0.37822109822106115,0.0,NaN,NaN,NaN,NaN,16.0,5.900012547569733e31,2.0341109765431998e-5,13.766030633681908,6.253114641180509,6.253114641180509,NaN,1396.6030633681908,15.23228945125905,NaN
/gen02/case42,success,2,42,30,50,ife_moop_run,7,1.2713520526885986,3.990863760143749,2.9631882355253834,3.954957279570145,46.20528936749224,182.99368040650887,-268.82705593338676,19.77478639785073,1.2613272701835413e6,15.81982911828058,0.4050139041623057,0.4279766812100801,0.693741349905771,0.20812240497173126,1.0441745164042537,1.105381664021936,6.637308803125001,HDC,32.35969942701563,1.5677760138313042e-8,0.1057763185755434,0.85,43.51019467252151,NaN,Inf,NaN,NaN,NaN,-1.2613272701835413e9,NaN,0.0,NaN,NaN,NaN,NaN,NaN,268.82705593338676,NaN,NaN,NaN,NaN,NaN,NaN,NaN,NaN,32.35969942701563,NaN,Inf,NaN,Inf,3.6882705593338674,NaN,NaN,NaN,NaN,16.0,3.7335523246192585e31,1.0404716441644281e-7,3.488270559333867,11.57776665516338,11.57776665516338,NaN,368.82705593338676,1.3541264567913165,NaN
/gen02/case43,fail,2,43,30,50,ife_moop_run,2,1.0020577907562256,NaN,NaN,NaN,NaN,NaN,NaN,NaN,NaN,NaN,NaN,NaN,NaN,NaN,NaN,NaN,NaN,NaN,NaN,NaN,NaN,NaN,NaN,NaN,NaN,NaN,NaN,NaN,NaN,NaN,NaN,NaN,NaN,NaN,NaN,NaN,NaN,NaN,NaN,NaN,NaN,NaN,NaN,NaN,NaN,NaN,NaN,NaN,NaN,NaN,NaN,NaN,NaN,NaN,NaN,NaN,NaN,NaN,NaN,NaN,NaN,NaN,NaN,NaN,NaN
/gen02/case44,fail,2,44,30,50,ife_moop_run,9,0.9491579532623291,NaN,NaN,NaN,NaN,NaN,NaN,NaN,NaN,NaN,NaN,NaN,NaN,NaN,NaN,NaN,NaN,NaN,NaN,NaN,NaN,NaN,NaN,NaN,NaN,NaN,NaN,NaN,NaN,NaN,NaN,NaN,NaN,NaN,NaN,NaN,NaN,NaN,NaN,NaN,NaN,NaN,NaN,NaN,NaN,NaN,NaN,NaN,NaN,NaN,NaN,NaN,NaN,NaN,NaN,NaN,NaN,NaN,NaN,NaN,NaN,NaN,NaN,NaN,NaN
/gen02/case45,success,2,45,30,50,ife_moop_run,6,1.2879531383514404,2.365264649894249,70.6632300607209,588.9316912847135,20.489903365696705,932.8385843601044,785.6747819868183,2944.6584564235673,2.935100010173866e7,2355.726765138854,6.338777398493192,143.71265710083264,4.506419924857142,1.3519259774571426,4.9807162200668165,1.105381664021936,2.73512223359375,HDC,27.084711905156,1.0032565998489214e-7,0.15503415456998293,0.85,12.738871019396303,NaN,0.5012548863164196,NaN,NaN,NaN,-2.935100010173866e10,NaN,40.663230060720906,NaN,NaN,NaN,NaN,NaN,-785.6747819868183,NaN,NaN,NaN,NaN,NaN,NaN,NaN,NaN,27.084711905156,NaN,0.5012548863164196,NaN,-0.2999413807759218,0.0,NaN,NaN,NaN,NaN,16.0,1.1427304062861966e32,1.1592810959148182e-5,6.656747819868183,8.662837525015567,8.662837525015567,NaN,685.6747819868183,11.581154523005077,NaN
/gen02/case46,fail,2,46,30,50,ife_moop_run,5,0.7117919921875,NaN,NaN,NaN,NaN,NaN,NaN,NaN,NaN,NaN,NaN,NaN,NaN,NaN,NaN,NaN,NaN,NaN,NaN,NaN,NaN,NaN,NaN,NaN,NaN,NaN,NaN,NaN,NaN,NaN,NaN,NaN,NaN,NaN,NaN,NaN,NaN,NaN,NaN,NaN,NaN,NaN,NaN,NaN,NaN,NaN,NaN,NaN,NaN,NaN,NaN,NaN,NaN,NaN,NaN,NaN,NaN,NaN,NaN,NaN,NaN,NaN,NaN,NaN,NaN
/gen02/case47,fail,2,47,30,50,ife_moop_run,3,0.9365241527557373,NaN,NaN,NaN,NaN,NaN,NaN,NaN,NaN,NaN,NaN,NaN,NaN,NaN,NaN,NaN,NaN,NaN,NaN,NaN,NaN,NaN,NaN,NaN,NaN,NaN,NaN,NaN,NaN,NaN,NaN,NaN,NaN,NaN,NaN,NaN,NaN,NaN,NaN,NaN,NaN,NaN,NaN,NaN,NaN,NaN,NaN,NaN,NaN,NaN,NaN,NaN,NaN,NaN,NaN,NaN,NaN,NaN,NaN,NaN,NaN,NaN,NaN,NaN,NaN
/gen02/case48,fail,2,48,30,50,ife_moop_run,8,0.9286789894104004,NaN,NaN,NaN,NaN,NaN,NaN,NaN,NaN,NaN,NaN,NaN,NaN,NaN,NaN,NaN,NaN,NaN,NaN,NaN,NaN,NaN,NaN,NaN,NaN,NaN,NaN,NaN,NaN,NaN,NaN,NaN,NaN,NaN,NaN,NaN,NaN,NaN,NaN,NaN,NaN,NaN,NaN,NaN,NaN,NaN,NaN,NaN,NaN,NaN,NaN,NaN,NaN,NaN,NaN,NaN,NaN,NaN,NaN,NaN,NaN,NaN,NaN,NaN,NaN
/gen02/case49,fail,2,49,30,50,ife_moop_run,4,0.9493629932403564,NaN,NaN,NaN,NaN,NaN,NaN,NaN,NaN,NaN,NaN,NaN,NaN,NaN,NaN,NaN,NaN,NaN,NaN,NaN,NaN,NaN,NaN,NaN,NaN,NaN,NaN,NaN,NaN,NaN,NaN,NaN,NaN,NaN,NaN,NaN,NaN,NaN,NaN,NaN,NaN,NaN,NaN,NaN,NaN,NaN,NaN,NaN,NaN,NaN,NaN,NaN,NaN,NaN,NaN,NaN,NaN,NaN,NaN,NaN,NaN,NaN,NaN,NaN,NaN
/gen02/case50,fail,2,50,30,50,ife_moop_run,7,0.9151937961578369,NaN,NaN,NaN,NaN,NaN,NaN,NaN,NaN,NaN,NaN,NaN,NaN,NaN,NaN,NaN,NaN,NaN,NaN,NaN,NaN,NaN,NaN,NaN,NaN,NaN,NaN,NaN,NaN,NaN,NaN,NaN,NaN,NaN,NaN,NaN,NaN,NaN,NaN,NaN,NaN,NaN,NaN,NaN,NaN,NaN,NaN,NaN,NaN,NaN,NaN,NaN,NaN,NaN,NaN,NaN,NaN,NaN,NaN,NaN,NaN,NaN,NaN,NaN,NaN
/gen02/case51,success,2,51,30,50,ife_moop_run,2,1.4580910205841064,1.9146234878519068,18.843866526147416,36.40258753867412,18.89371160876664,497.83021269647213,152.7667368994547,182.01293769337062,4.068647470846239e6,145.61035015469648,1.4427206807286648,9.633519419705603,1.451199561922061,0.4353598685766183,1.9873438764532176,1.105381664021936,4.7228040234375,HDC,21.243999189263857,4.473548986428006e-8,0.057242660864378424,0.85,43.05313693742201,NaN,2.0374735748921244,NaN,NaN,NaN,-4.068647470846239e9,NaN,0.0,NaN,NaN,NaN,NaN,NaN,-152.7667368994547,NaN,NaN,NaN,NaN,NaN,NaN,NaN,NaN,21.243999189263857,NaN,2.0374735748921244,NaN,0.30909198484614686,0.0,NaN,NaN,NaN,NaN,16.0,4.613122378131284e31,8.162624427162105e-7,0.3276673689945471,9.868108131256792,9.868108131256792,NaN,52.76673689945471,4.533340055585973,NaN
/gen02/case52,success,2,52,30,50,ife_moop_run,9,1.475883960723877,3.8913148810670672,13.233175796802357,124.46386115936001,35.205352411666084,639.7579580634149,328.62157487553355,622.3193057968,1.136616284409953e7,497.85544463744003,2.056197836808734,17.676837843287164,1.8164862456247088,0.5449458736874127,2.4677232187451317,1.105381664021936,5.6191995234375005,HDC,33.75072892583366,5.4751925899061184e-8,0.11888222592807968,0.85,21.60215182139673,NaN,1.4402102346949428,NaN,NaN,NaN,-1.136616284409953e10,NaN,0.0,NaN,NaN,NaN,NaN,NaN,-328.62157487553355,NaN,NaN,NaN,NaN,NaN,NaN,NaN,NaN,33.75072892583366,NaN,1.4402102346949428,NaN,0.1584258928616108,0.0,NaN,NaN,NaN,NaN,16.0,3.3984181658736954e31,2.5586993026368247e-6,2.0862157487553357,9.047161046502655,9.047161046502655,NaN,228.62157487553358,6.0518350030064445,NaN
/gen02/case53,success,2,53,30,50,ife_moop_run,6,1.4556889533996582,1.7066774700544016,89.50021695620045,490.36022496378206,22.71094758493893,899.131103779846,718.3263531241986,2451.80112481891,1.8416868780024044e7,1961.4408998551282,4.972939596550151,107.956795534364,4.264998380533654,1.2794995141600964,4.629069798408875,1.105381664021936,2.4152010695312502,HDC,23.171959661629312,1.3312801183001692e-7,0.13697404625098042,0.85,12.738871019396303,NaN,0.4875761551804945,NaN,NaN,NaN,-1.8416868780024044e10,NaN,59.50021695620045,NaN,NaN,NaN,NaN,NaN,-718.3263531241986,NaN,NaN,NaN,NaN,NaN,NaN,NaN,NaN,23.171959661629312,NaN,0.4875761551804945,NaN,-0.31195754162369305,0.0,NaN,NaN,NaN,NaN,16.0,1.5243929175772818e32,1.48273211817396e-5,5.9832635312419855,13.307111615069836,13.307111615069838,NaN,618.3263531241986,10.00427558443668,NaN
/gen02/case54,fail,2,54,30,50,ife_moop_run,5,0.9408059120178223,NaN,NaN,NaN,NaN,NaN,NaN,NaN,NaN,NaN,NaN,NaN,NaN,NaN,NaN,NaN,NaN,NaN,NaN,NaN,NaN,NaN,NaN,NaN,NaN,NaN,NaN,NaN,NaN,NaN,NaN,NaN,NaN,NaN,NaN,NaN,NaN,NaN,NaN,NaN,NaN,NaN,NaN,NaN,NaN,NaN,NaN,NaN,NaN,NaN,NaN,NaN,NaN,NaN,NaN,NaN,NaN,NaN,NaN,NaN,NaN,NaN,NaN,NaN,NaN
/gen02/case55,fail,2,55,30,50,ife_moop_run,3,0.9474179744720459,NaN,NaN,NaN,NaN,NaN,NaN,NaN,NaN,NaN,NaN,NaN,NaN,NaN,NaN,NaN,NaN,NaN,NaN,NaN,NaN,NaN,NaN,NaN,NaN,NaN,NaN,NaN,NaN,NaN,NaN,NaN,NaN,NaN,NaN,NaN,NaN,NaN,NaN,NaN,NaN,NaN,NaN,NaN,NaN,NaN,NaN,NaN,NaN,NaN,NaN,NaN,NaN,NaN,NaN,NaN,NaN,NaN,NaN,NaN,NaN,NaN,NaN,NaN,NaN
/gen02/case56,fail,2,56,30,50,ife_moop_run,8,0.9408209323883057,NaN,NaN,NaN,NaN,NaN,NaN,NaN,NaN,NaN,NaN,NaN,NaN,NaN,NaN,NaN,NaN,NaN,NaN,NaN,NaN,NaN,NaN,NaN,NaN,NaN,NaN,NaN,NaN,NaN,NaN,NaN,NaN,NaN,NaN,NaN,NaN,NaN,NaN,NaN,NaN,NaN,NaN,NaN,NaN,NaN,NaN,NaN,NaN,NaN,NaN,NaN,NaN,NaN,NaN,NaN,NaN,NaN,NaN,NaN,NaN,NaN,NaN,NaN,NaN
/gen02/case57,fail,2,57,30,50,ife_moop_run,4,0.9182419776916504,NaN,NaN,NaN,NaN,NaN,NaN,NaN,NaN,NaN,NaN,NaN,NaN,NaN,NaN,NaN,NaN,NaN,NaN,NaN,NaN,NaN,NaN,NaN,NaN,NaN,NaN,NaN,NaN,NaN,NaN,NaN,NaN,NaN,NaN,NaN,NaN,NaN,NaN,NaN,NaN,NaN,NaN,NaN,NaN,NaN,NaN,NaN,NaN,NaN,NaN,NaN,NaN,NaN,NaN,NaN,NaN,NaN,NaN,NaN,NaN,NaN,NaN,NaN,NaN
/gen02/case58,fail,2,58,30,50,ife_moop_run,7,0.9393908977508545,NaN,NaN,NaN,NaN,NaN,NaN,NaN,NaN,NaN,NaN,NaN,NaN,NaN,NaN,NaN,NaN,NaN,NaN,NaN,NaN,NaN,NaN,NaN,NaN,NaN,NaN,NaN,NaN,NaN,NaN,NaN,NaN,NaN,NaN,NaN,NaN,NaN,NaN,NaN,NaN,NaN,NaN,NaN,NaN,NaN,NaN,NaN,NaN,NaN,NaN,NaN,NaN,NaN,NaN,NaN,NaN,NaN,NaN,NaN,NaN,NaN,NaN,NaN,NaN
/gen02/case59,fail,2,59,30,50,ife_moop_run,2,0.9362540245056152,NaN,NaN,NaN,NaN,NaN,NaN,NaN,NaN,NaN,NaN,NaN,NaN,NaN,NaN,NaN,NaN,NaN,NaN,NaN,NaN,NaN,NaN,NaN,NaN,NaN,NaN,NaN,NaN,NaN,NaN,NaN,NaN,NaN,NaN,NaN,NaN,NaN,NaN,NaN,NaN,NaN,NaN,NaN,NaN,NaN,NaN,NaN,NaN,NaN,NaN,NaN,NaN,NaN,NaN,NaN,NaN,NaN,NaN,NaN,NaN,NaN,NaN,NaN,NaN
/gen02/case60,success,2,60,30,50,ife_moop_run,9,1.381382942199707,1.0026844705944231,99.47797810490242,91.07633427051276,10.310921826927935,518.8386390858827,300.21885533969765,455.38167135256384,6.416454022206805e6,364.30533708205104,2.3732465113415726,44.1649814629854,2.9842742584881337,0.89528227754644,3.4896115086979536,1.105381664021936,2.40087425703125,HDC,16.50276300329179,7.097092409242337e-8,0.05063811402422784,0.85,27.30307308453287,NaN,0.8402152670687987,NaN,NaN,NaN,-6.416454022206805e9,NaN,69.47797810490242,NaN,NaN,NaN,NaN,NaN,-300.21885533969765,NaN,NaN,NaN,NaN,NaN,NaN,NaN,NaN,16.50276300329179,NaN,0.8402152670687987,NaN,-0.07560943141086292,0.0,NaN,NaN,NaN,NaN,16.0,1.5955336340733111e32,2.128150844845353e-6,1.8021885533969766,10.283316565993381,10.283316565993381,NaN,200.21885533969765,6.901559787347409,NaN
/gen02/case61,success,2,61,30,50,ife_moop_run,6,1.4029450416564941,3.7307523795229995,7.567016409205247,44.92857894810453,50.387233514199046,521.0598624765263,106.85269833540804,224.64289474052262,4.704713930842422e6,179.71431579241812,1.2579692182702178,4.4583296020254535,1.1206601537709615,0.33619804613128845,1.728166643869828,1.105381664021936,7.160931903125,HDC,32.11346181261643,4.774847058560653e-8,0.12621825969131995,0.85,28.47330116675149,NaN,4.26854962775092,NaN,NaN,NaN,-4.704713930842422e9,NaN,0.0,NaN,NaN,NaN,NaN,NaN,-106.85269833540804,NaN,NaN,NaN,NaN,NaN,NaN,NaN,NaN,32.11346181261643,NaN,4.26854962775092,NaN,0.6302803350567623,0.0,NaN,NaN,NaN,NaN,16.0,2.549243566746203e31,1.3788290728271908e-6,0.0,13.505917409785685,13.505917409785686,NaN,6.852698335408032,3.535374098394121,NaN
/gen02/case62,success,2,62,30,50,ife_moop_run,5,1.4489309787750244,3.8995665257025736,4.296823741404805,8.497490512864314,37.53664860799685,276.69956139009514,49.415259700080426,42.487452564321565,2.178614145303614e6,33.989962051457255,1.2174160702373373,1.1318925407546903,0.9321970292880443,0.27965910878641326,1.2778564951436373,1.105381664021936,5.8120671984375,HDC,32.10905722471362,1.950205485258174e-8,0.17682253614216487,0.85,45.81381974494868,NaN,8.995916562253727,NaN,NaN,NaN,-2.178614145303614e9,NaN,0.0,NaN,NaN,NaN,NaN,NaN,-49.415259700080426,NaN,NaN,NaN,NaN,NaN,NaN,NaN,NaN,32.10905722471362,NaN,8.995916562253727,NaN,0.954045418671016,0.5058474029991957,NaN,NaN,NaN,NaN,16.0,4.259566432784135e31,1.858632424958444e-7,0.3058474029991957,9.625851581345694,9.625851581345694,NaN,50.584740299919574,2.026008264076658,NaN
/gen02/case63,success,2,63,30,50,ife_moop_run,3,1.4721620082855225,7.291883725831242,11.020035574571907,979.9982636121858,128.71164226894143,2106.1345589910175,959.5834154170683,4899.991318060929,3.252254995992357e7,3919.9930544487434,1.8369303199383864,38.069526825106124,2.674474738585993,0.8023424215757977,3.21021601678717,1.105381664021936,5.3171133640625,HDC,59.03185685616834,1.50664425886009e-7,0.11374796711566384,0.85,12.738871019396303,NaN,0.8647792940124539,NaN,NaN,NaN,-3.252254995992357e10,NaN,0.0,NaN,NaN,NaN,NaN,NaN,-959.5834154170683,NaN,NaN,NaN,NaN,NaN,NaN,NaN,NaN,59.03185685616834,NaN,0.8647792940124539,NaN,-0.06309471753276345,0.0,NaN,NaN,NaN,NaN,16.0,3.741595020926073e31,3.9306743329686614e-5,8.395834154170684,17.651356920706917,17.651356920706917,NaN,859.5834154170683,8.535571886219332,NaN
/gen02/case64,fail,2,64,30,50,ife_moop_run,8,0.9452011585235596,NaN,NaN,NaN,NaN,NaN,NaN,NaN,NaN,NaN,NaN,NaN,NaN,NaN,NaN,NaN,NaN,NaN,NaN,NaN,NaN,NaN,NaN,NaN,NaN,NaN,NaN,NaN,NaN,NaN,NaN,NaN,NaN,NaN,NaN,NaN,NaN,NaN,NaN,NaN,NaN,NaN,NaN,NaN,NaN,NaN,NaN,NaN,NaN,NaN,NaN,NaN,NaN,NaN,NaN,NaN,NaN,NaN,NaN,NaN,NaN,NaN,NaN,NaN,NaN
/gen02/case65,success,2,65,30,50,ife_moop_run,4,1.4648160934448242,4.682593536597186,18.262855665421185,688.0364456370564,69.65467508773938,1407.0475358646022,905.8203665855104,3440.182228185282,2.57822925701385e7,2752.1457825482257,2.8072052396687512,49.38910739088097,2.8469157840602213,0.8540747352180665,3.361771288465205,1.105381664021936,4.463394873437501,HDC,41.97452975674987,1.334319754081823e-7,0.14325541534631517,0.85,12.738871019396303,NaN,0.6616629799821245,NaN,NaN,NaN,-2.57822925701385e10,NaN,0.0,NaN,NaN,NaN,NaN,NaN,-905.8203665855104,NaN,NaN,NaN,NaN,NaN,NaN,NaN,NaN,41.97452975674987,NaN,0.6616629799821245,NaN,-0.17936316343596492,0.0,NaN,NaN,NaN,NaN,16.0,4.837731651265857e31,2.3256208531650507e-5,7.858203665855105,14.87523410762597,14.87523410762597,NaN,805.8203665855104,8.97007566017242,NaN
/gen02/case66,success,2,66,30,50,ife_moop_run,7,1.3948440551757812,3.7087937758291885,29.70654163596642,705.3447043540793,43.53666740309573,1253.1741745184916,603.0698650139234,3526.7235217703965,2.909815892445992e7,2821.3788174163174,1.9276509264698019,81.0058218080244,3.310822303020613,0.993246690906184,3.9340941769470628,1.105381664021936,3.9455212671875,HDC,35.85781224054,1.212009162134939e-7,0.06855042038221688,0.85,12.738871019396303,NaN,0.8535401603205197,NaN,NaN,NaN,-2.909815892445992e10,NaN,0.0,NaN,NaN,NaN,NaN,NaN,-603.0698650139234,NaN,NaN,NaN,NaN,NaN,NaN,NaN,NaN,35.85781224054,NaN,0.8535401603205197,NaN,-0.06877603987406909,0.0,NaN,NaN,NaN,NaN,16.0,5.726256128849605e31,1.881427842173178e-5,4.830698650139234,11.738767382223099,11.738767382223099,NaN,503.0698650139234,10.324841805540638,NaN
/gen02/case67,success,2,67,30,50,ife_moop_run,2,1.472343921661377,5.012200188621967,32.67842823350087,1303.7358088416315,38.347261984771464,1731.240282441571,1302.3905884977428,6518.679044208157,6.167767134909772e7,5214.943235366526,4.036939531238965,169.9907296327145,4.483912822709047,1.3451738468127141,5.035510524820599,1.105381664021936,3.7369191234375,HDC,44.87962390452605,1.0568944808749689e-7,0.09265987759791929,0.85,12.738871019396303,NaN,0.48428044783412305,NaN,NaN,NaN,-6.167767134909772e10,NaN,2.678428233500867,NaN,NaN,NaN,NaN,NaN,-1302.3905884977428,NaN,NaN,NaN,NaN,NaN,NaN,NaN,NaN,44.87962390452605,NaN,0.48428044783412305,NaN,-0.3149030646498506,0.0,NaN,NaN,NaN,NaN,16.0,6.129821443937477e31,2.2665181756749114e-5,11.82390588497743,7.65078419489755,7.6507841948975495,NaN,1202.3905884977428,13.81419804756526,NaN
/gen02/case68,success,2,68,30,50,ife_moop_run,9,1.235482931137085,4.190876493387967,36.086276076309126,1069.2518584393592,37.02725304622002,1540.0060081315482,1159.012231594955,5346.259292196795,4.750970733514016e7,4277.007433757437,4.042076545530228,144.38714331638965,4.249716508766197,1.274914952629859,4.786004599123882,1.105381664021936,3.5696833046875005,HDC,39.57521394538867,1.1252983005101527e-7,0.10116907832862539,0.85,12.738871019396303,NaN,0.48508788216913007,NaN,NaN,NaN,-4.750970733514016e10,NaN,6.086276076309126,NaN,NaN,NaN,NaN,NaN,-1159.012231594955,NaN,NaN,NaN,NaN,NaN,NaN,NaN,NaN,39.57521394538867,NaN,0.48508788216913007,NaN,-0.31417957421502474,0.0,NaN,NaN,NaN,NaN,16.0,6.734707371070904e31,2.1466453773654578e-5,10.39012231594955,8.835205023254368,8.835205023254368,NaN,1059.012231594955,12.73652730806307,NaN
/gen02/case69,fail,2,69,30,50,ife_moop_run,6,0.9381239414215088,NaN,NaN,NaN,NaN,NaN,NaN,NaN,NaN,NaN,NaN,NaN,NaN,NaN,NaN,NaN,NaN,NaN,NaN,NaN,NaN,NaN,NaN,NaN,NaN,NaN,NaN,NaN,NaN,NaN,NaN,NaN,NaN,NaN,NaN,NaN,NaN,NaN,NaN,NaN,NaN,NaN,NaN,NaN,NaN,NaN,NaN,NaN,NaN,NaN,NaN,NaN,NaN,NaN,NaN,NaN,NaN,NaN,NaN,NaN,NaN,NaN,NaN,NaN,NaN
/gen02/case70,fail,2,70,30,50,ife_moop_run,5,0.941608190536499,NaN,NaN,NaN,NaN,NaN,NaN,NaN,NaN,NaN,NaN,NaN,NaN,NaN,NaN,NaN,NaN,NaN,NaN,NaN,NaN,NaN,NaN,NaN,NaN,NaN,NaN,NaN,NaN,NaN,NaN,NaN,NaN,NaN,NaN,NaN,NaN,NaN,NaN,NaN,NaN,NaN,NaN,NaN,NaN,NaN,NaN,NaN,NaN,NaN,NaN,NaN,NaN,NaN,NaN,NaN,NaN,NaN,NaN,NaN,NaN,NaN,NaN,NaN,NaN
/gen02/case71,success,2,71,30,50,ife_moop_run,3,1.3910889625549316,2.0018636348717633,33.92567049745537,221.93040005192805,35.08066378817265,639.986360165991,-74.62980714246272,1109.6520002596403,9.167632697842171e6,887.7216002077122,0.8955665844735222,31.631442522297895,2.2520239788846057,0.6756071936653817,2.902459516665891,1.105381664021936,3.8978861796875,HDC,23.57014755844824,1.210401896359596e-7,0.050142728866792954,0.85,13.83208704993203,NaN,Inf,NaN,NaN,NaN,-9.167632697842173e9,NaN,3.9256704974553713,NaN,NaN,NaN,NaN,NaN,74.62980714246272,NaN,NaN,NaN,NaN,NaN,NaN,NaN,NaN,23.57014755844824,NaN,Inf,NaN,Inf,1.7462980714246272,NaN,NaN,NaN,NaN,16.0,6.028728695629343e31,8.837181361478007e-6,1.5462980714246273,17.52400272280278,17.52400272280278,NaN,174.62980714246274,6.907108584185409,NaN
/gen02/case72,fail,2,72,30,50,ife_moop_run,8,0.9339520931243896,NaN,NaN,NaN,NaN,NaN,NaN,NaN,NaN,NaN,NaN,NaN,NaN,NaN,NaN,NaN,NaN,NaN,NaN,NaN,NaN,NaN,NaN,NaN,NaN,NaN,NaN,NaN,NaN,NaN,NaN,NaN,NaN,NaN,NaN,NaN,NaN,NaN,NaN,NaN,NaN,NaN,NaN,NaN,NaN,NaN,NaN,NaN,NaN,NaN,NaN,NaN,NaN,NaN,NaN,NaN,NaN,NaN,NaN,NaN,NaN,NaN,NaN,NaN,NaN
/gen02/case73,fail,2,73,30,50,ife_moop_run,4,0.9027490615844727,NaN,NaN,NaN,NaN,NaN,NaN,NaN,NaN,NaN,NaN,NaN,NaN,NaN,NaN,NaN,NaN,NaN,NaN,NaN,NaN,NaN,NaN,NaN,NaN,NaN,NaN,NaN,NaN,NaN,NaN,NaN,NaN,NaN,NaN,NaN,NaN,NaN,NaN,NaN,NaN,NaN,NaN,NaN,NaN,NaN,NaN,NaN,NaN,NaN,NaN,NaN,NaN,NaN,NaN,NaN,NaN,NaN,NaN,NaN,NaN,NaN,NaN,NaN,NaN
/gen02/case74,fail,2,74,30,50,ife_moop_run,7,0.9217679500579834,NaN,NaN,NaN,NaN,NaN,NaN,NaN,NaN,NaN,NaN,NaN,NaN,NaN,NaN,NaN,NaN,NaN,NaN,NaN,NaN,NaN,NaN,NaN,NaN,NaN,NaN,NaN,NaN,NaN,NaN,NaN,NaN,NaN,NaN,NaN,NaN,NaN,NaN,NaN,NaN,NaN,NaN,NaN,NaN,NaN,NaN,NaN,NaN,NaN,NaN,NaN,NaN,NaN,NaN,NaN,NaN,NaN,NaN,NaN,NaN,NaN,NaN,NaN,NaN
/gen02/case75,fail,2,75,30,50,ife_moop_run,2,0.9161369800567627,NaN,NaN,NaN,NaN,NaN,NaN,NaN,NaN,NaN,NaN,NaN,NaN,NaN,NaN,NaN,NaN,NaN,NaN,NaN,NaN,NaN,NaN,NaN,NaN,NaN,NaN,NaN,NaN,NaN,NaN,NaN,NaN,NaN,NaN,NaN,NaN,NaN,NaN,NaN,NaN,NaN,NaN,NaN,NaN,NaN,NaN,NaN,NaN,NaN,NaN,NaN,NaN,NaN,NaN,NaN,NaN,NaN,NaN,NaN,NaN,NaN,NaN,NaN,NaN
/gen02/case76,success,2,76,30,50,ife_moop_run,9,1.4339158535003662,7.947394681117577,13.472211042060199,1058.1681433716928,75.71039873596735,1800.4980718475492,400.3621008514762,5290.8407168584645,5.1515566543953665e7,4232.672573486771,1.2859451575739846,69.88261593113195,3.1773068054783193,0.9531920416434958,3.8304775856448394,1.105381664021936,5.3150675703125,HDC,61.87206642778857,1.0270372766538944e-7,0.054659181713057975,0.85,12.738871019396303,NaN,2.1261745579693048,NaN,NaN,NaN,-5.151556654395367e10,NaN,0.0,NaN,NaN,NaN,NaN,NaN,-400.3621008514762,NaN,NaN,NaN,NaN,NaN,NaN,NaN,NaN,61.87206642778857,NaN,2.1261745579693048,NaN,0.3275989170314881,0.0,NaN,NaN,NaN,NaN,16.0,3.5397785857224136e31,2.2905991475795573e-5,2.803621008514762,9.526442535419774,9.526442535419774,NaN,300.3621008514762,10.780910847205766,NaN
/gen02/case77,success,2,77,30,50,ife_moop_run,6,1.319822072982788,1.7281667315875853,80.65780057938072,276.85356318271744,14.553181336030036,639.1792147395366,548.4083937748219,1384.2678159135871,1.705708157962871e7,1107.4142527308697,7.041681544204654,95.11788412108123,3.9827994476741813,1.1948398343022546,4.397604520755518,1.105381664021936,2.53341760546875,HDC,21.91642066260493,8.115502112429476e-8,0.1920684130215142,0.85,15.450876782548026,NaN,0.5867037608017291,NaN,NaN,NaN,-1.705708157962871e10,NaN,50.65780057938072,NaN,NaN,NaN,NaN,NaN,-548.4083937748219,NaN,NaN,NaN,NaN,NaN,NaN,NaN,NaN,21.91642066260493,NaN,0.5867037608017291,NaN,-0.23158112792444943,0.0,NaN,NaN,NaN,NaN,16.0,1.378834085978383e32,5.297684342053688e-6,4.2840839377482185,8.42116739665548,8.42116739665548,NaN,448.4083937748219,9.637027421699987,NaN
/gen02/case78,fail,2,78,30,50,ife_moop_run,5,1.065828800201416,NaN,NaN,NaN,NaN,NaN,NaN,NaN,NaN,NaN,NaN,NaN,NaN,NaN,NaN,NaN,NaN,NaN,NaN,NaN,NaN,NaN,NaN,NaN,NaN,NaN,NaN,NaN,NaN,NaN,NaN,NaN,NaN,NaN,NaN,NaN,NaN,NaN,NaN,NaN,NaN,NaN,NaN,NaN,NaN,NaN,NaN,NaN,NaN,NaN,NaN,NaN,NaN,NaN,NaN,NaN,NaN,NaN,NaN,NaN,NaN,NaN,NaN,NaN,NaN
/gen02/case79,success,2,79,30,50,ife_moop_run,3,1.6047289371490479,4.1274349185544175,29.263137728967536,784.0293613168405,40.61866085167787,1293.5648990678394,1016.7886854109161,3920.1468065842027,3.58277410947285e7,3136.117445267362,4.673685220187569,96.51098102172587,3.786931654098497,1.136079496229549,4.166153406345568,1.105381664021936,3.6062417015625,HDC,38.436072436363915,1.0941652157805148e-7,0.1551655908084589,0.85,12.738871019396303,NaN,0.5365758742431389,NaN,NaN,NaN,-3.58277410947285e10,NaN,0.0,NaN,NaN,NaN,NaN,NaN,-1016.7886854109161,NaN,NaN,NaN,NaN,NaN,NaN,NaN,NaN,38.436072436363915,NaN,0.5365758742431389,NaN,-0.270368858161702,0.0,NaN,NaN,NaN,NaN,16.0,6.872294935050676e31,1.753239933543715e-5,8.967886854109162,9.841139025374154,9.841139025374154,NaN,916.7886854109161,11.118278209050251,NaN
/gen02/case80,success,2,80,30,50,ife_moop_run,4,1.4721128940582275,8.830082623166607,8.327388024108313,344.52795352688736,61.219990180154845,817.8682673756564,316.2721591341413,1722.639767634437,3.2153736008717775e7,1378.1118141075494,1.6305315251406585,28.138517542475043,2.435133671308218,0.7305401013924653,3.0260930481107318,1.105381664021936,5.9747328265625,HDC,63.80453856021457,5.357510452805177e-8,0.12581274108704787,0.85,12.738871019396303,NaN,2.714571036484486,NaN,NaN,NaN,-3.2153736008717777e10,NaN,0.0,NaN,NaN,NaN,NaN,NaN,-316.2721591341413,NaN,NaN,NaN,NaN,NaN,NaN,NaN,NaN,63.80453856021457,NaN,2.714571036484486,NaN,0.4337012110127199,0.0,NaN,NaN,NaN,NaN,16.0,3.1912775100510526e31,5.42770971548878e-6,1.962721591341413,6.933116347013341,6.933116347013341,NaN,216.27215913414133,7.727420375850312,NaN
/gen02/case81,success,2,81,30,50,ife_moop_run,8,1.4530699253082275,1.3499415486857298,102.95937945118614,132.60337244803014,7.969717625775745,528.0872109436449,450.5971249490273,663.0168622401508,1.2687031772758473e7,530.4134897921206,6.814900308412685,83.19201424349272,3.9420946751992187,1.1826284025597655,4.308336151992454,1.105381664021936,2.28277658984375,HDC,18.673656491795416,5.2259415292375724e-8,0.1275357122482148,0.85,24.48077513983525,NaN,0.6081592934364507,NaN,NaN,NaN,-1.2687031772758472e10,NaN,72.95937945118614,NaN,NaN,NaN,NaN,NaN,-450.5971249490273,NaN,NaN,NaN,NaN,NaN,NaN,NaN,NaN,18.673656491795416,NaN,0.6081592934364507,NaN,-0.21598265230692257,0.0,NaN,NaN,NaN,NaN,16.0,1.750420047672134e32,1.7788781441142651e-6,3.305971249490273,5.903750153875083,5.903750153875083,NaN,350.5971249490273,8.851901576165766,NaN
/gen02/case82,fail,2,82,30,50,ife_moop_run,7,0.9590349197387695,NaN,NaN,NaN,NaN,NaN,NaN,NaN,NaN,NaN,NaN,NaN,NaN,NaN,NaN,NaN,NaN,NaN,NaN,NaN,NaN,NaN,NaN,NaN,NaN,NaN,NaN,NaN,NaN,NaN,NaN,NaN,NaN,NaN,NaN,NaN,NaN,NaN,NaN,NaN,NaN,NaN,NaN,NaN,NaN,NaN,NaN,NaN,NaN,NaN,NaN,NaN,NaN,NaN,NaN,NaN,NaN,NaN,NaN,NaN,NaN,NaN,NaN,NaN,NaN
/gen02/case83,success,2,83,30,50,ife_moop_run,2,1.4670491218566895,1.648725836781335,97.46650309496161,706.89773518552,31.013627795168045,1282.3056788013585,870.0269432074139,3534.4886759276,1.8580782970047407e7,2827.59094074208,3.1102881814993926,113.96566371633173,4.17646484924933,1.2529394547747992,4.751417835361523,1.105381664021936,2.49797282109375,HDC,24.12947940133519,1.902228060908556e-7,0.07806515933655919,0.85,12.738871019396303,NaN,0.43331527308493945,NaN,NaN,NaN,-1.858078297004741e10,NaN,67.46650309496161,NaN,NaN,NaN,NaN,NaN,-870.0269432074139,NaN,NaN,NaN,NaN,NaN,NaN,NaN,NaN,24.12947940133519,NaN,0.43331527308493945,NaN,-0.3631960030966837,0.0,NaN,NaN,NaN,NaN,16.0,1.393095699658303e32,3.0215123722759215e-5,7.5002694320741385,18.810664031148605,18.810664031148605,NaN,770.0269432074139,10.112498196547733,NaN
/gen02/case84,success,2,84,30,50,ife_moop_run,9,1.359809160232544,4.440051406888462,24.485176150459793,1125.4779371944728,70.79505214037583,1963.0076686522232,1295.9706985622654,5627.389685972364,3.355704115092197e7,4501.911748777891,2.9428768669111234,79.48846022196727,3.3400214196957663,1.0020064259087298,3.9033521957081647,1.105381664021936,4.1276938828125,HDC,42.255400469026036,1.6769624177123713e-7,0.10857521181752725,0.85,12.738871019396303,NaN,0.47190383805868324,NaN,NaN,NaN,-3.3557041150921967e10,NaN,0.0,NaN,NaN,NaN,NaN,NaN,-1295.9706985622654,NaN,NaN,NaN,NaN,NaN,NaN,NaN,NaN,42.255400469026036,NaN,0.47190383805868324,NaN,-0.326146490466059,0.0,NaN,NaN,NaN,NaN,16.0,5.343136908513219e31,4.077702649595722e-5,11.759706985622655,15.944646953983852,15.944646953983854,NaN,1195.9706985622654,10.51740074616938,NaN
/gen02/case85,success,2,85,30,50,ife_moop_run,6,1.3747930526733398,4.100975644980922,27.21549547720564,1107.0410258893273,66.34157525845411,1920.0397700752953,1501.8987702056331,5535.205129446636,3.2351037034653615e7,4428.164103557309,4.59184765587155,83.43493665748113,3.3410188693839453,1.0023056608151837,3.9675575917779105,1.105381664021936,4.0819763359375,HDC,40.1986267086987,1.7109822858282608e-7,0.16456171731454428,0.85,12.738871019396303,NaN,0.3896346487365032,NaN,NaN,NaN,-3.2351037034653618e10,NaN,0.0,NaN,NaN,NaN,NaN,NaN,-1501.8987702056331,NaN,NaN,NaN,NaN,NaN,NaN,NaN,NaN,40.1986267086987,NaN,0.3896346487365032,NaN,-0.4093424299094938,0.0,NaN,NaN,NaN,NaN,16.0,5.386175483157153e31,4.0693586242414014e-5,13.818987702056333,16.177022494549036,16.177022494549036,NaN,1401.8987702056331,10.576620551802957,NaN
/gen02/case86,success,2,86,30,50,ife_moop_run,5,1.4531750679016113,4.628885065906042,3.731260190526574,13.639789591865595,63.99932597551566,450.62395777979106,-104.26082221574956,68.19894795932797,2.480384212170787e6,54.55915836746238,0.8121036547144301,1.0656197845805278,0.7649948098953995,0.22949844296861985,1.298129251693917,1.105381664021936,8.784072171875001,HDC,36.635053998965645,2.74953160984852e-8,0.11854256379674993,0.85,45.62509994786939,NaN,Inf,NaN,NaN,NaN,-2.480384212170787e9,NaN,0.0,NaN,NaN,NaN,NaN,NaN,104.26082221574956,NaN,NaN,NaN,NaN,NaN,NaN,NaN,NaN,36.635053998965645,NaN,Inf,NaN,Inf,2.0426082221574955,NaN,NaN,NaN,NaN,16.0,2.187476029770152e31,4.2851924737796436e-7,1.8426082221574955,13.826078000272979,13.82607800027298,NaN,204.26082221574956,1.9886562261504916,NaN
/gen02/case87,success,2,87,30,50,ife_moop_run,3,1.4540190696716309,3.2389864788029414,64.6859705899743,751.8198853831084,16.328422023134102,972.2772125211887,855.4375513608429,3759.099426915542,5.256922778309636e7,3007.2795415324335,8.32146552690594,230.2181693729897,4.980956704559052,1.4942870113677156,5.780268195078287,1.105381664021936,3.1167268945312503,HDC,32.253312914182665,7.150760217414266e-8,0.16033460674446973,0.85,12.738871019396303,NaN,0.5321724251602381,NaN,NaN,NaN,-5.256922778309636e10,NaN,34.6859705899743,NaN,NaN,NaN,NaN,NaN,-855.4375513608429,NaN,NaN,NaN,NaN,NaN,NaN,NaN,NaN,32.253312914182665,NaN,0.5321724251602381,NaN,-0.27394763243589665,0.0,NaN,NaN,NaN,NaN,16.0,8.366798208819902e31,8.612169126292276e-6,7.35437551360843,5.041213394990376,5.041213394990376,NaN,755.4375513608429,14.184601319436743,NaN
/gen02/case88,success,2,88,30,50,ife_moop_run,4,1.3665449619293213,3.7406815204994883,40.17636765642822,972.0232709839934,34.710241364151855,1439.3921908808645,1243.1626489516175,4860.116354919967,4.228134699465013e7,3888.0930839359735,7.335247163752002,140.0196646266889,4.304035297922407,1.291210589376722,4.758730885756009,1.105381664021936,3.3379768296875003,HDC,36.68581835274306,1.1494705586212564e-7,0.1915263979296648,0.85,12.738871019396303,NaN,0.4220313670802017,NaN,NaN,NaN,-4.228134699465014e10,NaN,10.17636765642822,NaN,NaN,NaN,NaN,NaN,-1243.1626489516175,NaN,NaN,NaN,NaN,NaN,NaN,NaN,NaN,36.68581835274306,NaN,0.4220313670802017,NaN,-0.374655269314177,0.0,NaN,NaN,NaN,NaN,16.0,7.708220627752883e31,2.0494966923471704e-5,11.231626489516175,9.279122313389845,9.279122313389845,NaN,1143.1626489516175,12.387707800365575,NaN
/gen02/case89,fail,2,89,30,50,ife_moop_run,7,0.9536030292510986,NaN,NaN,NaN,NaN,NaN,NaN,NaN,NaN,NaN,NaN,NaN,NaN,NaN,NaN,NaN,NaN,NaN,NaN,NaN,NaN,NaN,NaN,NaN,NaN,NaN,NaN,NaN,NaN,NaN,NaN,NaN,NaN,NaN,NaN,NaN,NaN,NaN,NaN,NaN,NaN,NaN,NaN,NaN,NaN,NaN,NaN,NaN,NaN,NaN,NaN,NaN,NaN,NaN,NaN,NaN,NaN,NaN,NaN,NaN,NaN,NaN,NaN,NaN,NaN
/gen02/case90,success,2,90,30,50,ife_moop_run,8,1.4311938285827637,6.642220980824725,9.302798463112829,509.36081464075454,117.86457068810132,1369.016262670507,685.1748823044977,2546.8040732037725,2.1028835342027377e7,2037.4432585630182,2.0019500164464668,21.607884865955548,2.2682038373161078,0.6804611511948323,2.738420188526829,1.105381664021936,5.3406180953125,HDC,53.105576340311934,1.2111008678230666e-7,0.17622200741168614,0.85,12.738871019396303,NaN,1.0875583993818163,NaN,NaN,NaN,-2.1028835342027374e10,NaN,0.0,NaN,NaN,NaN,NaN,NaN,-685.1748823044977,NaN,NaN,NaN,NaN,NaN,NaN,NaN,NaN,53.105576340311934,NaN,1.0875583993818163,NaN,0.03645258686649332,0.0,NaN,NaN,NaN,NaN,16.0,3.900961066907796e31,2.0538047309178207e-5,5.651748823044977,17.744753001798923,17.744753001798923,NaN,585.1748823044977,6.82512102422777,NaN
/gen02/case91,fail,2,91,30,50,ife_moop_run,2,0.9127199649810791,NaN,NaN,NaN,NaN,NaN,NaN,NaN,NaN,NaN,NaN,NaN,NaN,NaN,NaN,NaN,NaN,NaN,NaN,NaN,NaN,NaN,NaN,NaN,NaN,NaN,NaN,NaN,NaN,NaN,NaN,NaN,NaN,NaN,NaN,NaN,NaN,NaN,NaN,NaN,NaN,NaN,NaN,NaN,NaN,NaN,NaN,NaN,NaN,NaN,NaN,NaN,NaN,NaN,NaN,NaN,NaN,NaN,NaN,NaN,NaN,NaN,NaN,NaN,NaN
/gen02/case92,success,2,92,30,50,ife_moop_run,9,1.4777989387512207,2.986031039394552,39.54629501743944,475.0960649318302,26.781806748074384,845.7438341563027,619.8444648628948,2375.4803246591514,2.5702173918925032e7,1900.3842597273208,3.7438963942294756,88.69753810877411,3.6703561333169543,1.1011068399950865,4.090337909635979,1.105381664021936,3.2734279703125004,HDC,30.330901950076164,9.242332310692354e-8,0.12698855780272597,0.85,12.738871019396303,NaN,0.6998486229191884,NaN,NaN,NaN,-2.5702173918925034e10,NaN,9.54629501743944,NaN,NaN,NaN,NaN,NaN,-619.8444648628948,NaN,NaN,NaN,NaN,NaN,NaN,NaN,NaN,30.330901950076164,NaN,0.6998486229191884,NaN,-0.1549958876148639,0.0,NaN,NaN,NaN,NaN,16.0,8.229732649347473e31,9.682570042896304e-6,4.998444648628948,8.969031599050178,8.969031599050178,NaN,519.8444648628948,10.304715964732601,NaN
/gen02/case93,success,2,93,30,50,ife_moop_run,6,1.6049211025238037,3.0687554063068037,27.452248274598404,420.765161659297,42.99984129654939,909.9752284949728,507.23670228671995,2103.825808296485,1.770115331889576e7,1683.060646637188,2.259469033326183,48.926362164627584,2.7201460575900107,0.8160438172770031,3.331902395041677,1.105381664021936,4.0638989015625,HDC,31.020118566949627,1.1885247081898767e-7,0.1108990682897844,0.85,12.738871019396303,NaN,0.8885654523104828,NaN,NaN,NaN,-1.770115331889576e10,NaN,0.0,NaN,NaN,NaN,NaN,NaN,-507.23670228671995,NaN,NaN,NaN,NaN,NaN,NaN,NaN,NaN,31.020118566949627,NaN,0.8885654523104828,NaN,-0.05131057626574607,0.0,NaN,NaN,NaN,NaN,16.0,5.5609825913869e31,1.3397014028248106e-5,3.8723670228671994,14.012143557670825,14.012143557670825,NaN,407.23670228671995,8.482104849255768,NaN
/gen02/case94,fail,2,94,30,50,ife_moop_run,5,0.957348108291626,NaN,NaN,NaN,NaN,NaN,NaN,NaN,NaN,NaN,NaN,NaN,NaN,NaN,NaN,NaN,NaN,NaN,NaN,NaN,NaN,NaN,NaN,NaN,NaN,NaN,NaN,NaN,NaN,NaN,NaN,NaN,NaN,NaN,NaN,NaN,NaN,NaN,NaN,NaN,NaN,NaN,NaN,NaN,NaN,NaN,NaN,NaN,NaN,NaN,NaN,NaN,NaN,NaN,NaN,NaN,NaN,NaN,NaN,NaN,NaN,NaN,NaN,NaN,NaN
/gen02/case95,success,2,95,30,50,ife_moop_run,3,1.8517570495605469,6.8922364324635526,2.7371086243267193,25.148530773160214,133.14164126665247,519.3637120967115,-180.6946470935244,125.74265386580109,3.3896051988776526e6,100.59412309264086,0.7418863088749692,0.9444276987240011,0.7060223042265829,0.21180669126797488,1.3561646501396256,1.105381664021936,12.429958165625,HDC,50.25840895304592,3.709654856189042e-8,0.19435080162225998,0.85,27.540781407453384,NaN,Inf,NaN,NaN,NaN,-3.3896051988776526e9,NaN,0.0,NaN,NaN,NaN,NaN,NaN,180.6946470935244,NaN,NaN,NaN,NaN,NaN,NaN,NaN,NaN,50.25840895304592,NaN,Inf,NaN,Inf,2.806946470935244,NaN,NaN,NaN,NaN,16.0,1.4274964149021364e31,1.1039007206372657e-6,2.606946470935244,19.31762535590534,19.31762535590534,NaN,280.6946470935244,1.920347241362672,NaN
/gen02/case96,fail,2,96,30,50,ife_moop_run,4,0.827078104019165,NaN,NaN,NaN,NaN,NaN,NaN,NaN,NaN,NaN,NaN,NaN,NaN,NaN,NaN,NaN,NaN,NaN,NaN,NaN,NaN,NaN,NaN,NaN,NaN,NaN,NaN,NaN,NaN,NaN,NaN,NaN,NaN,NaN,NaN,NaN,NaN,NaN,NaN,NaN,NaN,NaN,NaN,NaN,NaN,NaN,NaN,NaN,NaN,NaN,NaN,NaN,NaN,NaN,NaN,NaN,NaN,NaN,NaN,NaN,NaN,NaN,NaN,NaN,NaN
/gen02/case97,success,2,97,30,50,ife_moop_run,7,1.4787380695343018,2.238369776646196,73.73749390409395,956.4689120533633,34.730262014321816,1550.1792430526873,1227.0097862482191,4782.344560266817,2.723217081927743e7,3825.875648213453,4.7967999772658425,137.6996395332321,4.453999420477213,1.3361998261431636,4.92854671543248,1.105381664021936,2.69062309140625,HDC,28.380849899784483,1.7561378385895825e-7,0.11269858594830824,0.85,12.738871019396303,NaN,0.3503287071984054,NaN,NaN,NaN,-2.723217081927743e10,NaN,43.73749390409395,NaN,NaN,NaN,NaN,NaN,-1227.0097862482191,NaN,NaN,NaN,NaN,NaN,NaN,NaN,NaN,28.380849899784483,NaN,0.3503287071984054,NaN,-0.45552427356716785,0.0,NaN,NaN,NaN,NaN,16.0,1.1852521843111146e32,3.372179976535269e-5,11.070097862482193,15.51587337207484,15.515873372074841,NaN,1127.0097862482191,11.31833056687769,NaN
/gen02/case98,success,2,98,30,50,ife_moop_run,2,1.431041955947876,6.213077876232589,3.6062036182613353,35.28873672171292,105.09499542256117,508.715149743598,-33.89730726833892,176.4436836085646,4.295711953764398e6,141.1549468868517,0.9375294340734363,1.6788971054152282,0.7768939386382686,0.2330681815914806,1.5036663573732467,1.105381664021936,12.660816918750001,HDC,46.46709328289229,4.1074374983160666e-8,0.1991897538161868,0.85,24.309263030506855,NaN,Inf,NaN,NaN,NaN,-4.295711953764398e9,NaN,0.0,NaN,NaN,NaN,NaN,NaN,33.89730726833892,NaN,NaN,NaN,NaN,NaN,NaN,NaN,NaN,46.46709328289229,NaN,Inf,NaN,Inf,1.3389730726833893,NaN,NaN,NaN,NaN,16.0,1.2956713957454136e31,1.3563601133369458e-6,1.1389730726833893,16.91512604800753,16.91512604800753,NaN,133.89730726833892,2.4282630153973286,NaN
/gen02/case99,success,2,99,30,50,ife_moop_run,8,1.4567279815673828,6.5805653721151804,18.17731960547288,1018.4520705286483,55.05638611447371,1602.0060541165317,1306.1998338411627,5092.260352643242,5.219107371604131e7,4073.808282114593,5.415728082476456,92.49172915300635,3.725857063450764,1.1177571190352291,4.125291821523125,1.105381664021936,4.301354870312501,HDC,53.518698162652825,9.756956487136033e-8,0.19606540788335602,0.85,12.738871019396303,NaN,0.5668013965274503,NaN,NaN,NaN,-5.219107371604131e10,NaN,0.0,NaN,NaN,NaN,NaN,NaN,-1306.1998338411627,NaN,NaN,NaN,NaN,NaN,NaN,NaN,NaN,53.518698162652825,NaN,0.5668013965274503,NaN,-0.2465690883762033,0.0,NaN,NaN,NaN,NaN,16.0,5.065697658741723e31,1.9361934587583044e-5,11.861998338411627,8.366513057946726,8.366513057946726,NaN,1206.1998338411627,11.661915088829783,NaN
/gen03/case01,success,3,1,30,50,ife_moop_run,2,1.227449893951416,4.464218568140896,3.8044781000204906,13.526016061449928,64.40873951368101,450.20070844716855,-771.5285917838769,67.63008030724964,2.374754828827567e6,54.10406424579971,0.36849464800592857,1.0500140325348921,0.6470062963747748,0.19410188891243244,1.2861475473532324,1.105381664021936,12.164561784375001,HDC,35.68706917942143,2.8478763149052772e-8,0.05337463795844606,0.85,45.62423088269305,NaN,Inf,NaN,NaN,NaN,-2.374754828827567e9,NaN,0.0,NaN,NaN,NaN,NaN,NaN,771.5285917838769,NaN,NaN,NaN,NaN,NaN,NaN,NaN,NaN,35.68706917942143,NaN,Inf,NaN,Inf,8.715285917838768,NaN,NaN,NaN,NaN,16.0,1.373774483823703e31,4.434380024679668e-7,8.515285917838769,14.427774655420546,14.427774655420547,NaN,871.5285917838769,1.9738846654603965,NaN
/gen03/case02,success,3,2,30,50,ife_moop_run,3,1.4234890937805176,4.918630140568385,20.863110615658414,991.2713518229082,70.10275913356506,1776.370338039504,1219.6671256452876,4956.356759114541,3.3971845461359724e7,3965.0854072916327,3.1908749554360543,70.70130791387707,2.9808766015944417,0.8942629804783326,3.7632784992586057,1.105381664021936,4.870141839062501,HDC,44.46650484068529,1.4589601158853743e-7,0.12941174711467063,0.85,12.738871019396303,NaN,0.5207319432859169,NaN,NaN,NaN,-3.3971845461359722e10,NaN,0.0,NaN,NaN,NaN,NaN,NaN,-1219.6671256452876,NaN,NaN,NaN,NaN,NaN,NaN,NaN,NaN,44.46650484068529,NaN,0.5207319432859169,NaN,-0.2833857805588013,0.0,NaN,NaN,NaN,NaN,16.0,3.944272444135945e31,3.210311390303561e-5,10.996671256452876,14.25249655495832,14.252496554958322,NaN,1119.6671256452876,10.236523196196211,NaN
/gen03/case03,success,3,3,30,50,ife_moop_run,4,1.422961950302124,4.307279417486526,36.16046191239851,1445.180828388347,47.34337900163901,2035.243606720378,1534.6240392464397,7225.904141941735,5.0470402185755566e7,5780.723313553388,4.065449572796275,152.6275541441936,4.30871134836692,1.2926134045100761,4.875103808916779,1.105381664021936,3.6066014359375003,HDC,41.71334949790631,1.4317112265812549e-7,0.09749067412564631,0.85,12.738871019396303,NaN,0.39016141169952046,NaN,NaN,NaN,-5.047040218575557e10,NaN,6.16046191239851,NaN,NaN,NaN,NaN,NaN,-1534.6240392464397,NaN,NaN,NaN,NaN,NaN,NaN,NaN,NaN,41.71334949790631,NaN,0.39016141169952046,NaN,-0.4087556860298726,0.0,NaN,NaN,NaN,NaN,16.0,6.569841358782275e31,3.609458534610622e-5,14.146240392464398,10.991480796308732,10.991480796308732,NaN,1434.6240392464397,13.025644616165517,NaN
/gen03/case04,success,3,4,30,50,ife_moop_run,5,1.3917911052703857,1.5757202326466206,21.168165807960452,22.320412042149584,13.376407759130318,348.9190629565906,102.34978067570665,111.60206021074794,3.113543722620191e6,89.28164816859834,1.4150954236023328,8.343201120986452,1.372046987001371,0.4116140961004113,1.8902610402289282,1.105381664021936,4.5120372171875,HDC,18.926777358793064,3.584406391981855e-8,0.05776417160072764,0.85,45.83707047563254,NaN,2.6977786244293958,NaN,NaN,NaN,-3.113543722620191e9,NaN,0.0,NaN,NaN,NaN,NaN,NaN,-102.34978067570665,NaN,NaN,NaN,NaN,NaN,NaN,NaN,NaN,18.926777358793064,NaN,2.6977786244293958,NaN,0.4310063092598017,0.0,NaN,NaN,NaN,NaN,16.0,4.9991590585018385e31,4.3055263855776097e-7,0.0,8.489075333292481,8.489075333292481,NaN,2.3497806757066546,4.22237552531136,NaN
/gen03/case05,fail,3,5,30,50,ife_moop_run,6,0.8626289367675781,NaN,NaN,NaN,NaN,NaN,NaN,NaN,NaN,NaN,NaN,NaN,NaN,NaN,NaN,NaN,NaN,NaN,NaN,NaN,NaN,NaN,NaN,NaN,NaN,NaN,NaN,NaN,NaN,NaN,NaN,NaN,NaN,NaN,NaN,NaN,NaN,NaN,NaN,NaN,NaN,NaN,NaN,NaN,NaN,NaN,NaN,NaN,NaN,NaN,NaN,NaN,NaN,NaN,NaN,NaN,NaN,NaN,NaN,NaN,NaN,NaN,NaN,NaN,NaN
/gen03/case06,success,3,6,30,50,ife_moop_run,7,1.4444608688354492,3.768519835224828,6.603635962832283,16.763196695756314,25.86875911859102,355.31376257341634,15.927440821130931,83.81598347878158,3.9246608301187926e6,67.05278678302525,1.0469301200440135,3.2400465400965373,1.080470181122533,0.3241410543367599,1.606035795937055,1.105381664021936,6.7278993031250005,HDC,31.51670927833761,2.1356236145441544e-8,0.07974676299189166,0.85,45.79442597517474,NaN,27.32336189219907,NaN,NaN,NaN,-3.9246608301187925e9,NaN,0.0,NaN,NaN,NaN,NaN,NaN,-15.927440821130931,NaN,NaN,NaN,NaN,NaN,NaN,NaN,NaN,31.51670927833761,NaN,27.32336189219907,NaN,1.4365341342995421,0.8407255917886907,NaN,NaN,NaN,NaN,16.0,2.9343053690168466e31,2.614720622586202e-7,0.6407255917886907,6.864434910702202,6.864434910702203,NaN,84.07255917886907,3.111142639308221,NaN
/gen03/case07,success,3,7,30,50,ife_moop_run,8,1.357046127319336,2.0629902641374644,73.89745528581035,821.3751220414712,34.82602550458396,1417.5150606837963,1099.0920766896381,4106.875610207357,2.2887455785978e7,3285.5004881658847,4.451673189237503,117.92547529337767,4.147197906254166,1.24415937187625,4.683796322443999,1.105381664021936,2.72941184140625,HDC,26.95651687252746,1.7943783916443146e-7,0.11477715051821678,0.85,12.738871019396303,NaN,0.3746483086103053,NaN,NaN,NaN,-2.2887455785978e10,NaN,43.89745528581035,NaN,NaN,NaN,NaN,NaN,-1099.0920766896381,NaN,NaN,NaN,NaN,NaN,NaN,NaN,NaN,26.95651687252746,NaN,0.3746483086103053,NaN,-0.42637622373015155,0.0,NaN,NaN,NaN,NaN,16.0,1.1544230148806836e32,3.1507354542706623e-5,9.790920766896383,16.88133294179394,16.88133294179394,NaN,999.0920766896381,10.629364386279502,NaN
/gen03/case08,fail,3,8,30,50,ife_moop_run,9,0.8503739833831787,NaN,NaN,NaN,NaN,NaN,NaN,NaN,NaN,NaN,NaN,NaN,NaN,NaN,NaN,NaN,NaN,NaN,NaN,NaN,NaN,NaN,NaN,NaN,NaN,NaN,NaN,NaN,NaN,NaN,NaN,NaN,NaN,NaN,NaN,NaN,NaN,NaN,NaN,NaN,NaN,NaN,NaN,NaN,NaN,NaN,NaN,NaN,NaN,NaN,NaN,NaN,NaN,NaN,NaN,NaN,NaN,NaN,NaN,NaN,NaN,NaN,NaN,NaN,NaN
/gen03/case09,success,3,9,30,50,ife_moop_run,9,1.2408320903778076,8.91859517491661,7.438435834248118,763.0578339010697,175.31089615302238,2001.0021299421455,801.9461091171277,3815.289169505348,2.774672080632283e7,3052.2313356042787,1.6688145467676678,21.762989370467444,2.5305244493263013,0.7591573347978904,2.841620094174555,1.105381664021936,5.104591679687501,HDC,68.07906389646283,1.3750414674716923e-7,0.14805962983987067,0.85,12.738871019396303,NaN,1.1811621399722383,NaN,NaN,NaN,-2.774672080632283e10,NaN,0.0,NaN,NaN,NaN,NaN,NaN,-801.9461091171277,NaN,NaN,NaN,NaN,NaN,NaN,NaN,NaN,68.07906389646283,NaN,1.1811621399722383,NaN,0.07230951798771185,0.0,NaN,NaN,NaN,NaN,16.0,4.396704094194516e31,3.408266719155549e-5,6.819461091171276,19.65678368787061,19.65678368787061,NaN,701.9461091171277,6.995251559491768,NaN
/gen03/case10,success,3,10,30,50,ife_moop_run,6,1.547394037246704,3.406093505016356,6.694892229941294,18.22203752815688,32.874613744111535,411.0771378658248,138.85204455253745,91.11018764078439,3.247373626399545e6,72.88815011262751,1.5100633555215317,2.771445114152982,0.8642789038976089,0.25928367116928264,1.526917064652793,1.105381664021936,9.025582190625,HDC,29.601840798024902,2.8056576828765105e-8,0.1278048471891189,0.85,45.54015289961281,NaN,2.9957452803809628,NaN,NaN,NaN,-3.247373626399545e9,NaN,0.0,NaN,NaN,NaN,NaN,NaN,-138.85204455253745,NaN,NaN,NaN,NaN,NaN,NaN,NaN,NaN,29.601840798024902,NaN,2.9957452803809628,NaN,0.47650488378449196,0.0,NaN,NaN,NaN,NaN,16.0,1.8278235566079367e31,3.996360790480088e-7,0.1885204455253744,9.65170618354873,9.65170618354873,NaN,38.85204455253744,2.9069033283034824,NaN
/gen03/case100,success,3,100,30,50,ife_moop_run,3,1.4439148902893066,4.575991913198919,22.81417068200654,1122.631252352485,76.38674997770917,2003.5443507989917,525.3352752974874,5613.156261762426,3.2714685385784555e7,4490.52500940994,1.3553863144286675,73.48337589176698,3.1353330248913407,0.9405999074674022,3.805804066495392,1.105381664021936,4.4513609765625,HDC,43.076814535084125,1.7157909958692432e-7,0.05220494545629315,0.85,12.738871019396303,NaN,1.1869685502908152,NaN,NaN,NaN,-3.2714685385784557e10,NaN,0.0,NaN,NaN,NaN,NaN,NaN,-525.3352752974874,NaN,NaN,NaN,NaN,NaN,NaN,NaN,NaN,43.076814535084125,NaN,1.1869685502908152,NaN,0.07443921211710126,0.0,NaN,NaN,NaN,NaN,16.0,4.645180423278848e31,4.258273700729805e-5,4.053352752974875,16.692938149077673,16.692938149077673,NaN,425.3352752974875,10.27854401990967,NaN
/gen03/case11,success,3,11,30,50,ife_moop_run,2,1.6318080425262451,3.334311702067762,13.711691305691525,129.89403174128176,45.53155695927555,640.966678078622,366.9398298193048,649.4701587064087,8.630990824909521e6,519.5761269651271,2.339065249081222,14.264176366455237,1.7332214198993035,0.519966425969791,2.298194234457284,1.105381664021936,5.2177547296875,HDC,30.77237910842329,7.524862114694892e-8,0.1757792957187703,0.85,18.88321791715612,NaN,1.203852328654871,NaN,NaN,NaN,-8.630990824909521e9,NaN,0.0,NaN,NaN,NaN,NaN,NaN,-366.9398298193048,NaN,NaN,NaN,NaN,NaN,NaN,NaN,NaN,30.77237910842329,NaN,1.203852328654871,NaN,0.08057321716797414,0.0,NaN,NaN,NaN,NaN,16.0,3.916844016291512e31,4.030502190998296e-6,2.469398298193048,13.655459065521471,13.655459065521473,NaN,266.9398298193048,5.510515668927116,NaN
/gen03/case12,success,3,12,30,50,ife_moop_run,3,1.4815781116485596,3.4269699436398153,10.327374657170125,72.81072769157207,45.7029371420186,598.6091632430426,327.20065053190467,364.0536384578603,6.173408169079982e6,291.2429107662883,2.205565172821778,7.965650814226441,1.3511981771661281,0.40535945314983846,1.9731840898734179,1.105381664021936,6.309105928125001,HDC,30.750017750975953,5.8971256798028135e-8,0.17824266698003957,0.85,25.245970164398624,NaN,1.3448815603234787,NaN,NaN,NaN,-6.173408169079982e9,NaN,0.0,NaN,NaN,NaN,NaN,NaN,-327.20065053190467,NaN,NaN,NaN,NaN,NaN,NaN,NaN,NaN,30.750017750975953,NaN,1.3448815603234787,NaN,0.12868403901287523,0.0,NaN,NaN,NaN,NaN,16.0,2.9532670596943806e31,2.2064436843401814e-6,2.0720065053190466,13.336252693677581,13.33625269367758,NaN,227.2006505319047,4.421876081126229,NaN
/gen03/case13,success,3,13,30,50,ife_moop_run,5,1.4350409507751465,4.907245776701852,6.2500953986596555,32.56417711648865,35.16835732595429,512.9997439744611,255.8077502511645,162.82088558244325,6.240512546993219e6,130.2567084659546,1.9946178593972044,4.62975521072408,1.1055407940718935,0.3316622382215681,1.8116395051416403,1.105381664021936,8.581989040625002,HDC,38.57243481946976,2.6090947555404405e-8,0.14520858755609403,0.85,39.82814929815879,NaN,2.070542646764757,NaN,NaN,NaN,-6.240512546993219e9,NaN,0.0,NaN,NaN,NaN,NaN,NaN,-255.8077502511645,NaN,NaN,NaN,NaN,NaN,NaN,NaN,NaN,38.57243481946976,NaN,2.070542646764757,NaN,0.3160841800515644,0.0,NaN,NaN,NaN,NaN,16.0,1.9596733016585293e31,5.302956218581532e-7,1.358077502511645,7.16661828778237,7.16661828778237,NaN,155.8077502511645,3.64062190948333,NaN
/gen03/case14,success,3,14,30,50,ife_moop_run,4,1.349816083908081,4.740863033637053,15.239850754138558,398.2865428616693,57.33843363720562,923.2251277158003,620.809021535366,1991.432714308347,2.0806343867591985e7,1593.1461714466773,3.0528305498549253,34.73120188299234,2.3535862234003715,0.7060758670201115,3.028856801252169,1.105381664021936,5.256759320312501,HDC,40.697844416513604,9.571276563443747e-8,0.19949624396208918,0.85,12.738871019396303,NaN,0.9211236838673713,NaN,NaN,NaN,-2.0806343867591984e10,NaN,0.0,NaN,NaN,NaN,NaN,NaN,-620.809021535366,NaN,NaN,NaN,NaN,NaN,NaN,NaN,NaN,40.697844416513604,NaN,0.9211236838673713,NaN,-0.03568205100333221,0.0,NaN,NaN,NaN,NaN,16.0,3.66639610481858e31,1.0945805055924796e-5,5.00809021535366,12.094513853359992,12.094513853359992,NaN,520.809021535366,7.913734011545028,NaN
/gen03/case15,success,3,15,30,50,ife_moop_run,7,1.4469530582427979,2.003695943330295,55.926910380106,554.4472287022596,38.14480798218917,1121.1169735203318,852.7406734003373,2772.236143511298,1.6051805379008077e7,2217.7889148090385,4.17740677183144,72.67663124181223,3.5803337766197005,1.0741001329859101,3.908245260907906,1.105381664021936,2.7763024351562504,HDC,25.648196382188285,1.7270556663593243e-7,0.1505460769776987,0.85,12.738871019396303,NaN,0.461162947515414,NaN,NaN,NaN,-1.6051805379008078e10,NaN,25.926910380106,NaN,NaN,NaN,NaN,NaN,-852.7406734003373,NaN,NaN,NaN,NaN,NaN,NaN,NaN,NaN,25.648196382188285,NaN,0.461162947515414,NaN,-0.33614559369309893,0.0,NaN,NaN,NaN,NaN,16.0,1.1628004710202228e32,2.3984324483777297e-5,7.3274067340033735,19.037223741038073,19.037223741038073,NaN,752.7406734003373,9.071993321359948,NaN
/gen03/case16,success,3,16,30,50,ife_moop_run,8,1.4976000785827637,4.995054307685742,4.6339071795974895,30.03439851549475,68.25785039488505,518.2228496998661,75.30005006829059,150.17199257747373,4.0848279033687427e6,120.137594061979,1.170007166329946,2.2000691745887,0.9071797772198845,0.27215393316596537,1.5373256162196542,1.105381664021936,9.097009796875001,HDC,39.24031761746079,3.67633584890143e-8,0.1595097303851357,0.85,32.23575998125122,NaN,7.271073981560699,NaN,NaN,NaN,-4.0848279033687425e9,NaN,0.0,NaN,NaN,NaN,NaN,NaN,-75.30005006829059,NaN,NaN,NaN,NaN,NaN,NaN,NaN,NaN,39.24031761746079,NaN,7.271073981560699,NaN,0.8615985635161135,0.24699949931709408,NaN,NaN,NaN,NaN,16.0,1.941201439121037e31,9.325990993140185e-7,0.04699949931709407,13.6650867418716,13.6650867418716,NaN,24.69994993170941,2.6903128522680064,NaN
/gen03/case17,success,3,17,30,50,ife_moop_run,9,1.4326550960540771,4.585478164647912,20.403961592221464,451.07758821198087,38.03164293047662,867.0302555347872,588.750695298323,2255.3879410599047,2.8493799718774848e7,1804.3103528479235,3.115680701802318,59.30293217105674,2.9331955319366587,0.8799586595809977,3.5552541951369663,1.105381664021936,4.5378692734375,HDC,39.602926940817134,7.915363915377727e-8,0.14445345812762125,0.85,12.738871019396303,NaN,0.9368496191109197,NaN,NaN,NaN,-2.849379971877485e10,NaN,0.0,NaN,NaN,NaN,NaN,NaN,-588.750695298323,NaN,NaN,NaN,NaN,NaN,NaN,NaN,NaN,39.602926940817134,NaN,0.9368496191109197,NaN,-0.028330115442746256,0.0,NaN,NaN,NaN,NaN,16.0,4.5777933933907855e31,8.501104735358616e-6,4.687506952983229,8.293931748205546,8.293931748205546,NaN,488.7506952983229,9.54356046767599,NaN
/gen03/case18,success,3,18,30,50,ife_moop_run,6,1.5094659328460693,8.517584603401433,10.323973849010136,742.8380470795039,84.94240497576367,1494.0326597269736,825.2019925888507,3714.1902353975192,4.083462448143001e7,2971.3521883180156,2.2337980794448753,43.72598393531802,2.689392444720705,0.8068177334162113,3.38136235111629,1.105381664021936,5.951985101562501,HDC,64.29235860060925,9.095688481441988e-8,0.12991499060079945,0.85,12.738871019396303,NaN,1.0652373192427402,NaN,NaN,NaN,-4.083462448143001e10,NaN,0.0,NaN,NaN,NaN,NaN,NaN,-825.2019925888507,NaN,NaN,NaN,NaN,NaN,NaN,NaN,NaN,64.29235860060925,NaN,1.0652373192427402,NaN,0.027446372991539576,0.0,NaN,NaN,NaN,NaN,16.0,3.050285701491197e31,1.683316949789261e-5,7.052019925888506,9.972593044962835,9.972593044962835,NaN,725.2019925888507,9.120685503191396,NaN
/gen03/case19,success,3,19,30,50,ife_moop_run,2,1.435669183731079,3.439170131406689,53.157035455115306,1191.429631261404,31.428331470738033,1622.2110365959238,1420.018723363468,5957.148156307022,4.8385614278142385e7,4765.718525045616,8.023109339131535,189.54707035127024,4.689763455899609,1.4069290367698828,5.343941103525627,1.105381664021936,3.2175221203125,HDC,35.51868013917543,1.2311816735574836e-7,0.1678932800606523,0.85,12.738871019396303,NaN,0.3607447043557449,NaN,NaN,NaN,-4.838561427814239e10,NaN,23.157035455115306,NaN,NaN,NaN,NaN,NaN,-1420.018723363468,NaN,NaN,NaN,NaN,NaN,NaN,NaN,NaN,35.51868013917543,NaN,0.3607447043557449,NaN,-0.44280003552472125,0.0,NaN,NaN,NaN,NaN,16.0,8.011761224068356e31,2.4740001490453872e-5,13.000187233634682,9.13834741228205,9.13834741228205,NaN,1320.018723363468,13.472694985340132,NaN
/gen03/case20,success,3,20,30,50,ife_moop_run,3,1.5146958827972412,6.296301444016073,20.07525735452567,1160.6889843014703,55.78482368381974,1762.0859632066358,1357.9218436279698,5803.444921507351,5.420921407875527e7,4642.755937205881,4.359827797290814,104.03268377077666,3.515834985441799,1.0547504956325398,4.274531455960215,1.105381664021936,4.832901510937501,HDC,52.36008206147389,1.0705642979948194e-7,0.14334523887817816,0.85,12.738871019396303,NaN,0.5362897566450862,NaN,NaN,NaN,-5.4209214078755264e10,NaN,0.0,NaN,NaN,NaN,NaN,NaN,-1357.9218436279698,NaN,NaN,NaN,NaN,NaN,NaN,NaN,NaN,52.36008206147389,NaN,0.5362897566450862,NaN,-0.2706004981609303,0.0,NaN,NaN,NaN,NaN,16.0,3.9515996402338186e31,2.3367382905701085e-5,12.379218436279698,8.859935341379968,8.859935341379968,NaN,1257.9218436279698,12.083206668504593,NaN
/gen03/case21,success,3,21,30,50,ife_moop_run,4,1.521028995513916,3.5934597007649014,34.95859940271789,1126.3948189684907,55.210915667794566,1861.9964919870445,1259.1201792443294,5631.974094842453,3.30326380828009e7,4505.579275873963,3.0885215634300014,102.0083443051403,3.663076451761667,1.0989229355285002,4.262408146504389,1.105381664021936,3.6763429828125003,HDC,37.094870336134456,1.7049725428302538e-7,0.09391587051740544,0.85,12.738871019396303,NaN,0.4319714904588373,NaN,NaN,NaN,-3.30326380828009e10,NaN,4.958599402717887,NaN,NaN,NaN,NaN,NaN,-1259.1201792443294,NaN,NaN,NaN,NaN,NaN,NaN,NaN,NaN,37.094870336134456,NaN,0.4319714904588373,NaN,-0.36454491509476844,0.0,NaN,NaN,NaN,NaN,16.0,6.451451850418896e31,3.932479571883115e-5,11.391201792443296,15.364278513000274,15.364278513000272,NaN,1159.1201792443294,11.09699060315533,NaN
/gen03/case22,success,3,22,30,50,ife_moop_run,5,1.4404921531677246,3.945831378136402,23.749643562392922,858.7323347438492,71.52887557224949,1675.180848312071,1190.4880803779351,4293.661673719246,2.518809920518022e7,3434.9293389753966,3.4561705045694198,60.02697007843117,3.2102484324913334,0.9630745297473999,3.561112870897139,1.105381664021936,3.7758204859375004,HDC,38.57211203738534,1.7046390196987175e-7,0.15228864580320697,0.85,12.738871019396303,NaN,0.47382797866868326,NaN,NaN,NaN,-2.518809920518022e10,NaN,0.0,NaN,NaN,NaN,NaN,NaN,-1190.4880803779351,NaN,NaN,NaN,NaN,NaN,NaN,NaN,NaN,38.57211203738534,NaN,0.47382797866868326,NaN,-0.3243792985675244,0.0,NaN,NaN,NaN,NaN,16.0,6.530779264359128e31,3.537238570694517e-5,10.704880803779352,18.127707121137107,18.127707121137107,NaN,1090.4880803779351,9.403500444416876,NaN
/gen03/case23,fail,3,23,30,50,ife_moop_run,7,0.926224946975708,NaN,NaN,NaN,NaN,NaN,NaN,NaN,NaN,NaN,NaN,NaN,NaN,NaN,NaN,NaN,NaN,NaN,NaN,NaN,NaN,NaN,NaN,NaN,NaN,NaN,NaN,NaN,NaN,NaN,NaN,NaN,NaN,NaN,NaN,NaN,NaN,NaN,NaN,NaN,NaN,NaN,NaN,NaN,NaN,NaN,NaN,NaN,NaN,NaN,NaN,NaN,NaN,NaN,NaN,NaN,NaN,NaN,NaN,NaN,NaN,NaN,NaN,NaN,NaN
/gen03/case24,success,3,24,30,50,ife_moop_run,8,1.410780906677246,5.567009271055585,5.411060248386127,32.027987228818766,39.56557081994003,513.5864712923654,-179.3290404983896,160.13993614409384,6.495316080881311e6,128.11194891527506,0.741196383329714,4.047456736385247,1.0852586264431638,0.32557758793294916,1.790516464449113,1.105381664021936,8.957044971875,HDC,42.29055303051453,2.4654679487493916e-8,0.05836357205549872,0.85,38.63005320358418,NaN,Inf,NaN,NaN,NaN,-6.495316080881311e9,NaN,0.0,NaN,NaN,NaN,NaN,NaN,179.3290404983896,NaN,NaN,NaN,NaN,NaN,NaN,NaN,NaN,42.29055303051453,NaN,Inf,NaN,Inf,2.793290404983896,NaN,NaN,NaN,NaN,16.0,1.8899287968317395e31,5.172360634763962e-7,2.593290404983896,7.107150157922734,7.107150157922734,NaN,279.3290404983896,3.4689965653828176,NaN
/gen03/case25,success,3,25,30,50,ife_moop_run,9,1.3593978881835938,7.0853335733526315,14.505953514257989,689.6861993527742,52.05568561647275,1211.545066184106,904.5223359555857,3448.4309967638715,4.4947783020331234e7,2758.744797411097,3.9461086978229276,66.24504040097848,3.2732126582018473,0.9819637974605542,3.744096648939271,1.105381664021936,4.743046120312501,HDC,55.177163392853714,7.672082503388526e-8,0.17825901968568322,0.85,12.738871019396303,NaN,0.8345353414437,NaN,NaN,NaN,-4.494778302033123e10,NaN,0.0,NaN,NaN,NaN,NaN,NaN,-904.5223359555857,NaN,NaN,NaN,NaN,NaN,NaN,NaN,NaN,55.177163392853714,NaN,0.8345353414437,NaN,-0.07855526681100085,0.0,NaN,NaN,NaN,NaN,16.0,4.367796111942503e31,1.1513916225038718e-5,7.845223359555857,7.346963283740089,7.346963283740088,NaN,804.5223359555857,10.442521906115925,NaN
/gen03/case26,success,3,26,30,50,ife_moop_run,6,1.6175379753112793,2.4621694547057116,25.119515569571774,243.203658225878,44.616392558427215,661.517984897517,343.14953861542926,1216.01829112939,9.95042691899757e6,972.814632903512,2.077837777652703,27.25496664789647,2.1066850241158908,0.6320055072347672,2.754449081686965,1.105381664021936,4.3873063609375,HDC,26.60035256911079,1.2220765008662509e-7,0.14706998405806707,0.85,12.738871019396303,NaN,1.1524039426475194,NaN,NaN,NaN,-9.95042691899757e9,NaN,0.0,NaN,NaN,NaN,NaN,NaN,-343.14953861542926,NaN,NaN,NaN,NaN,NaN,NaN,NaN,NaN,26.60035256911079,NaN,1.1524039426475194,NaN,0.061604735435460335,0.0,NaN,NaN,NaN,NaN,16.0,4.934899805781117e31,1.0014062015253848e-5,2.2314953861542928,18.120764382466092,18.120764382466092,NaN,243.1495386154293,6.744067055188629,NaN
/gen03/case27,success,3,27,30,50,ife_moop_run,2,1.4268798828125,4.7593709563536555,32.37724540004169,1204.089845512049,39.70158764063294,1673.5415749185847,1454.4663780829983,6020.449227560243,5.4683305552647926e7,4816.359382048196,7.639119348479045,151.64253082409635,4.3156162037315005,1.2946848611194501,4.8473049368156405,1.105381664021936,3.7155727984375004,HDC,43.26723581190132,1.1009665869163455e-7,0.1945439144798109,0.85,12.738871019396303,NaN,0.4196489756640995,NaN,NaN,NaN,-5.468330555264793e10,NaN,2.377245400041687,NaN,NaN,NaN,NaN,NaN,-1454.4663780829983,NaN,NaN,NaN,NaN,NaN,NaN,NaN,NaN,43.26723581190132,NaN,0.4196489756640995,NaN,-0.37711383263421216,0.0,NaN,NaN,NaN,NaN,16.0,6.244564587055404e31,2.282342786836016e-5,13.344663780829983,8.341772054483837,8.341772054483837,NaN,1354.4663780829983,13.198233897131704,NaN
/gen03/case28,success,3,28,30,50,ife_moop_run,3,1.5675451755523682,4.056853338102707,30.700132145987965,654.3258696331978,32.104916143487316,1062.7523342514849,516.0744460401819,3271.6293481659886,3.660381965918466e7,2617.3034785327914,1.9440192427184981,101.90431065273657,3.888694076251446,1.1666082228754338,4.245427668458171,1.105381664021936,3.5225393328125003,HDC,37.226964161050226,8.937945216176557e-8,0.06038414772428523,0.85,12.738871019396303,NaN,1.0152794852507105,NaN,NaN,NaN,-3.6603819659184654e10,NaN,0.7001321459879648,NaN,NaN,NaN,NaN,NaN,-516.0744460401819,NaN,NaN,NaN,NaN,NaN,NaN,NaN,NaN,37.226964161050226,NaN,1.0152794852507105,NaN,0.006585610913354488,0.0,NaN,NaN,NaN,NaN,16.0,7.168783009172799e31,1.1766301791386602e-5,3.960744460401819,7.913748284157104,7.913748284157104,NaN,416.0744460401819,11.294199531301544,NaN
/gen03/case29,fail,3,29,30,50,ife_moop_run,4,1.006700038909912,NaN,NaN,NaN,NaN,NaN,NaN,NaN,NaN,NaN,NaN,NaN,NaN,NaN,NaN,NaN,NaN,NaN,NaN,NaN,NaN,NaN,NaN,NaN,NaN,NaN,NaN,NaN,NaN,NaN,NaN,NaN,NaN,NaN,NaN,NaN,NaN,NaN,NaN,NaN,NaN,NaN,NaN,NaN,NaN,NaN,NaN,NaN,NaN,NaN,NaN,NaN,NaN,NaN,NaN,NaN,NaN,NaN,NaN,NaN,NaN,NaN,NaN,NaN,NaN
/gen03/case30,success,3,30,30,50,ife_moop_run,5,1.389456033706665,3.3335116774382136,8.74453282020505,19.360281266030928,18.92318855088618,344.57507872088354,17.177792402462483,96.80140633015463,4.595191016166505e6,77.44112506412371,1.0524677299425007,5.115491296292209,1.08366210036574,0.325098630109722,1.7607244174772483,1.105381664021936,7.631057809375001,HDC,28.99100029941773,2.1065806837973472e-8,0.06057411309136055,0.85,45.86648628778341,NaN,23.337929320790895,NaN,NaN,NaN,-4.595191016166505e9,NaN,0.0,NaN,NaN,NaN,NaN,NaN,-17.177792402462483,NaN,NaN,NaN,NaN,NaN,NaN,NaN,NaN,28.99100029941773,NaN,23.337929320790895,NaN,1.368062320241997,0.8282220759753752,NaN,NaN,NaN,NaN,16.0,2.229692261292168e31,2.497282410516539e-7,0.6282220759753752,5.676652845994694,5.676652845994694,NaN,82.82220759753751,3.7109556299249453,NaN
/gen03/case31,success,3,31,30,50,ife_moop_run,7,1.3853521347045898,3.26354352785305,40.04664353438438,637.1738194754383,29.67122355079484,1051.059536266602,821.8830955706063,3185.8690973771913,3.151068487959902e7,2548.6952779017533,4.586246007986664,107.372353281058,3.977363003674585,1.1932089011023754,4.358588696667473,1.105381664021936,3.2332034109375005,HDC,32.65866359005375,1.0110440663382155e-7,0.13853635560649974,0.85,12.738871019396303,NaN,0.5684280253433195,NaN,NaN,NaN,-3.151068487959902e10,NaN,10.04664353438438,NaN,NaN,NaN,NaN,NaN,-821.8830955706063,NaN,NaN,NaN,NaN,NaN,NaN,NaN,NaN,32.65866359005375,NaN,0.5684280253433195,NaN,-0.24532451809166306,0.0,NaN,NaN,NaN,NaN,16.0,8.37194405887907e31,1.3163386376201762e-5,7.018830955706063,9.091719873678016,9.091719873678016,NaN,721.8830955706063,11.120492936274355,NaN
/gen03/case32,success,3,32,30,50,ife_moop_run,8,1.4239521026611328,5.195136372625807,24.933012802345996,786.6224579489282,35.5740662628894,1200.051762980721,939.8802280145176,3933.1122897446417,4.77683228828091e7,3146.4898317957127,4.612540580723439,110.56122346765949,3.7849804723563123,1.1354941417068938,4.350331905101173,1.105381664021936,4.1182782265625,HDC,44.27108172460905,8.233724887921683e-8,0.1450986806759326,0.85,12.738871019396303,NaN,0.6538553732677829,NaN,NaN,NaN,-4.7768322882809105e10,NaN,0.0,NaN,NaN,NaN,NaN,NaN,-939.8802280145176,NaN,NaN,NaN,NaN,NaN,NaN,NaN,NaN,44.27108172460905,NaN,0.6538553732677829,NaN,-0.18451830295674967,0.0,NaN,NaN,NaN,NaN,16.0,5.275421834177836e31,1.2239581220117554e-5,8.198802280145177,6.847571211092001,6.847571211092002,NaN,839.8802280145176,12.024299761328992,NaN
/gen03/case33,success,3,33,30,50,ife_moop_run,9,1.298025131225586,3.047740696423757,39.05685150642491,986.3796858470255,54.620821230059164,1740.2222203991575,1191.1062369375095,4931.898429235128,2.646677773579742e7,3945.518743388102,3.1691341589234585,90.29337747344202,3.5998552659505862,1.0799565797851758,4.112169352914064,1.105381664021936,3.4066673265625003,HDC,33.59756952451046,1.863429873657997e-7,0.10226397060064989,0.85,12.738871019396303,NaN,0.4210339766076471,NaN,NaN,NaN,-2.646677773579742e10,NaN,9.056851506424913,NaN,NaN,NaN,NaN,NaN,-1191.1062369375095,NaN,NaN,NaN,NaN,NaN,NaN,NaN,NaN,33.59756952451046,NaN,0.4210339766076471,NaN,-0.37568285604600665,0.0,NaN,NaN,NaN,NaN,16.0,7.547640002559617e31,4.016871980158755e-5,10.711062369375096,17.921741601623676,17.921741601623676,NaN,1091.1062369375095,10.39759368860208,NaN
/gen03/case34,success,3,34,30,50,ife_moop_run,6,1.358025074005127,4.969149423659622,31.397332467143237,1396.1254579523209,44.84241284699731,1911.1872014044395,1580.2399360796724,6980.6272897616045,5.772618858090704e7,5584.501831809283,5.7748995131564,155.67019806850186,4.467080701584951,1.3401242104754854,4.8856376543647455,1.105381664021936,3.6262992390625004,HDC,45.17269182665502,1.2092652332273414e-7,0.1419300553239576,0.85,12.738871019396303,NaN,0.4041029267233793,NaN,NaN,NaN,-5.772618858090704e10,NaN,1.3973324671432366,NaN,NaN,NaN,NaN,NaN,-1580.2399360796724,NaN,NaN,NaN,NaN,NaN,NaN,NaN,NaN,45.17269182665502,NaN,0.4041029267233793,NaN,-0.3935080041596513,0.0,NaN,NaN,NaN,NaN,16.0,6.588688953075767e31,2.862826461250068e-5,14.602399360796724,9.024162693415706,9.024162693415706,NaN,1480.2399360796724,13.400303987312382,NaN
/gen03/case35,success,3,35,30,50,ife_moop_run,2,1.431060791015625,2.8420252127312655,29.296202494996976,413.0443443591956,43.3703869575394,910.906381562483,599.628530223659,2065.221721795978,1.626990233093528e7,1652.1773774367823,2.9263449925673224,47.61824522842918,2.645147081074058,0.7935441243222174,3.3052295625142025,1.105381664021936,4.0756543953125,HDC,29.730471788448327,1.2693510260778917e-7,0.14638416864965356,0.85,12.738871019396303,NaN,0.7271881093559253,NaN,NaN,NaN,-1.626990233093528e10,NaN,0.0,NaN,NaN,NaN,NaN,NaN,-599.628530223659,NaN,NaN,NaN,NaN,NaN,NaN,NaN,NaN,29.730471788448327,NaN,0.7271881093559253,NaN,-0.13835323111079703,0.0,NaN,NaN,NaN,NaN,16.0,5.493146573272665e31,1.4322726880125935e-5,4.7962853022365906,15.260380788761283,15.260380788761282,NaN,499.628530223659,8.317951194328797,NaN
/gen03/case36,success,3,36,30,50,ife_moop_run,4,1.4756910800933838,3.2691845219397475,42.90896116501624,548.000796217543,22.635759225424607,869.1251996142953,623.258798890753,2740.0039810877147,3.421395519358345e7,2192.003184870172,3.5349490497953773,121.0475846557922,3.9117448670969672,1.1735234601290903,4.549618795315312,1.105381664021936,3.4552909015625004,HDC,32.04313614796099,8.008439730468755e-8,0.0980470053437116,0.85,12.738871019396303,NaN,0.7271887515149461,NaN,NaN,NaN,-3.4213955193583447e10,NaN,12.908961165016237,NaN,NaN,NaN,NaN,NaN,-623.258798890753,NaN,NaN,NaN,NaN,NaN,NaN,NaN,NaN,32.04313614796099,NaN,0.7271887515149461,NaN,-0.1383528475979308,0.0,NaN,NaN,NaN,NaN,16.0,7.152166092309983e31,8.621850361230392e-6,5.0325879889075305,6.923977240658732,6.923977240658732,NaN,523.258798890753,11.566242135288778,NaN
/gen03/case37,success,3,37,30,50,ife_moop_run,3,1.3850820064544678,3.251812520239609,12.028617541864776,112.4989193089702,55.16098443206767,641.3886478989946,-355.439303287132,562.4945965448509,6.845036224306622e6,449.9956772358808,0.6434296381194022,10.197327011768238,1.6029484200674884,0.48088452602024656,2.093645528217834,1.105381664021936,5.136504810937501,HDC,30.149514435204246,8.21755470843881e-8,0.056181925117765076,0.85,19.179908061868783,NaN,Inf,NaN,NaN,NaN,-6.845036224306622e9,NaN,0.0,NaN,NaN,NaN,NaN,NaN,355.439303287132,NaN,NaN,NaN,NaN,NaN,NaN,NaN,NaN,30.149514435204246,NaN,Inf,NaN,Inf,4.55439303287132,NaN,NaN,NaN,NaN,16.0,4.167478740076046e31,4.33629200491841e-6,4.35439303287132,16.96315027042308,16.96315027042308,NaN,455.439303287132,4.844356488881034,NaN
/gen03/case38,success,3,38,30,50,ife_moop_run,5,1.461622953414917,1.7227877175804889,66.06316075200647,231.34493087708387,16.482915385517668,641.10302226426,483.9334972212021,1156.7246543854192,1.3814813984310552e7,925.3797235083355,4.07905427014954,70.17718815700216,3.4413557261994514,1.0324067178598355,3.9122088138323186,1.105381664021936,2.75510156796875,HDC,21.720893706661307,8.373074409102492e-8,0.11593845713788253,0.85,16.841781652017307,NaN,0.6627209462762618,NaN,NaN,NaN,-1.3814813984310553e10,NaN,36.06316075200647,NaN,NaN,NaN,NaN,NaN,-483.9334972212021,NaN,NaN,NaN,NaN,NaN,NaN,NaN,NaN,21.720893706661307,NaN,0.6627209462762618,NaN,-0.17866930267216558,0.0,NaN,NaN,NaN,NaN,16.0,1.1676490900247602e32,5.029512711846388e-6,3.639334972212021,9.567583525999677,9.567583525999677,NaN,383.9334972212021,8.751503852930957,NaN
/gen03/case39,success,3,39,30,50,ife_moop_run,7,1.3957149982452393,3.804249015192822,14.50476698797045,303.4256629125147,73.44219522333883,869.718946941991,422.0848219626291,1517.1283145625735,1.227944647396012e7,1213.702651650059,1.9429236923840187,20.657447805705743,2.02779301121182,0.608337903363546,2.573485896282745,1.105381664021936,4.9633474515625,HDC,35.097598070490164,1.2355022009988858e-7,0.16975589992315626,0.85,12.738871019396303,NaN,1.2070343967070631,NaN,NaN,NaN,-1.227944647396012e10,NaN,0.0,NaN,NaN,NaN,NaN,NaN,-422.0848219626291,NaN,NaN,NaN,NaN,NaN,NaN,NaN,NaN,35.097598070490164,NaN,1.2070343967070631,NaN,0.08171964630880217,0.0,NaN,NaN,NaN,NaN,16.0,4.209746315249742e31,1.3310448277456904e-5,3.0208482196262914,19.30530702118519,19.30530702118519,NaN,322.0848219626291,6.399806020401927,NaN
/gen03/case40,success,3,40,30,50,ife_moop_run,9,1.426966905593872,7.41153277513291,4.1623854190159095,70.89447315425849,103.072088195353,641.2888789567439,105.84521585572534,354.4723657712924,7.74936144735432e6,283.57789261703397,1.1976775955153218,3.4390723228529074,1.103834830890122,0.33115044926703663,1.8079140694352638,1.105381664021936,9.403603584375002,HDC,54.026516458702964,4.574213864967048e-8,0.19804658122111984,0.85,20.661519702576424,NaN,6.989433409415051,NaN,NaN,NaN,-7.74936144735432e9,NaN,0.0,NaN,NaN,NaN,NaN,NaN,-105.84521585572534,NaN,NaN,NaN,NaN,NaN,NaN,NaN,NaN,54.026516458702964,NaN,6.989433409415051,NaN,0.8444419715771762,0.0,NaN,NaN,NaN,NaN,16.0,1.8504700994771335e31,2.2403149686653868e-6,0.0,13.906986762735409,13.906986762735409,NaN,5.845215855725348,3.289148068526192,NaN
/gen03/case41,success,3,41,30,50,ife_moop_run,8,1.390204906463623,4.86375330984809,5.976477559485883,45.89115848273766,56.48184278331812,518.2874203426217,-113.13564801304626,229.45579241368827,5.724591101869985e6,183.56463393095063,0.8208243352469359,4.062470009945531,1.3607591812485964,0.4082277543745789,1.7558235852837059,1.105381664021936,5.614110064062501,HDC,38.607163384824446,4.0082477216361296e-8,0.09162837291924457,0.85,27.07050706600188,NaN,Inf,NaN,NaN,NaN,-5.724591101869985e9,NaN,0.0,NaN,NaN,NaN,NaN,NaN,113.13564801304626,NaN,NaN,NaN,NaN,NaN,NaN,NaN,NaN,38.607163384824446,NaN,Inf,NaN,Inf,2.1313564801304627,NaN,NaN,NaN,NaN,16.0,4.08516240097413e31,1.2109605617975443e-6,1.9313564801304628,11.612809940206901,11.612809940206901,NaN,213.13564801304628,3.451574375430376,NaN
/gen03/case42,success,3,42,30,50,ife_moop_run,6,1.3287949562072754,3.701023316009092,38.3156897393679,613.8870082997923,24.261861373562688,941.2260073420122,747.3422646158812,3069.435041498962,3.9135257417388976e7,2455.5480331991694,4.854589632466161,126.51275985129564,3.9525340943639304,1.1857602283091793,4.592235079061684,1.105381664021936,3.6096200765625004,HDC,34.79304857983102,7.843145143425375e-8,0.1356292137218267,0.85,12.738871019396303,NaN,0.6543705384828651,NaN,NaN,NaN,-3.913525741738898e10,NaN,8.315689739367897,NaN,NaN,NaN,NaN,NaN,-747.3422646158812,NaN,NaN,NaN,NaN,NaN,NaN,NaN,NaN,34.79304857983102,NaN,0.6543705384828651,NaN,-0.1841762619992455,0.0,NaN,NaN,NaN,NaN,16.0,6.575894827378391e31,9.144382803097967e-6,6.273422646158812,6.555446778358823,6.555446778358823,NaN,647.3422646158812,11.964318235818142,NaN
/gen03/case43,success,3,43,30,50,ife_moop_run,2,1.4476630687713623,2.856427152343569,38.42707115356083,261.65776489776823,16.862316463861177,641.1170998301254,506.76403880904314,1308.288824488841,2.26242707161074e7,1046.631059591073,4.771883088912453,77.58654199692714,3.5873965793890625,1.0762189738167187,3.90933602046283,1.105381664021936,3.1739786203125004,HDC,28.263554729497024,5.782678438149178e-8,0.14128097192984979,0.85,16.667720184681915,NaN,0.7872099495194114,NaN,NaN,NaN,-2.26242707161074e10,NaN,8.427071153560831,NaN,NaN,NaN,NaN,NaN,-506.76403880904314,NaN,NaN,NaN,NaN,NaN,NaN,NaN,NaN,28.263554729497024,NaN,0.7872099495194114,NaN,-0.10390942550904314,0.0,NaN,NaN,NaN,NaN,16.0,8.889337792653428e31,3.5098727396966723e-6,3.8676403880904315,5.903289516774972,5.903289516774972,NaN,406.76403880904314,9.79568835598684,NaN
/gen03/case44,success,3,44,30,50,ife_moop_run,4,1.4555749893188477,3.21044604295479,38.46857979187945,1062.9667833986134,54.7023786338299,1816.3162981176395,1427.5350557504323,5314.833916993067,2.9055423891990237e7,4251.867133594454,4.671820808685293,97.15910075080691,3.5924627948922225,1.0777388384676667,4.209888029176951,1.105381664021936,3.5708031734375005,HDC,34.77320758922599,1.829205430542081e-7,0.14634864576775525,0.85,12.738871019396303,NaN,0.3615922906937122,NaN,NaN,NaN,-2.9055423891990234e10,NaN,8.46857979187945,NaN,NaN,NaN,NaN,NaN,-1427.5350557504323,NaN,NaN,NaN,NaN,NaN,NaN,NaN,NaN,34.77320758922599,NaN,0.3615922906937122,NaN,-0.44178083744687185,0.0,NaN,NaN,NaN,NaN,16.0,6.809022826913686e31,4.1155150045716156e-5,13.075350557504324,17.038871827132038,17.038871827132038,NaN,1327.5350557504323,10.735484421153549,NaN
/gen03/case45,success,3,45,30,50,ife_moop_run,3,1.5225811004638672,3.1627780866465485,39.83570150629337,1158.6649451774963,57.80031082915116,1964.2819928373408,1457.770347265582,5793.324725887482,2.9296716898709726e7,4634.659780709985,3.878058895605502,100.22999258622778,3.859020417926783,1.157706125378035,4.259766382512102,1.105381664021936,3.2539147265625004,HDC,34.9246199008173,1.977465511209766e-7,0.1175970322369758,0.85,12.738871019396303,NaN,0.3578999413011485,NaN,NaN,NaN,-2.9296716898709724e10,NaN,9.835701506293368,NaN,NaN,NaN,NaN,NaN,-1457.770347265582,NaN,NaN,NaN,NaN,NaN,NaN,NaN,NaN,34.9246199008173,NaN,0.3578999413011485,NaN,-0.44623837283824214,0.0,NaN,NaN,NaN,NaN,16.0,8.28582044090014e31,4.811527590635325e-5,13.377703472655819,18.275171145641792,18.275171145641792,NaN,1357.770347265582,10.820503378330036,NaN
/gen03/case46,success,3,46,30,50,ife_moop_run,5,1.397718906402588,2.4765715421246144,53.28969624987868,922.7741573822519,45.536893627023765,1620.6570604886033,1284.4497140410003,4613.8707869112595,2.4024545171464454e7,3691.0966295290077,4.820409421782752,101.32159704835836,3.8135875870731133,1.144076276121934,4.345392352023394,1.105381664021936,3.0640007835937504,HDC,29.96684995835782,1.9204820544912792e-7,0.1417679082705911,0.85,12.738871019396303,NaN,0.3539736154217182,NaN,NaN,NaN,-2.4024545171464455e10,NaN,23.28969624987868,NaN,NaN,NaN,NaN,NaN,-1284.4497140410003,NaN,NaN,NaN,NaN,NaN,NaN,NaN,NaN,29.96684995835782,NaN,0.3539736154217182,NaN,-0.4510291083239282,0.0,NaN,NaN,NaN,NaN,16.0,9.194618106978205e31,3.8554192045810214e-5,11.644497140410005,18.38706972622254,18.38706972622254,NaN,1184.4497140410003,10.444742327552076,NaN
/gen03/case47,success,3,47,30,50,ife_moop_run,7,1.2977790832519531,5.971686148792936,13.218791059968694,937.9390103639435,119.05462595261909,2028.2845278018524,1071.559360444237,4689.695051819717,2.7730400969984576e7,3751.756041455774,2.120028402099824,39.39111995266865,2.701839190941011,0.8105517572823032,3.1880207993481244,1.105381664021936,4.8824791640625005,HDC,51.23072358802727,1.6911746270441057e-7,0.12642183736755616,0.85,12.738871019396303,NaN,0.6835282083656178,NaN,NaN,NaN,-2.7730400969984577e10,NaN,0.0,NaN,NaN,NaN,NaN,NaN,-1071.559360444237,NaN,NaN,NaN,NaN,NaN,NaN,NaN,NaN,51.23072358802727,NaN,0.6835282083656178,NaN,-0.1652435579290171,0.0,NaN,NaN,NaN,NaN,16.0,4.281647459038692e31,4.2490081039297365e-5,9.515593604442369,19.936517590879042,19.936517590879042,NaN,971.5593604442369,8.482798559653258,NaN
/gen03/case48,success,3,48,30,50,ife_moop_run,9,1.3910300731658936,4.25553457652867,8.153933905762193,78.62174256463243,57.364454214404624,642.2119912382145,177.62686567718006,393.1087128231622,6.900588002030924e6,314.4869702585297,1.382334379437304,6.852827560319572,1.3595799334456804,0.4078739800337041,1.9493461470560576,1.105381664021936,6.491994884375001,HDC,35.67099293681121,5.696742258883818e-8,0.12759419952521758,0.85,23.97237603478342,NaN,2.838060790796635,NaN,NaN,NaN,-6.900588002030924e9,NaN,0.0,NaN,NaN,NaN,NaN,NaN,-177.62686567718006,NaN,NaN,NaN,NaN,NaN,NaN,NaN,NaN,35.67099293681121,NaN,2.838060790796635,NaN,0.4530216937376544,0.0,NaN,NaN,NaN,NaN,16.0,2.93096035390282e31,2.40821394857469e-6,0.5762686567718005,13.479964310664355,13.479964310664355,NaN,77.62686567718005,4.226081113862427,NaN
/gen03/case49,fail,3,49,30,50,ife_moop_run,6,1.1517000198364258,NaN,NaN,NaN,NaN,NaN,NaN,NaN,NaN,NaN,NaN,NaN,NaN,NaN,NaN,NaN,NaN,NaN,NaN,NaN,NaN,NaN,NaN,NaN,NaN,NaN,NaN,NaN,NaN,NaN,NaN,NaN,NaN,NaN,NaN,NaN,NaN,NaN,NaN,NaN,NaN,NaN,NaN,NaN,NaN,NaN,NaN,NaN,NaN,NaN,NaN,NaN,NaN,NaN,NaN,NaN,NaN,NaN,NaN,NaN,NaN,NaN,NaN,NaN,NaN
/gen03/case50,success,3,50,30,50,ife_moop_run,8,1.4583711624145508,4.621736672096951,30.080381659656485,621.1635820783292,24.717756193293333,923.0036419788679,727.1885645680027,3105.8179103916464,4.7040956063020304e7,2484.654328313317,4.713649501269982,125.6512883331355,4.131233992665361,1.2393701977996083,4.547133650765029,1.105381664021936,3.6517402796875005,HDC,40.023517206958296,6.602369871545155e-8,0.13670185333675075,0.85,12.738871019396303,NaN,0.7615993562821627,NaN,NaN,NaN,-4.70409560630203e10,NaN,0.08038165965648503,NaN,NaN,NaN,NaN,NaN,-727.1885645680027,NaN,NaN,NaN,NaN,NaN,NaN,NaN,NaN,40.023517206958296,NaN,0.7615993562821627,NaN,-0.11827343169714141,0.0,NaN,NaN,NaN,NaN,16.0,6.5893609966123895e31,7.5487230541025e-6,6.071885645680027,5.348153291061154,5.348153291061154,NaN,627.1885645680027,12.345139550469291,NaN
/gen03/case51,success,3,51,30,50,ife_moop_run,2,1.518630027770996,6.1684221234962155,27.20907598629804,1583.8740723642145,44.04671704975779,2001.0989244149175,1180.4253515865607,7919.370361821073,7.638457594635625e7,6335.496289456858,2.4383615979229853,179.79479271689831,4.377306557126949,1.3131919671380847,5.11138676267908,1.105381664021936,4.2557030140625,HDC,52.29511045469861,1.0367761113687045e-7,0.05467067375082147,0.85,12.738871019396303,NaN,0.6166600476413702,NaN,NaN,NaN,-7.638457594635626e10,NaN,0.0,NaN,NaN,NaN,NaN,NaN,-1180.4253515865607,NaN,NaN,NaN,NaN,NaN,NaN,NaN,NaN,52.29511045469861,NaN,0.6166600476413702,NaN,-0.20995418786517187,0.0,NaN,NaN,NaN,NaN,16.0,4.773047739701363e31,2.5699446383812803e-5,10.604253515865608,7.140678145546959,7.140678145546958,NaN,1080.4253515865607,14.51929480976894,NaN
/gen03/case52,success,3,52,30,50,ife_moop_run,4,1.5135138034820557,9.10883095119566,8.090775651538008,330.9905859836268,59.54115164414102,787.6023377796375,300.4239313102198,1654.9529299181338,3.2841953362622153e7,1323.962343934507,1.6166610164177684,27.795111183090206,2.4735477741457217,0.7420643322437166,3.0279252787232074,1.105381664021936,5.873885204687501,HDC,65.29555397730243,5.039142805073395e-8,0.12609884490344098,0.85,12.738871019396303,NaN,2.9177164032331158,NaN,NaN,NaN,-3.284195336262215e10,NaN,0.0,NaN,NaN,NaN,NaN,NaN,-300.4239313102198,NaN,NaN,NaN,NaN,NaN,NaN,NaN,NaN,65.29555397730243,NaN,2.9177164032331158,NaN,0.4650430769692102,0.0,NaN,NaN,NaN,NaN,16.0,3.3074109236232057e31,4.91624921442938e-6,1.804239313102198,6.536640317858288,6.536640317858288,NaN,200.4239313102198,7.709071571991368,NaN
/gen03/case53,success,3,53,30,50,ife_moop_run,3,1.580146074295044,4.905250195246099,4.432311530771233,32.06812535840472,84.86628112190166,521.0913868784315,-143.82798084854727,160.3406267920236,3.670210830632406e6,128.27250143361888,0.7836910942446721,1.8893325437662436,1.058829470897891,0.3176488412693672,1.4826736253888175,1.105381664021936,6.368584096875001,HDC,38.79652686666503,4.368703439426003e-8,0.13057970778546285,0.85,28.494194645099373,NaN,Inf,NaN,NaN,NaN,-3.670210830632406e9,NaN,0.0,NaN,NaN,NaN,NaN,NaN,143.82798084854727,NaN,NaN,NaN,NaN,NaN,NaN,NaN,NaN,38.79652686666503,NaN,Inf,NaN,Inf,2.438279808485473,NaN,NaN,NaN,NaN,16.0,3.5300499907054654e31,1.2606985125860862e-6,2.2382798084854727,17.301111613868226,17.301111613868226,NaN,243.82798084854727,2.525099853077728,NaN
/gen03/case54,success,3,54,30,50,ife_moop_run,5,1.498297929763794,3.1437620167856015,36.948675877505465,909.5862524205745,52.22331764007484,1616.2888083084429,1212.6449603000283,4547.931262102872,2.652044101799553e7,3638.345009682298,4.004244871520373,87.0862187164629,3.6912169421969314,1.1073650826590793,4.054260961952586,1.105381664021936,3.2828999328125,HDC,33.7856958926704,1.7148776896345197e-7,0.13437320031615207,0.85,12.738871019396303,NaN,0.41262807350644165,NaN,NaN,NaN,-2.652044101799553e10,NaN,6.948675877505465,NaN,NaN,NaN,NaN,NaN,-1212.6449603000283,NaN,NaN,NaN,NaN,NaN,NaN,NaN,NaN,33.7856958926704,NaN,0.41262807350644165,NaN,-0.3844412277584719,0.0,NaN,NaN,NaN,NaN,16.0,8.243419732729778e31,3.433383719092053e-5,10.926449603000284,16.611727402149718,16.611727402149718,NaN,1112.6449603000283,10.323295393184685,NaN
/gen03/case55,success,3,55,30,50,ife_moop_run,7,1.3546769618988037,3.408972685745389,5.651738837156652,6.173219613588252,17.097483816606513,161.58980387937885,47.277369250512926,30.86609806794126,2.5202235616405043e6,24.692878454353007,1.413580284629635,1.8053006161036111,0.7590803068924766,0.22772409206774297,1.385612845791457,1.105381664021936,9.593468259375001,HDC,28.992490865131792,1.22473650900436e-8,0.17215854067519756,0.85,44.38883211625696,NaN,8.341390773745054,NaN,NaN,NaN,-2.5202235616405044e9,NaN,0.0,NaN,NaN,NaN,NaN,NaN,-47.277369250512926,NaN,NaN,NaN,NaN,NaN,NaN,NaN,NaN,28.992490865131792,NaN,8.341390773745054,NaN,0.9212384673052271,0.5272263074948708,NaN,NaN,NaN,NaN,16.0,1.7440531787403375e31,7.035323419977912e-8,0.32722630749487075,5.015435849075471,5.015435849075471,NaN,52.722630749487074,2.441934351986825,NaN
/gen03/case56,success,3,56,30,50,ife_moop_run,9,1.360292911529541,4.957517143607791,24.894407565924826,942.1225630458507,46.66281646735629,1492.033645728401,1126.0252652856054,4710.612815229253,4.320643809621946e7,3768.490252183403,4.076501319241225,100.95003199227455,3.888408855207286,1.1665226565621858,4.222038499503485,1.105381664021936,3.7650691203125004,HDC,43.83653370264861,1.0902571521259997e-7,0.13293932301129482,0.85,12.738871019396303,NaN,0.5476598325626155,NaN,NaN,NaN,-4.320643809621946e10,NaN,0.0,NaN,NaN,NaN,NaN,NaN,-1126.0252652856054,NaN,NaN,NaN,NaN,NaN,NaN,NaN,NaN,43.83653370264861,NaN,0.5476598325626155,NaN,-0.26148911069822817,0.0,NaN,NaN,NaN,NaN,16.0,6.379955030831356e31,2.0150127033775943e-5,10.060252652856056,9.412537590015841,9.412537590015841,NaN,1026.0252652856054,11.583031055115978,NaN
/gen03/case57,success,3,57,30,50,ife_moop_run,6,1.375197172164917,3.51117792625287,29.848519431591875,642.3816936155514,43.611351992105426,1187.5772283463348,934.636992150141,3211.9084680777573,2.6061038656926196e7,2569.5267744622056,4.695090216588505,73.64844980405974,3.141783509934645,0.9425350529803934,3.8133697838877745,1.105381664021936,4.0290703578125004,HDC,34.54420209251755,1.232456046882895e-7,0.18328699966551965,0.85,12.738871019396303,NaN,0.5327823305851396,NaN,NaN,NaN,-2.6061038656926197e10,NaN,0.0,NaN,NaN,NaN,NaN,NaN,-934.636992150141,NaN,NaN,NaN,NaN,NaN,NaN,NaN,NaN,34.54420209251755,NaN,0.5327823305851396,NaN,-0.2734501867217987,0.0,NaN,NaN,NaN,NaN,16.0,5.504738088610335e31,1.813023898542528e-5,8.14636992150141,12.420718319634537,12.420718319634537,NaN,834.636992150141,9.922582697448682,NaN
/gen03/case58,success,3,58,30,50,ife_moop_run,8,1.4597091674804688,3.182953041919472,12.814832875532856,80.54972976163148,35.742072941203006,578.0075205514735,58.12366866409648,402.7486488081574,7.14007840142168e6,322.19891904652593,1.1118012580177001,11.268195033642659,1.53754684553563,0.461264053660689,2.146524031640235,1.105381664021936,5.657103014062501,HDC,29.243021944006724,5.640675440314003e-8,0.0707926641099543,0.85,25.031594542304052,NaN,7.180888072277415,NaN,NaN,NaN,-7.14007840142168e9,NaN,0.0,NaN,NaN,NaN,NaN,NaN,-58.12366866409648,NaN,NaN,NaN,NaN,NaN,NaN,NaN,NaN,29.243021944006724,NaN,7.180888072277415,NaN,0.8561781574789975,0.41876331335903527,NaN,NaN,NaN,NaN,16.0,3.4343015741863005e31,2.05530961011952e-6,0.21876331335903526,11.229217795701075,11.229217795701075,NaN,41.87633133590352,5.023213141767937,NaN
/gen03/case59,success,3,59,30,50,ife_moop_run,2,1.318579912185669,1.8589432268684247,67.35221242428138,343.25096622667553,20.485674974042553,671.6229611533186,511.50811563095925,1716.2548311333776,1.6611848262545085e7,1373.0038649067021,4.194632664836377,83.77829060101989,3.502212935881944,1.0506638807645834,4.1530859435862455,1.105381664021936,2.9302546710937505,HDC,23.192755989716957,1.0331510401542953e-7,0.14116870607071094,0.85,12.738871019396303,NaN,0.6696946107132342,NaN,NaN,NaN,-1.6611848262545084e10,NaN,37.352212424281376,NaN,NaN,NaN,NaN,NaN,-511.50811563095925,NaN,NaN,NaN,NaN,NaN,NaN,NaN,NaN,23.192755989716957,NaN,0.6696946107132342,NaN,-0.17412319598232331,0.0,NaN,NaN,NaN,NaN,16.0,1.003999629232723e32,8.595271114115407e-6,3.9150811563095926,11.02006488307484,11.02006488307484,NaN,411.50811563095925,9.375181100258853,NaN
/gen03/case60,success,3,60,30,50,ife_moop_run,4,1.4800951480865479,4.531941344992646,25.736677713520237,426.1843414638215,23.474274124975366,708.467329744856,349.4475504636334,2130.9217073191076,3.728108200305879e7,1704.737365855286,1.9733378789415073,90.77689456867684,3.4684341793651576,1.0405302538095473,4.077457520319433,1.105381664021936,4.1359896703125,HDC,38.68473278852054,5.715825809841764e-8,0.068235245583906,0.85,12.738871019396303,NaN,1.5241885138740272,NaN,NaN,NaN,-3.728108200305879e10,NaN,0.0,NaN,NaN,NaN,NaN,NaN,-349.4475504636334,NaN,NaN,NaN,NaN,NaN,NaN,NaN,NaN,38.68473278852054,NaN,1.5241885138740272,NaN,0.18303868450496585,0.0,NaN,NaN,NaN,NaN,16.0,5.257657699137172e31,5.016132971218176e-6,2.2944755046363334,5.179739175334243,5.179739175334243,NaN,249.44755046363335,11.034968395822611,NaN
/gen03/case61,success,3,61,30,50,ife_moop_run,3,1.3484690189361572,3.0809706280832163,6.921640889342485,15.862480804948634,31.82957705727072,376.28179374515753,149.16695667392347,79.31240402474317,2.769769323779723e6,63.449923219794535,1.656790893089638,2.4917831575970038,1.129376436221107,0.33881293086633213,1.4687549714119679,1.105381664021936,5.152295585937501,HDC,27.658889962432024,2.8635021459661022e-8,0.1500582302339438,0.85,45.6597792088845,NaN,2.622517607244572,NaN,NaN,NaN,-2.769769323779723e9,NaN,0.0,NaN,NaN,NaN,NaN,NaN,-149.16695667392347,NaN,NaN,NaN,NaN,NaN,NaN,NaN,NaN,27.658889962432024,NaN,2.622517607244572,NaN,0.4187184126724552,0.0,NaN,NaN,NaN,NaN,16.0,4.765662799636594e31,3.7237291051894073e-7,0.2916695667392346,10.331022557353315,10.331022557353315,NaN,49.166956673923465,2.771750937595182,NaN
/gen03/case62,success,3,62,30,50,ife_moop_run,5,1.4638571739196777,3.283828182757139,8.67488858023897,59.71022782199387,61.20131342713227,595.9035365440648,272.29083954621217,298.55113910996937,4.402392950910957e6,238.84091128797547,1.841409629697005,4.878181894992031,1.0792075574925457,0.3237622672477637,1.7371961867379626,1.105381664021936,7.4769163218750005,HDC,29.91214863923625,6.781564990653372e-8,0.19831106763425918,0.85,25.218215633976136,NaN,1.6039138447024832,NaN,NaN,NaN,-4.402392950910957e9,NaN,0.0,NaN,NaN,NaN,NaN,NaN,-272.29083954621217,NaN,NaN,NaN,NaN,NaN,NaN,NaN,NaN,29.91214863923625,NaN,1.6039138447024832,NaN,0.20518103615811129,0.0,NaN,NaN,NaN,NaN,16.0,2.312897753617291e31,2.5286731950687464e-6,1.522908395462122,18.63718502340977,18.63718502340977,NaN,172.2908395462122,3.638728156712075,NaN
/gen03/case63,success,3,63,30,50,ife_moop_run,9,1.2318189144134521,2.906190458676984,44.00590707798393,937.7602758193642,46.50741889756181,1607.8412109806313,1237.8112385051074,4688.801379096821,2.73855560203658e7,3751.041103277457,4.345164799013638,100.81835307662354,3.875885545663916,1.162765663699175,4.288870775283672,1.105381664021936,3.1523319953125,HDC,32.39602835357895,1.712143940261758e-7,0.13099575388883,0.85,12.738871019396303,NaN,0.3892602261944747,NaN,NaN,NaN,-2.73855560203658e10,NaN,14.005907077983927,NaN,NaN,NaN,NaN,NaN,-1237.8112385051074,NaN,NaN,NaN,NaN,NaN,NaN,NaN,NaN,32.39602835357895,NaN,0.3892602261944747,NaN,-0.40975996932761616,0.0,NaN,NaN,NaN,NaN,16.0,8.79481697474138e31,3.4099943269204634e-5,11.178112385051074,16.002880595352956,16.002880595352956,NaN,1137.8112385051074,10.6989734133175,NaN
/gen03/case64,success,3,64,30,50,ife_moop_run,7,1.4962730407714844,3.259007449828757,38.265356767595506,599.4164554686895,30.250198660471288,1015.3597053070652,736.9581699458384,2997.082277343448,2.9816290995073594e7,2397.665821874758,3.6471052646661355,99.07644941386161,3.7173834722759125,1.1152150416827737,4.236136922675322,1.105381664021936,3.4460629328125,HDC,32.50351756339172,1.0051827968269566e-7,0.11484442799084835,0.85,12.738871019396303,NaN,0.6307933828931959,NaN,NaN,NaN,-2.9816290995073597e10,NaN,8.265356767595506,NaN,NaN,NaN,NaN,NaN,-736.9581699458384,NaN,NaN,NaN,NaN,NaN,NaN,NaN,NaN,32.50351756339172,NaN,0.6307933828931959,NaN,-0.20011287112633747,0.0,NaN,NaN,NaN,NaN,16.0,7.346853106657458e31,1.2642565112381927e-5,6.1695816994583845,9.282028079457373,9.282028079457373,NaN,636.9581699458384,10.829344494783296,NaN
/gen03/case65,success,3,65,30,50,ife_moop_run,6,1.4122989177703857,7.128831675446313,10.596336084421587,854.8322573312598,128.0750836589164,1934.630656609144,759.3862133223168,4274.161286656298,2.9351368124902625e7,3419.3290293250393,1.64615171563673,33.37230915295785,2.5025347877275834,0.750760436318275,3.0917609815090947,1.105381664021936,5.5659494515625,HDC,57.59228428678071,1.4562051310412225e-7,0.11038629350906068,0.85,12.738871019396303,NaN,1.0665481233599987,NaN,NaN,NaN,-2.9351368124902622e10,NaN,0.0,NaN,NaN,NaN,NaN,NaN,-759.3862133223168,NaN,NaN,NaN,NaN,NaN,NaN,NaN,NaN,57.59228428678071,NaN,1.0665481233599987,NaN,0.027980455883137745,0.0,NaN,NaN,NaN,NaN,16.0,3.4761649366835215e31,3.489722148320405e-5,6.393862133223169,17.965788714024875,17.965788714024875,NaN,659.3862133223168,8.105433912313828,NaN
/gen03/case66,success,3,66,30,50,ife_moop_run,8,1.4385437965393066,7.1263181463542615,10.95981082474462,924.3848052229795,128.29371739409453,2032.5247923749428,1145.004141675724,4621.924026114897,3.07731703755789e7,3697.539220891918,2.2901154928323657,36.026113515108484,2.6873105284373477,0.8061931585312044,3.155976053050557,1.105381664021936,5.1158247765625005,HDC,57.890262463794365,1.501933005181287e-7,0.14703802974896102,0.85,12.738871019396303,NaN,0.7117016680877292,NaN,NaN,NaN,-3.07731703755789e10,NaN,0.0,NaN,NaN,NaN,NaN,NaN,-1145.004141675724,NaN,NaN,NaN,NaN,NaN,NaN,NaN,NaN,57.890262463794365,NaN,0.7117016680877292,NaN,-0.14770201627164542,0.0,NaN,NaN,NaN,NaN,16.0,4.0376975515014265e31,3.781435005388623e-5,10.250041416757242,18.00280520169143,18.00280520169143,NaN,1045.004141675724,8.342772075543955,NaN
/gen03/case67,success,3,67,30,50,ife_moop_run,2,1.3340368270874023,2.9483860450513966,27.238877313900254,357.5859947361616,40.00641785833357,801.8361808361609,416.89626629167634,1787.929973680808,1.610708315725903e7,1430.3439789446463,2.083016467089434,44.691078816704696,2.641559209331959,0.7924677627995876,3.2347747850024224,1.105381664021936,4.0416016265625005,HDC,29.93078339899267,1.110027157757012e-7,0.10814301535316725,0.85,12.738871019396303,NaN,1.041656919482699,NaN,NaN,NaN,-1.610708315725903e10,NaN,0.0,NaN,NaN,NaN,NaN,NaN,-416.89626629167634,NaN,NaN,NaN,NaN,NaN,NaN,NaN,NaN,29.93078339899267,NaN,1.041656919482699,NaN,0.017724703119135474,0.0,NaN,NaN,NaN,NaN,16.0,5.651550759834349e31,1.1025276263059011e-5,2.968962662916763,13.568921181634536,13.568921181634536,NaN,316.89626629167634,8.180658896150328,NaN
/gen03/case68,success,3,68,30,50,ife_moop_run,4,1.365494966506958,2.5815233952586047,36.27992311489862,457.87671214357186,39.53647173022261,958.6716588464719,196.41054166297698,2289.3835607178594,1.7061790920847837e7,1831.5068485742875,1.257668320258419,57.90561121233792,2.896510483202643,0.8689531449607928,3.5434870674412764,1.105381664021936,3.7152193203125004,HDC,28.337168033037727,1.341819022011609e-7,0.052908509249403594,0.85,12.738871019396303,NaN,2.1344999535516855,NaN,NaN,NaN,-1.7061790920847837e10,NaN,6.279923114898622,NaN,NaN,NaN,NaN,NaN,-196.41054166297698,NaN,NaN,NaN,NaN,NaN,NaN,NaN,NaN,28.337168033037727,NaN,2.1344999535516855,NaN,0.32929614968939314,0.0,NaN,NaN,NaN,NaN,16.0,6.4468776895104305e31,1.5934339284199877e-5,0.7641054166297698,15.315170802959944,15.315170802959944,NaN,96.41054166297698,8.761371579037677,NaN
/gen03/case69,success,3,69,30,50,ife_moop_run,3,1.2995998859405518,2.9230855360793195,12.501034626119083,50.87175446124947,28.021904978209513,517.6435169907545,230.29446085964466,254.3587723062474,5.772171196758438e6,203.4870178449979,1.8014449880585908,9.077140633516626,1.3080642621528848,0.3924192786458654,2.0103275841914456,1.105381664021936,6.542094934375001,HDC,27.35165405708277,4.406639436631598e-8,0.10288967171863327,0.85,32.482014513135375,NaN,1.6914062218110721,NaN,NaN,NaN,-5.772171196758438e9,NaN,0.0,NaN,NaN,NaN,NaN,NaN,-230.29446085964466,NaN,NaN,NaN,NaN,NaN,NaN,NaN,NaN,27.35165405708277,NaN,1.6914062218110721,NaN,0.2282479238035765,0.0,NaN,NaN,NaN,NaN,16.0,2.680040598557383e31,1.10814478707416e-6,1.1029446085964465,9.586412929877781,9.586412929877781,NaN,130.29446085964466,4.596755291958594,NaN
/gen03/case70,success,3,70,30,50,ife_moop_run,5,1.4042069911956787,1.6486027996808221,33.637826796677395,53.09512027911689,12.381807378747427,513.1421641866989,363.0504695972162,265.4756013955844,5.989303897080996e6,212.38048111646756,3.418857822814242,21.440779465787536,1.9617154508207124,0.5885146352462137,2.5578241857515045,1.105381664021936,3.8443139109375,HDC,19.850964880009734,4.432495093878425e-8,0.09165483797041206,0.85,39.60963619637125,NaN,0.8001904228904085,NaN,NaN,NaN,-5.989303897080996e9,NaN,3.6378267966773947,NaN,NaN,NaN,NaN,NaN,-363.0504695972162,NaN,NaN,NaN,NaN,NaN,NaN,NaN,NaN,19.850964880009734,NaN,0.8001904228904085,NaN,-0.09680665079598481,0.0,NaN,NaN,NaN,NaN,16.0,6.312209369357247e31,9.061211747201277e-7,2.4305046959721617,7.510485473605048,7.510485473605049,NaN,263.0504695972162,5.901742449880298,NaN
/gen03/case71,fail,3,71,30,50,ife_moop_run,9,0.9747209548950195,NaN,NaN,NaN,NaN,NaN,NaN,NaN,NaN,NaN,NaN,NaN,NaN,NaN,NaN,NaN,NaN,NaN,NaN,NaN,NaN,NaN,NaN,NaN,NaN,NaN,NaN,NaN,NaN,NaN,NaN,NaN,NaN,NaN,NaN,NaN,NaN,NaN,NaN,NaN,NaN,NaN,NaN,NaN,NaN,NaN,NaN,NaN,NaN,NaN,NaN,NaN,NaN,NaN,NaN,NaN,NaN,NaN,NaN,NaN,NaN,NaN,NaN,NaN,NaN
/gen03/case72,success,3,72,30,50,ife_moop_run,7,1.4327120780944824,2.327838086066187,54.976647081119374,420.871111911472,22.26965331332975,763.5528942304467,629.321474317691,2104.35555955736,2.1754795882845785e7,1683.484447645888,5.688332096365523,94.4943116064485,3.7761541260867304,1.1328462378260191,4.255620537182289,1.105381664021936,2.9703462851562503,HDC,26.248276195537674,9.673065060641173e-8,0.18677671816392816,0.85,12.738871019396303,NaN,0.6056740720629572,NaN,NaN,NaN,-2.1754795882845783e10,NaN,24.976647081119374,NaN,NaN,NaN,NaN,NaN,-629.321474317691,NaN,NaN,NaN,NaN,NaN,NaN,NaN,NaN,26.248276195537674,NaN,0.6056740720629572,NaN,-0.21776101739002562,0.0,NaN,NaN,NaN,NaN,16.0,9.862554408696364e31,9.14899655165025e-6,5.09321474317691,9.566667650396267,9.566667650396267,NaN,529.321474317691,10.111216793697748,NaN
/gen03/case73,success,3,73,30,50,ife_moop_run,6,1.383086919784546,3.036553439493907,32.50285054941705,583.4644335179332,44.8078194655185,1147.6055667805936,748.8584823976992,2917.3221675896666,2.1198070723758865e7,2333.857734071733,2.878028734822327,65.10743442524956,3.040183379536965,0.9120550138610894,3.6694102840421046,1.105381664021936,3.8321017109375,HDC,31.66571122108432,1.3762206030947536e-7,0.11676393460441312,0.85,12.738871019396303,NaN,0.6195197299771998,NaN,NaN,NaN,-2.1198070723758865e10,NaN,2.5028505494170474,NaN,NaN,NaN,NaN,NaN,-748.8584823976992,NaN,NaN,NaN,NaN,NaN,NaN,NaN,NaN,31.66571122108432,NaN,0.6195197299771998,NaN,-0.20794485799852117,0.0,NaN,NaN,NaN,NaN,16.0,6.082458177178612e31,1.9563697046229316e-5,6.288584823976991,14.756143884293529,14.756143884293529,NaN,648.8584823976992,9.326424395736652,NaN
/gen03/case74,success,3,74,30,50,ife_moop_run,2,1.456387996673584,3.140653621488372,23.52072745214596,381.1780546560992,49.834808645762145,894.5634369876259,578.2391725093574,1905.8902732804959,1.536650004645323e7,1524.7122186243969,2.8279949957777677,38.24415754915453,2.4129348078439583,0.7238804423531875,3.075245646072835,1.105381664021936,4.462281260937501,HDC,31.38836475211153,1.2402891143194302e-7,0.16538597955942663,0.85,12.738871019396303,NaN,0.7915878263025153,NaN,NaN,NaN,-1.536650004645323e10,NaN,0.0,NaN,NaN,NaN,NaN,NaN,-578.2391725093574,NaN,NaN,NaN,NaN,NaN,NaN,NaN,NaN,31.38836475211153,NaN,0.7915878263025153,NaN,-0.10150089335686854,0.0,NaN,NaN,NaN,NaN,16.0,4.740383310404746e31,1.3743720133662514e-5,4.582391725093574,15.867655160948686,15.867655160948685,NaN,478.23917250935745,7.816461233490005,NaN
/gen03/case75,success,3,75,30,50,ife_moop_run,8,1.5100250244140625,5.895380875727048,13.6736365848545,869.2062398351297,104.97956881938069,1847.9258949146135,1026.4403337019296,4346.031199175649,2.8285783092149556e7,3476.824959340519,2.2494928482817027,41.398828820235266,2.5156821404935954,0.7547046421480786,3.230383887972199,1.105381664021936,5.546057704687501,HDC,50.275260034431604,1.5364719389302846e-7,0.1301691857465205,0.85,12.738871019396303,NaN,0.6967156533712858,NaN,NaN,NaN,-2.8285783092149555e10,NaN,0.0,NaN,NaN,NaN,NaN,NaN,-1026.4403337019296,NaN,NaN,NaN,NaN,NaN,NaN,NaN,NaN,50.275260034431604,NaN,0.6967156533712858,NaN,-0.15694443189918483,0.0,NaN,NaN,NaN,NaN,16.0,3.341656184133076e31,3.5170570388626193e-5,9.064403337019296,17.80708847016336,17.80708847016336,NaN,926.4403337019296,8.62842873782942,NaN
/gen03/case76,fail,3,76,30,50,ife_moop_run,4,0.8938310146331787,NaN,NaN,NaN,NaN,NaN,NaN,NaN,NaN,NaN,NaN,NaN,NaN,NaN,NaN,NaN,NaN,NaN,NaN,NaN,NaN,NaN,NaN,NaN,NaN,NaN,NaN,NaN,NaN,NaN,NaN,NaN,NaN,NaN,NaN,NaN,NaN,NaN,NaN,NaN,NaN,NaN,NaN,NaN,NaN,NaN,NaN,NaN,NaN,NaN,NaN,NaN,NaN,NaN,NaN,NaN,NaN,NaN,NaN,NaN,NaN,NaN,NaN,NaN,NaN
/gen03/case77,success,3,77,30,50,ife_moop_run,3,1.4183449745178223,8.027001424832878,10.410032530054789,545.4460245860726,68.29505372854598,1141.3652389065953,451.84084397403467,2727.230122930363,3.656497682683931e7,2181.78409834429,1.6552934853279953,39.933054797355474,2.7954317723552324,0.8386295317065697,3.2812411445921215,1.105381664021936,5.2560054421875,HDC,60.31487900113921,7.458585672967061e-8,0.10124919757034757,0.85,12.738871019396303,NaN,1.8174822929503411,NaN,NaN,NaN,-3.656497682683931e10,NaN,0.0,NaN,NaN,NaN,NaN,NaN,-451.84084397403467,NaN,NaN,NaN,NaN,NaN,NaN,NaN,NaN,60.31487900113921,NaN,1.8174822929503411,NaN,0.2594701883831149,0.0,NaN,NaN,NaN,NaN,16.0,3.8475766942171812e31,1.0545115761638395e-5,3.3184084397403466,8.508165143370194,8.508165143370194,NaN,351.84084397403467,8.766385639304387,NaN
/gen03/case78,fail,3,78,30,50,ife_moop_run,5,0.9925119876861572,NaN,NaN,NaN,NaN,NaN,NaN,NaN,NaN,NaN,NaN,NaN,NaN,NaN,NaN,NaN,NaN,NaN,NaN,NaN,NaN,NaN,NaN,NaN,NaN,NaN,NaN,NaN,NaN,NaN,NaN,NaN,NaN,NaN,NaN,NaN,NaN,NaN,NaN,NaN,NaN,NaN,NaN,NaN,NaN,NaN,NaN,NaN,NaN,NaN,NaN,NaN,NaN,NaN,NaN,NaN,NaN,NaN,NaN,NaN,NaN,NaN,NaN,NaN,NaN
/gen03/case79,fail,3,79,30,50,ife_moop_run,9,1.0143449306488037,NaN,NaN,NaN,NaN,NaN,NaN,NaN,NaN,NaN,NaN,NaN,NaN,NaN,NaN,NaN,NaN,NaN,NaN,NaN,NaN,NaN,NaN,NaN,NaN,NaN,NaN,NaN,NaN,NaN,NaN,NaN,NaN,NaN,NaN,NaN,NaN,NaN,NaN,NaN,NaN,NaN,NaN,NaN,NaN,NaN,NaN,NaN,NaN,NaN,NaN,NaN,NaN,NaN,NaN,NaN,NaN,NaN,NaN,NaN,NaN,NaN,NaN,NaN,NaN
/gen03/case80,success,3,80,30,50,ife_moop_run,7,1.5214879512786865,4.307192732212877,26.68180370299658,502.5369127190284,28.479165394142704,849.4560055109663,659.0686018096393,2512.684563595142,3.501744945997632e7,2010.1476508761136,4.461723774770114,88.228869379435,3.391351639287078,1.0174054917861235,4.040339981804248,1.105381664021936,4.1517053703125,HDC,37.94776169434964,7.175521353909711e-8,0.1623786246510657,0.85,12.738871019396303,NaN,0.8007916144670048,NaN,NaN,NaN,-3.5017449459976326e10,NaN,0.0,NaN,NaN,NaN,NaN,NaN,-659.0686018096393,NaN,NaN,NaN,NaN,NaN,NaN,NaN,NaN,37.94776169434964,NaN,0.8007916144670048,NaN,-0.09648048324324227,0.0,NaN,NaN,NaN,NaN,16.0,5.201863580855356e31,7.550306461595653e-6,5.390686018096393,6.612001636507025,6.612001636507025,NaN,559.0686018096393,10.852267964199084,NaN
/gen03/case81,success,3,81,30,50,ife_moop_run,6,1.4587910175323486,8.549671617780328,15.198747877619505,1359.8104795659035,65.56881607680303,1990.073740190872,1504.3898340383214,6799.052397829518,7.072905135265268e7,5439.241918263614,4.09746692237688,103.69338360274115,3.856979958708444,1.1570939876125332,4.319747736130886,1.105381664021936,4.714711564062501,HDC,65.98590933288544,9.612814349692984e-8,0.1393054132926991,0.85,12.738871019396303,NaN,0.600559539020677,NaN,NaN,NaN,-7.07290513526527e10,NaN,0.0,NaN,NaN,NaN,NaN,NaN,-1504.3898340383214,NaN,NaN,NaN,NaN,NaN,NaN,NaN,NaN,65.98590933288544,NaN,0.600559539020677,NaN,-0.22144393049862612,0.0,NaN,NaN,NaN,NaN,16.0,4.3002315791319025e31,2.3696813546822162e-5,13.843898340383216,7.669161929031615,7.669161929031615,NaN,1404.3898340383214,12.534373949392922,NaN
/gen03/case82,success,3,82,30,50,ife_moop_run,2,1.4227759838104248,4.832139960303934,13.298994598617012,237.6372647103888,44.24499365934744,639.4708063304978,358.86535877572817,1188.1863235519438,1.7990789081254423e7,950.5490588415552,2.278896621227154,26.854706607036004,2.179050444437761,0.6537151333313284,2.8181611777190345,1.105381664021936,5.4154084359375005,HDC,40.02552987281438,6.604414726811397e-8,0.16658164983692153,0.85,13.478867073102318,NaN,1.543629720619656,NaN,NaN,NaN,-1.799078908125442e10,NaN,0.0,NaN,NaN,NaN,NaN,NaN,-358.86535877572817,NaN,NaN,NaN,NaN,NaN,NaN,NaN,NaN,40.02552987281438,NaN,1.543629720619656,NaN,0.18854313176568183,0.0,NaN,NaN,NaN,NaN,16.0,3.5732913435049506e31,4.944277492139415e-6,2.3886535877572816,9.15639737731531,9.15639737731531,NaN,258.86535877572817,7.212896573464176,NaN
/gen03/case83,success,3,83,30,50,ife_moop_run,4,1.402008056640625,3.3693578856024673,25.38619192023204,197.5135995293852,19.553478398608046,641.7189934627938,499.7871458841541,987.5679976469258,1.9602475493824724e7,790.0543981175408,4.521317832540991,50.50600090249047,2.7330095762898066,0.819902872886942,3.365340780944017,1.105381664021936,4.226670885937501,HDC,30.933335047818392,5.0379759329786426e-8,0.1540470636141479,0.85,19.586850277444107,NaN,0.8659346416039925,NaN,NaN,NaN,-1.9602475493824722e10,NaN,0.0,NaN,NaN,NaN,NaN,NaN,-499.7871458841541,NaN,NaN,NaN,NaN,NaN,NaN,NaN,NaN,30.933335047818392,NaN,0.8659346416039925,NaN,-0.0625148861141876,0.0,NaN,NaN,NaN,NaN,16.0,5.1739499522483325e31,2.6045790703531286e-6,3.7978714588415405,5.803324865595788,5.803324865595788,NaN,399.7871458841541,8.681188886814848,NaN
/gen03/case84,fail,3,84,30,50,ife_moop_run,8,0.9373669624328613,NaN,NaN,NaN,NaN,NaN,NaN,NaN,NaN,NaN,NaN,NaN,NaN,NaN,NaN,NaN,NaN,NaN,NaN,NaN,NaN,NaN,NaN,NaN,NaN,NaN,NaN,NaN,NaN,NaN,NaN,NaN,NaN,NaN,NaN,NaN,NaN,NaN,NaN,NaN,NaN,NaN,NaN,NaN,NaN,NaN,NaN,NaN,NaN,NaN,NaN,NaN,NaN,NaN,NaN,NaN,NaN,NaN,NaN,NaN,NaN,NaN,NaN,NaN,NaN
/gen03/case85,success,3,85,30,50,ife_moop_run,3,1.5781798362731934,3.7003308578960827,30.985212753008778,1136.6686642518794,65.29407499208897,1972.1142522363461,1197.1899272021833,5683.343321259396,3.046319336890342e7,4546.674657007517,2.5449120495080653,87.04225187274635,3.6735238789850575,1.1020571636955172,4.031618625803124,1.105381664021936,3.4914051046875003,HDC,38.018413963912785,1.865642663405376e-7,0.08592181200299596,0.85,12.738871019396303,NaN,0.4678935539693052,NaN,NaN,NaN,-3.046319336890342e10,NaN,0.9852127530087778,NaN,NaN,NaN,NaN,NaN,-1197.1899272021833,NaN,NaN,NaN,NaN,NaN,NaN,NaN,NaN,38.018413963912785,NaN,0.4678935539693052,NaN,-0.32985293791285203,0.0,NaN,NaN,NaN,NaN,16.0,7.3522133609616285e31,4.557542882857706e-5,10.771899272021834,17.64546941870316,17.64546941870316,NaN,1097.1899272021833,10.572927356797345,NaN
/gen03/case86,success,3,86,30,50,ife_moop_run,5,1.4183249473571777,3.8577793983685376,30.013705091460334,1178.412916940503,66.25602688864456,2017.7825480598501,1562.5637955867821,5892.064584702515,3.2023067692149397e7,4713.651667762012,4.432555858250211,88.92873390378831,3.3982707936905996,1.0194812381071798,4.057403329164625,1.105381664021936,3.9896841359375004,HDC,39.080826031464355,1.8399438309112972e-7,0.15050705249703786,0.85,12.738871019396303,NaN,0.36706630394798995,NaN,NaN,NaN,-3.2023067692149395e10,NaN,0.013705091460334273,NaN,NaN,NaN,NaN,NaN,-1562.5637955867821,NaN,NaN,NaN,NaN,NaN,NaN,NaN,NaN,39.080826031464355,NaN,0.36706630394798995,NaN,-0.4352554811487447,0.0,NaN,NaN,NaN,NaN,16.0,5.565832467237865e31,4.598849042979385e-5,14.425637955867822,17.17465413306535,17.17465413306535,NaN,1462.5637955867821,10.713134696371917,NaN
/gen03/case87,success,3,87,30,50,ife_moop_run,9,1.4274821281433105,4.329537476017744,10.708339304629982,77.33389261860276,28.739549965214994,513.0428099531722,273.6512772467265,386.6694630930138,1.0582027197451638e7,309.33557047441104,2.1431117640334088,13.45426297770913,1.7071871366687816,0.5121561410006346,2.3150922188303893,1.105381664021936,5.846830051562501,HDC,35.70297782585282,3.654020688834853e-8,0.12807769356793314,0.85,25.36026482739844,NaN,1.7988247049514465,NaN,NaN,NaN,-1.0582027197451637e10,NaN,0.0,NaN,NaN,NaN,NaN,NaN,-273.6512772467265,NaN,NaN,NaN,NaN,NaN,NaN,NaN,NaN,35.70297782585282,NaN,1.7988247049514465,NaN,0.25498884351143203,0.0,NaN,NaN,NaN,NaN,16.0,3.2962473500618007e31,1.1664657485872145e-6,1.5365127724672651,6.638018523782195,6.638018523782195,NaN,173.65127724672652,5.504685887427854,NaN
/gen03/case88,success,3,88,30,50,ife_moop_run,6,1.4748280048370361,2.7223053246422753,55.39303765613748,951.9619785465376,36.81727523416343,1522.683268394082,877.4332352258,4759.809892732687,3.0688194348691624e7,3807.8479141861503,2.3598344674504874,129.28197055484355,4.07837045975964,1.2235111379278918,4.721495977989758,1.105381664021936,3.1450810015625,HDC,31.050571088524027,1.551023119395625e-7,0.058416935020347574,0.85,12.738871019396303,NaN,0.5245203339412204,NaN,NaN,NaN,-3.0688194348691624e10,NaN,25.39303765613748,NaN,NaN,NaN,NaN,NaN,-877.4332352258,NaN,NaN,NaN,NaN,NaN,NaN,NaN,NaN,31.050571088524027,NaN,0.5245203339412204,NaN,-0.2802376709646231,0.0,NaN,NaN,NaN,NaN,16.0,8.546191534736237e31,2.9254863389687904e-5,7.574332352258001,13.524300489329354,13.524300489329354,NaN,777.4332352258,11.46841657813932,NaN
/gen03/case89,success,3,89,30,50,ife_moop_run,7,1.4848461151123047,7.731380661752001,9.388348821513489,773.2852287767711,132.05207434898418,1826.9522803365605,527.2771751018729,3866.4261438838557,2.9155171779053327e7,3093.1409151070843,1.4056992189649278,29.279556288269685,2.39026453265507,0.7170793597965209,3.0116050175519917,1.105381664021936,5.902035201562501,HDC,60.723209399533474,1.3261544720726727e-7,0.10279024930965762,0.85,12.738871019396303,NaN,1.6072580355033559,NaN,NaN,NaN,-2.915517177905333e10,NaN,0.0,NaN,NaN,NaN,NaN,NaN,-527.2771751018729,NaN,NaN,NaN,NaN,NaN,NaN,NaN,NaN,60.723209399533474,NaN,1.6072580355033559,NaN,0.20608560569876014,0.0,NaN,NaN,NaN,NaN,16.0,3.197991777903759e31,3.0011765567745372e-5,4.072771751018729,17.080011983145578,17.080011983145578,NaN,427.2771751018729,7.7643649979948,NaN
/gen03/case90,success,3,90,30,50,ife_moop_run,2,1.5267741680145264,2.669438998976559,32.549047306334096,292.70671021404024,28.67185139240857,637.0344632534371,372.868408671383,1463.5335510702012,1.61418925965697e7,1170.826840856161,2.411492514665862,51.04426397305129,2.7911103712069587,0.8373331113620877,3.388601026815983,1.105381664021936,3.7836095171875006,HDC,27.699288731251343,9.066678782023462e-8,0.11507125816356535,0.85,12.757931058400876,NaN,1.0691288144707007,NaN,NaN,NaN,-1.61418925965697e10,NaN,2.5490473063340957,NaN,NaN,NaN,NaN,NaN,-372.868408671383,NaN,NaN,NaN,NaN,NaN,NaN,NaN,NaN,27.699288731251343,NaN,1.0691288144707007,NaN,0.02903003452916665,0.0,NaN,NaN,NaN,NaN,16.0,6.3132693101806375e31,7.143845846882953e-6,2.52868408671383,10.740777895056274,10.740777895056274,NaN,272.868408671383,8.441361389845552,NaN
/gen03/case91,success,3,91,30,50,ife_moop_run,4,1.3587579727172852,3.83587072084371,8.158608624119095,37.12423806962039,32.88864740546551,513.6705996076329,181.25441070723068,185.62119034810195,5.566054262227427e6,148.49695227848156,1.5452634882398515,5.643928984359964,1.2692828761520916,0.3807848628456274,1.835319017012054,1.105381664021936,6.432166365625,HDC,32.45218966210194,3.3348792807819295e-8,0.10361364213778398,0.85,37.37341080286639,NaN,2.5008264451119864,NaN,NaN,NaN,-5.566054262227427e9,NaN,0.0,NaN,NaN,NaN,NaN,NaN,-181.25441070723068,NaN,NaN,NaN,NaN,NaN,NaN,NaN,NaN,32.45218966210194,NaN,2.5008264451119864,NaN,0.3980835531677079,0.0,NaN,NaN,NaN,NaN,16.0,3.0011260980359343e31,7.232746768791302e-7,0.6125441070723068,8.573971804303032,8.573971804303032,NaN,81.25441070723069,3.8895384273461797,NaN
/gen03/case92,success,3,92,30,50,ife_moop_run,3,1.4119789600372314,4.618211963753045,20.30481787987179,901.0341399100226,75.68609287507577,1728.1335467402712,1283.679310477228,4505.170699550114,2.8741646814844873e7,3604.1365596400906,3.8882148166037562,59.524418931046625,3.22716814392272,0.968150443176816,3.5600059179993027,1.105381664021936,3.9546084703125004,HDC,42.60286515617134,1.567471317344009e-7,0.176237853731911,0.85,12.738871019396303,NaN,0.4780925110139813,NaN,NaN,NaN,-2.874164681484487e10,NaN,0.0,NaN,NaN,NaN,NaN,NaN,-1283.679310477228,NaN,NaN,NaN,NaN,NaN,NaN,NaN,NaN,42.60286515617134,NaN,0.4780925110139813,NaN,-0.32048805917134365,0.0,NaN,NaN,NaN,NaN,16.0,6.049594385759253e31,3.355421869729189e-5,11.63679310477228,16.388613920087064,16.388613920087064,NaN,1183.679310477228,9.564392235897408,NaN
/gen03/case93,success,3,93,30,50,ife_moop_run,8,1.4150469303131104,7.370028787639487,7.988139780362873,270.04801976161383,74.19458995020636,769.960495384815,329.0437715887732,1350.2400988080694,2.0846922906366363e7,1080.1920790464553,1.7462719235412387,18.198632807516635,2.3060720607962746,0.6918216182388823,2.654238182839988,1.105381664021936,5.0943032765625,HDC,55.23428657646676,6.476927577622137e-8,0.17419975738199903,0.85,12.738871019396303,NaN,2.28658804646017,NaN,NaN,NaN,-2.0846922906366364e10,NaN,0.0,NaN,NaN,NaN,NaN,NaN,-329.0437715887732,NaN,NaN,NaN,NaN,NaN,NaN,NaN,NaN,55.23428657646676,NaN,2.28658804646017,NaN,0.3591879288112133,0.0,NaN,NaN,NaN,NaN,16.0,4.398519706967231e31,6.1774282755975204e-6,2.090437715887732,10.06706921886662,10.06706921886662,NaN,229.04377158877318,6.43377673959346,NaN
/gen03/case94,success,3,94,30,50,ife_moop_run,5,1.5459809303283691,3.5406945554484794,11.145407598486747,113.14865233052892,56.07975212009321,641.3034873577183,154.2352210239712,565.7432616526446,7.3567769143688e6,452.5946093221157,1.3166603773736447,10.088191196728568,1.5947216169650398,0.4784164850895119,2.104604253723044,1.105381664021936,5.3472903859375,HDC,31.9014138022243,7.690096739887137e-8,0.11879585246351944,0.85,19.110229598520316,NaN,2.977641940159064,NaN,NaN,NaN,-7.3567769143688e9,NaN,0.0,NaN,NaN,NaN,NaN,NaN,-154.2352210239712,NaN,NaN,NaN,NaN,NaN,NaN,NaN,NaN,31.9014138022243,NaN,2.977641940159064,NaN,0.4738724728780997,0.0,NaN,NaN,NaN,NaN,16.0,3.908442202526981e31,4.0722147035771905e-6,0.342352210239712,15.83863031443838,15.838630314438381,NaN,54.2352210239712,4.855278889158049,NaN
/gen03/case95,success,3,95,30,50,ife_moop_run,9,1.478140115737915,3.7101215325039334,10.276408957384668,91.88464660356229,50.214166110098226,641.8207212268414,238.96320906856025,459.4232330178114,7.235654751554886e6,367.53858641424915,1.5931705425780232,9.149275366048943,1.6094244422446458,0.4828273326733937,2.061839641678786,1.105381664021936,5.1790942328125,HDC,32.62058733738851,6.349435521631058e-8,0.12946549837509985,0.85,22.756490767855325,NaN,1.9465516658180293,NaN,NaN,NaN,-7.235654751554886e9,NaN,0.0,NaN,NaN,NaN,NaN,NaN,-238.96320906856025,NaN,NaN,NaN,NaN,NaN,NaN,NaN,NaN,32.62058733738851,NaN,1.9465516658180293,NaN,0.28926593535029727,0.0,NaN,NaN,NaN,NaN,16.0,4.218142079830232e31,2.825821519662088e-6,1.1896320906856024,13.534372302949619,13.534372302949619,NaN,138.96320906856025,4.691340964698667,NaN
/gen03/case96,success,3,96,30,50,ife_moop_run,6,1.4412829875946045,2.595803656351971,50.667555967236154,506.9068182156898,24.77967182260953,880.8258974080253,728.7059968421254,2534.534091078449,2.515028647437264e7,2027.6272728627591,5.790339686860646,102.2827949144138,3.657958091477299,1.0973874274431896,4.344715724646478,1.105381664021936,3.3031357734375,HDC,28.22280242888099,1.0077555552542355e-7,0.18071535729199578,0.85,12.738871019396303,NaN,0.5605070565372836,NaN,NaN,NaN,-2.515028647437264e10,NaN,20.667555967236154,NaN,NaN,NaN,NaN,NaN,-728.7059968421254,NaN,NaN,NaN,NaN,NaN,NaN,NaN,NaN,28.22280242888099,NaN,0.5605070565372836,NaN,-0.2514189154581027,0.0,NaN,NaN,NaN,NaN,16.0,7.819349831989948e31,1.0995513174571768e-5,6.087059968421254,9.546050126700953,9.546050126700953,NaN,628.7059968421254,10.556780468138067,NaN
/gen03/case97,success,3,97,30,50,ife_moop_run,7,1.4657680988311768,4.744620175617164,8.217261313144473,78.87180359503121,46.04098696008761,623.1494007064514,299.18930654533244,394.359017975156,8.74671515398783e6,315.48721438012484,1.9235375342141152,8.565390188464493,1.3935475328225697,0.41806425984677087,2.086759574674067,1.105381664021936,7.182115565625001,HDC,38.3739034195154,4.508652803165296e-8,0.14901920290093448,0.85,25.492447693667934,NaN,1.7815374358867564,NaN,NaN,NaN,-8.74671515398783e9,NaN,0.0,NaN,NaN,NaN,NaN,NaN,-299.18930654533244,NaN,NaN,NaN,NaN,NaN,NaN,NaN,NaN,38.3739034195154,NaN,1.7815374358867564,NaN,0.25079495272027796,0.0,NaN,NaN,NaN,NaN,16.0,2.440438285920826e31,1.7391162200732637e-6,1.7918930654533243,9.703829865390386,9.703829865390386,NaN,199.18930654533244,4.646261183170396,NaN
/gen03/case98,success,3,98,30,50,ife_moop_run,2,1.4998188018798828,3.8131704610678407,18.823652266167898,382.0456287628298,53.5687703208771,898.0676392206128,613.8866404881959,1910.2281438141488,1.742449347355023e7,1528.1825150513191,3.160195942819625,35.65936145951972,2.3646432804863124,0.7093929841458938,3.0217807348158114,1.105381664021936,4.8292134515625005,HDC,35.27309010963177,1.0962890523697623e-7,0.19900650704594453,0.85,12.738871019396303,NaN,0.8223422564672275,NaN,NaN,NaN,-1.742449347355023e10,NaN,0.0,NaN,NaN,NaN,NaN,NaN,-613.8866404881959,NaN,NaN,NaN,NaN,NaN,NaN,NaN,NaN,35.27309010963177,NaN,0.8223422564672275,NaN,-0.08494739272876742,0.0,NaN,NaN,NaN,NaN,16.0,4.187297558353696e31,1.219563314733091e-5,4.938866404881959,14.048354477674122,14.048354477674122,NaN,513.8866404881959,7.803683015772438,NaN
/gen03/case99,success,3,99,30,50,ife_moop_run,4,1.3764622211456299,4.190442547294788,21.19709498663087,700.186661672802,64.88570568786957,1406.5819489765572,985.235814316855,3500.933308364009,2.4760104305286843e7,2800.746646691208,3.3383050970968915,53.95538618636787,2.782994010478124,0.8348982031434373,3.4445543789768625,1.105381664021936,4.5790072453125,HDC,39.14961730902416,1.4139412601813962e-7,0.15968087340663056,0.85,12.738871019396303,NaN,0.5725919049101065,NaN,NaN,NaN,-2.4760104305286842e10,NaN,0.0,NaN,NaN,NaN,NaN,NaN,-985.235814316855,NaN,NaN,NaN,NaN,NaN,NaN,NaN,NaN,39.14961730902416,NaN,0.5725919049101065,NaN,-0.2421547961637437,0.0,NaN,NaN,NaN,NaN,16.0,4.494256701489078e31,2.463579802520248e-5,8.65235814316855,15.484213172128477,15.484213172128477,NaN,885.235814316855,9.131502159415403,NaN
/gen04/case01,success,4,1,30,50,ife_moop_run,2,1.3065659999847412,5.381617681189342,19.945886422029925,698.4945903013895,45.61329962385451,1203.706128845993,824.959238039323,3492.4729515069475,3.870957430403032e7,2793.978361205558,3.1781280798960303,76.56698770549981,3.09308299788922,0.927924899366766,3.8666807314457046,1.105381664021936,4.914917820312501,HDC,45.344545612721724,9.022245824964607e-8,0.125398459139264,0.85,12.738871019396303,NaN,0.7643668996348058,NaN,NaN,NaN,-3.870957430403032e10,NaN,0.0,NaN,NaN,NaN,NaN,NaN,-824.959238039323,NaN,NaN,NaN,NaN,NaN,NaN,NaN,NaN,45.344545612721724,NaN,0.7643668996348058,NaN,-0.1166981280236241,0.0,NaN,NaN,NaN,NaN,16.0,3.8831073716401e31,1.3452572929964273e-5,7.04959238039323,8.47575995286494,8.47575995286494,NaN,724.959238039323,10.644763272129888,NaN
/gen04/case02,success,4,2,30,50,ife_moop_run,3,1.2595090866088867,7.723192726441369,9.581866357207575,681.8479885167604,111.20361169090442,1582.9289103682322,347.25629746946095,3409.239942583802,2.996511596607737e7,2727.3919540670418,1.2810261341431128,30.657636840608575,2.628996060301053,0.7886988180903158,3.0475846859882707,1.105381664021936,5.148729523437501,HDC,59.933496626027896,1.137736275221929e-7,0.0911002757953466,0.85,12.738871019396303,NaN,2.3919434676149858,NaN,NaN,NaN,-2.996511596607737e10,NaN,0.0,NaN,NaN,NaN,NaN,NaN,-347.25629746946095,NaN,NaN,NaN,NaN,NaN,NaN,NaN,NaN,59.933496626027896,NaN,2.3919434676149858,NaN,0.37875091110525627,0.0,NaN,NaN,NaN,NaN,16.0,4.098104412798151e31,2.2308647625029058e-5,2.2725629746946097,14.39865812362602,14.398658123626019,NaN,247.25629746946097,7.901682680798398,NaN
/gen04/case03,success,4,3,30,50,ife_moop_run,4,1.2005219459533691,3.523184998587608,24.31365033173051,491.37593893066924,48.49640275735509,1031.231584861893,684.5197729431933,2456.879694653346,2.0420139299219176e7,1965.503755722677,2.974319159059127,50.661070820984335,2.711163273919722,0.8133489821759166,3.3689732694743384,1.105381664021936,4.3541763890625,HDC,34.07113435922511,1.2031650022814937e-7,0.1462004095568392,0.85,12.738871019396303,NaN,0.7177483481696302,NaN,NaN,NaN,-2.0420139299219177e10,NaN,0.0,NaN,NaN,NaN,NaN,NaN,-684.5197729431933,NaN,NaN,NaN,NaN,NaN,NaN,NaN,NaN,34.07113435922511,NaN,0.7177483481696302,NaN,-0.1440277983182417,0.0,NaN,NaN,NaN,NaN,16.0,4.897936434946114e31,1.5369212817034277e-5,5.645197729431933,13.76493223512151,13.764932235121512,NaN,584.5197729431933,8.74079858680011,NaN
/gen04/case04,success,4,4,30,50,ife_moop_run,5,1.3855018615722656,5.977037359440412,12.063964004814185,362.9163864015466,56.28544104257179,845.368034335661,423.72984863139965,1814.5819320077333,2.4468778561578475e7,1451.6655456061865,2.0049608005110935,32.23892179569606,2.3618035543868054,0.7085410663160416,3.0149520384387465,1.105381664021936,5.5932767515625,HDC,47.50891473014604,7.415907285445943e-8,0.13841651625778914,0.85,12.738871019396303,NaN,1.5431927923447808,NaN,NaN,NaN,-2.4468778561578476e10,NaN,0.0,NaN,NaN,NaN,NaN,NaN,-423.72984863139965,NaN,NaN,NaN,NaN,NaN,NaN,NaN,NaN,47.50891473014604,NaN,1.5431927923447808,NaN,0.18842018621942114,0.0,NaN,NaN,NaN,NaN,16.0,3.385643054614257e31,7.765695204166501e-6,3.037298486313996,9.416946500036834,9.416946500036834,NaN,323.72984863139965,7.875065750258787,NaN
/gen04/case05,success,4,5,30,50,ife_moop_run,6,1.4110138416290283,6.611245995235966,9.309992978477558,193.242192469156,45.024375012943096,639.734963880131,359.76663353569654,966.2109623457801,2.0850029913230393e7,772.968769876624,2.2850261781148222,21.459730691831364,2.0980998735944216,0.6294299620783265,2.7321714698801127,1.105381664021936,6.0380460765625,HDC,49.95602527703917,4.634098686509177e-8,0.1699236091891267,0.85,15.64359417235919,NaN,1.88376369689641,NaN,NaN,NaN,-2.0850029913230392e10,NaN,0.0,NaN,NaN,NaN,NaN,NaN,-359.76663353569654,NaN,NaN,NaN,NaN,NaN,NaN,NaN,NaN,49.95602527703917,NaN,1.88376369689641,NaN,0.275026423101005,0.0,NaN,NaN,NaN,NaN,16.0,3.1150651485256864e31,2.9904048764364618e-6,2.3976663353569654,6.8102707183165565,6.810270718316557,NaN,259.76663353569654,6.804573383618277,NaN
/gen04/case06,fail,4,6,30,50,ife_moop_run,7,0.867603063583374,NaN,NaN,NaN,NaN,NaN,NaN,NaN,NaN,NaN,NaN,NaN,NaN,NaN,NaN,NaN,NaN,NaN,NaN,NaN,NaN,NaN,NaN,NaN,NaN,NaN,NaN,NaN,NaN,NaN,NaN,NaN,NaN,NaN,NaN,NaN,NaN,NaN,NaN,NaN,NaN,NaN,NaN,NaN,NaN,NaN,NaN,NaN,NaN,NaN,NaN,NaN,NaN,NaN,NaN,NaN,NaN,NaN,NaN,NaN,NaN,NaN,NaN,NaN,NaN
/gen04/case07,fail,4,7,30,50,ife_moop_run,8,0.8599989414215088,NaN,NaN,NaN,NaN,NaN,NaN,NaN,NaN,NaN,NaN,NaN,NaN,NaN,NaN,NaN,NaN,NaN,NaN,NaN,NaN,NaN,NaN,NaN,NaN,NaN,NaN,NaN,NaN,NaN,NaN,NaN,NaN,NaN,NaN,NaN,NaN,NaN,NaN,NaN,NaN,NaN,NaN,NaN,NaN,NaN,NaN,NaN,NaN,NaN,NaN,NaN,NaN,NaN,NaN,NaN,NaN,NaN,NaN,NaN,NaN,NaN,NaN,NaN,NaN
/gen04/case08,success,4,8,30,50,ife_moop_run,9,1.381688117980957,5.030816581441669,18.889495669602365,724.1263317555106,59.841694372921495,1366.6164686046127,960.6037281958048,3620.6316587775523,3.131538992313597e7,2896.5053270220424,3.3659447908668785,60.5034950416761,3.010545217541672,0.9031635652625015,3.5865969438709815,1.105381664021936,4.5548487359375,HDC,43.85689266582427,1.1561828441748418e-7,0.15304282492267746,0.85,12.738871019396303,NaN,0.6440368774241952,NaN,NaN,NaN,-3.1315389923135967e10,NaN,0.0,NaN,NaN,NaN,NaN,NaN,-960.6037281958048,NaN,NaN,NaN,NaN,NaN,NaN,NaN,NaN,43.85689266582427,NaN,0.6440368774241952,NaN,-0.1910892643120835,0.0,NaN,NaN,NaN,NaN,16.0,4.584972469061896e31,1.9572369146909196e-5,8.40603728195805,11.895026066677392,11.895026066677392,NaN,860.6037281958048,9.71988491402941,NaN
/gen04/case09,fail,4,9,30,50,ife_moop_run,7,1.0435810089111328,NaN,NaN,NaN,NaN,NaN,NaN,NaN,NaN,NaN,NaN,NaN,NaN,NaN,NaN,NaN,NaN,NaN,NaN,NaN,NaN,NaN,NaN,NaN,NaN,NaN,NaN,NaN,NaN,NaN,NaN,NaN,NaN,NaN,NaN,NaN,NaN,NaN,NaN,NaN,NaN,NaN,NaN,NaN,NaN,NaN,NaN,NaN,NaN,NaN,NaN,NaN,NaN,NaN,NaN,NaN,NaN,NaN,NaN,NaN,NaN,NaN,NaN,NaN,NaN
/gen04/case10,success,4,10,30,50,ife_moop_run,3,1.5503809452056885,3.512176240395134,18.0314912291495,105.39786830466352,18.833539825626477,522.6238684610943,375.54426085414104,526.9893415233176,1.385922560726518e7,421.5914732186541,3.553340105840663,27.981428154374473,2.487347096955883,0.7462041290867649,2.7994295988755695,1.105381664021936,3.9613339390625,HDC,31.088580659937282,3.802444353363172e-8,0.14259233629518295,0.85,24.417552707845918,NaN,1.1492748599893214,NaN,NaN,NaN,-1.385922560726518e10,NaN,0.0,NaN,NaN,NaN,NaN,NaN,-375.54426085414104,NaN,NaN,NaN,NaN,NaN,NaN,NaN,NaN,31.088580659937282,NaN,1.1492748599893214,NaN,0.06042390675727119,0.0,NaN,NaN,NaN,NaN,16.0,6.32641995124615e31,1.2842546335979553e-6,2.5554426085414104,5.362356139482234,5.362356139482234,NaN,275.54426085414104,7.090995552060292,NaN
/gen04/case100,fail,4,100,30,50,ife_moop_run,6,0.9321730136871338,NaN,NaN,NaN,NaN,NaN,NaN,NaN,NaN,NaN,NaN,NaN,NaN,NaN,NaN,NaN,NaN,NaN,NaN,NaN,NaN,NaN,NaN,NaN,NaN,NaN,NaN,NaN,NaN,NaN,NaN,NaN,NaN,NaN,NaN,NaN,NaN,NaN,NaN,NaN,NaN,NaN,NaN,NaN,NaN,NaN,NaN,NaN,NaN,NaN,NaN,NaN,NaN,NaN,NaN,NaN,NaN,NaN,NaN,NaN,NaN,NaN,NaN,NaN,NaN
/gen04/case11,success,4,11,30,50,ife_moop_run,4,1.4564549922943115,3.0223062850305342,27.677317281498024,165.4234243952498,17.143010327555093,641.7558649560765,523.1324007535985,827.1171219762491,1.7308693740208752e7,661.6936975809992,5.41002464622569,48.24806764811715,2.690756781776003,0.807227034532801,3.317017102132499,1.105381664021936,4.084807289062501,HDC,28.710071210912034,4.77862243327366e-8,0.16543560340791186,0.85,22.696790684696072,NaN,0.7724454103781203,NaN,NaN,NaN,-1.730869374020875e10,NaN,0.0,NaN,NaN,NaN,NaN,NaN,-523.1324007535985,NaN,NaN,NaN,NaN,NaN,NaN,NaN,NaN,28.710071210912034,NaN,0.7724454103781203,NaN,-0.11213220291835993,0.0,NaN,NaN,NaN,NaN,16.0,5.500946809430381e31,2.132108390383069e-6,4.031324007535986,5.672161823063508,5.672161823063508,NaN,423.1324007535986,8.424693410267954,NaN
/gen04/case12,success,4,12,30,50,ife_moop_run,8,1.4180448055267334,3.5841807714918272,24.863215732653334,335.3120145815887,30.706781676492675,684.2951820651692,430.04409876509703,1676.5600729079433,2.1770863681887597e7,1341.2480583263548,2.6914150106395036,54.59901628803451,2.8119491124980773,0.8435847337494232,3.4520090104148364,1.105381664021936,4.2696200421875,HDC,33.153711800851575,7.700935054325694e-8,0.1283454237821769,0.85,12.738871019396303,NaN,1.0840307234526305,NaN,NaN,NaN,-2.1770863681887596e10,NaN,0.0,NaN,NaN,NaN,NaN,NaN,-430.04409876509703,NaN,NaN,NaN,NaN,NaN,NaN,NaN,NaN,33.153711800851575,NaN,1.0840307234526305,NaN,0.0350415910924581,0.0,NaN,NaN,NaN,NaN,16.0,5.064526366427365e31,6.527654661156663e-6,3.10044098765097,8.56730830116912,8.56730830116912,NaN,330.04409876509703,8.988745103610665,NaN
/gen04/case13,success,4,13,30,50,ife_moop_run,9,1.4857261180877686,6.958636342661916,20.897352260047516,1588.9503438379274,58.52105434547828,2171.2674967996254,1860.3714368623212,7944.751719189637,7.03723253528886e7,6355.80137535171,6.983901620488487,135.75886162761012,4.267162140339138,1.2801486421017414,4.661864005652506,1.105381664021936,4.1506105265625,HDC,57.36455240901348,1.1289596697778477e-7,0.19777571339705557,0.85,12.738871019396303,NaN,0.42805040510996123,NaN,NaN,NaN,-7.03723253528886e10,NaN,0.0,NaN,NaN,NaN,NaN,NaN,-1860.3714368623212,NaN,NaN,NaN,NaN,NaN,NaN,NaN,NaN,57.36455240901348,NaN,0.42805040510996123,NaN,-0.3685050875938443,0.0,NaN,NaN,NaN,NaN,16.0,5.253440765550264e31,3.036420999624813e-5,17.403714368623213,8.40984518571522,8.40984518571522,NaN,1760.3714368623212,13.424262217043829,NaN
/gen04/case14,success,4,14,30,50,ife_moop_run,6,1.4670848846435547,3.770436605982766,36.68470256713782,895.339657470118,36.823831131662125,1386.8171472210968,1129.1162896693115,4476.698287350589,3.870423140305602e7,3581.358629880472,5.381499931339633,121.57068261975064,4.152475951085286,1.245742785325586,4.524277060144485,1.105381664021936,3.3425595328125004,HDC,36.68499640294989,1.1566431175783839e-7,0.15172517931381846,0.85,12.738871019396303,NaN,0.4645615804436651,NaN,NaN,NaN,-3.8704231403056015e10,NaN,6.684702567137819,NaN,NaN,NaN,NaN,NaN,-1129.1162896693115,NaN,NaN,NaN,NaN,NaN,NaN,NaN,NaN,36.68499640294989,NaN,0.4645615804436651,NaN,-0.3329567094975599,0.0,NaN,NaN,NaN,NaN,16.0,7.81036333657518e31,1.9869585538417834e-5,10.091162896693115,9.766463404591304,9.766463404591304,NaN,1029.1162896693115,11.843008770550815,NaN
/gen04/case15,success,4,15,30,50,ife_moop_run,5,1.4014370441436768,5.881744506320046,13.088053417458713,823.2941895818717,109.87230730696798,1816.3284428756363,926.3914954056087,4116.470947909359,2.650262346790238e7,3293.176758327487,2.0409630682704165,37.46595524210218,2.4814304084748424,0.7444291225424527,3.1397864641454327,1.105381664021936,5.443793042187501,HDC,50.09655221820443,1.553231495325307e-7,0.12557740031973197,0.85,12.738871019396303,NaN,0.770408615388046,NaN,NaN,NaN,-2.650262346790238e10,NaN,0.0,NaN,NaN,NaN,NaN,NaN,-926.3914954056087,NaN,NaN,NaN,NaN,NaN,NaN,NaN,NaN,50.09655221820443,NaN,0.770408615388046,NaN,-0.11327886919275514,0.0,NaN,NaN,NaN,NaN,16.0,3.4957594634506644e31,3.4946267708038734e-5,8.063914954056088,18.680224411126343,18.680224411126343,NaN,826.3914954056087,8.314843875216878,NaN
/gen04/case16,success,4,16,30,50,ife_moop_run,2,1.3956520557403564,4.6800659238493285,13.512332002256306,199.22668954542658,38.0449445607126,640.3262627272557,387.29184871930704,996.133447727133,1.720073617759046e7,796.9067581817063,2.530589624489343,26.18307003017157,2.1771371496335785,0.6531411448900736,2.7916353443130832,1.105381664021936,5.297790935937501,HDC,38.822795491566076,5.791225662916218e-8,0.1598295974104071,0.85,15.900720625967935,NaN,1.3866832451943687,NaN,NaN,NaN,-1.720073617759046e10,NaN,0.0,NaN,NaN,NaN,NaN,NaN,-387.29184871930704,NaN,NaN,NaN,NaN,NaN,NaN,NaN,NaN,38.822795491566076,NaN,1.3866832451943687,NaN,0.14197726815712303,0.0,NaN,NaN,NaN,NaN,16.0,3.718912433182273e31,3.680070709994877e-6,2.6729184871930705,8.129147148726666,8.129147148726666,NaN,287.29184871930704,7.124026121022234,NaN
/gen04/case17,success,4,17,30,50,ife_moop_run,7,1.4638798236846924,4.097412686120524,34.85118422147593,848.9995829121436,32.61363948758436,1269.5923070318138,1063.61581260633,4244.997914560717,4.347617173250535e7,3395.9983316485745,6.1637727672422145,130.16020233426383,4.003264390692384,1.2009793172077152,4.618910580895287,1.105381664021936,3.7100579140625003,HDC,38.191335795241315,9.763964363465117e-8,0.17077305553071478,0.85,12.738871019396303,NaN,0.5072590168186876,NaN,NaN,NaN,-4.347617173250535e10,NaN,4.851184221475933,NaN,NaN,NaN,NaN,NaN,-1063.61581260633,NaN,NaN,NaN,NaN,NaN,NaN,NaN,NaN,38.191335795241315,NaN,0.5072590168186876,NaN,-0.29477022439358935,0.0,NaN,NaN,NaN,NaN,16.0,6.259013784189401e31,1.535538448470186e-5,9.436158126063303,7.959569119815293,7.959569119815292,NaN,963.6158126063301,12.266950907126109,NaN
/gen04/case18,success,4,18,30,50,ife_moop_run,3,1.4790689945220947,7.206168456060945,13.74386387533683,746.3471578446471,61.32455459496531,1349.6956470179784,898.5812693782963,3731.7357892232358,4.322972040947295e7,2985.3886313785883,2.991914498668492,60.852228179568506,3.185461867359155,0.9556385602077464,3.6567647178369977,1.105381664021936,4.8198353328125005,HDC,56.31064867864554,8.632338478889394e-8,0.14061575985378696,0.85,12.738871019396303,NaN,0.8601642715264073,NaN,NaN,NaN,-4.322972040947295e10,NaN,0.0,NaN,NaN,NaN,NaN,NaN,-898.5812693782963,NaN,NaN,NaN,NaN,NaN,NaN,NaN,NaN,56.31064867864554,NaN,0.8601642715264073,NaN,-0.06541860061147857,0.0,NaN,NaN,NaN,NaN,16.0,4.281637798710116e31,1.4432266360237537e-5,7.785812693782963,8.510008469672481,8.510008469672481,NaN,798.5812693782963,10.143748398903323,NaN
/gen04/case19,success,4,19,30,50,ife_moop_run,4,1.3367531299591064,7.460985700365901,5.972086290772603,209.18700162916815,116.17539693999308,788.2000374443187,-250.4205359939903,1045.9350081458408,1.3797330440288069e7,836.7480065166726,0.7588912232260296,9.003068082359015,1.6151244934621656,0.4845373480386497,2.2459871900792954,1.105381664021936,7.027899003125,HDC,55.70590518466905,7.580705649345912e-8,0.11349458965030725,0.85,12.738871019396303,NaN,Inf,NaN,NaN,NaN,-1.3797330440288069e10,NaN,0.0,NaN,NaN,NaN,NaN,NaN,250.4205359939903,NaN,NaN,NaN,NaN,NaN,NaN,NaN,NaN,55.70590518466905,NaN,Inf,NaN,Inf,3.504205359939903,NaN,NaN,NaN,NaN,16.0,2.6605336924928905e31,7.40144152482002e-6,3.304205359939903,15.571052084216648,15.571052084216648,NaN,350.4205359939903,4.8684607875854296,NaN
/gen04/case20,success,4,20,30,50,ife_moop_run,9,1.5715630054473877,2.337989789443757,37.06480362933369,363.9662875727366,36.620872636859296,813.3334051268596,545.8680652022739,1819.831437863683,1.4153345324859396e7,1455.8651502909463,3.0408927203658855,49.69383050779635,2.7631751445673474,0.8289525433702043,3.3731965377493545,1.105381664021936,3.6286265640625,HDC,26.47830773959654,1.285795969852634e-7,0.14505307004834161,0.85,12.738871019396303,NaN,0.7207969620186168,NaN,NaN,NaN,-1.4153345324859396e10,NaN,7.064803629333689,NaN,NaN,NaN,NaN,NaN,-545.8680652022739,NaN,NaN,NaN,NaN,NaN,NaN,NaN,NaN,26.47830773959654,NaN,0.7207969620186168,NaN,-0.14218705246924218,0.0,NaN,NaN,NaN,NaN,16.0,6.806865824587299e31,1.2954208939527018e-5,4.258680652022738,15.663401440932708,15.66340144093271,NaN,445.86806520227384,8.208919210181902,NaN
/gen04/case21,success,4,21,30,50,ife_moop_run,8,1.494771957397461,4.15998993614042,20.119977123576174,482.56994873466874,50.25372130131163,1010.7621402655199,629.2417919195519,2412.849743673344,2.2806024747227736e7,1930.279794938675,2.6493007375558038,48.013354656988724,2.7217471194520924,0.8165241358356278,3.3203833696387677,1.105381664021936,4.5164322328125,HDC,37.65855918028831,1.0579878652313775e-7,0.13711031741647223,0.85,12.738871019396303,NaN,0.8493033969139105,NaN,NaN,NaN,-2.2806024747227737e10,NaN,0.0,NaN,NaN,NaN,NaN,NaN,-629.2417919195519,NaN,NaN,NaN,NaN,NaN,NaN,NaN,NaN,37.65855918028831,NaN,0.8493033969139105,NaN,-0.07093713888707422,0.0,NaN,NaN,NaN,NaN,16.0,4.67282153472792e31,1.3246461460015002e-5,5.09241791919552,12.080250691167855,12.080250691167855,NaN,529.2417919195519,8.757995941300262,NaN
/gen04/case22,success,4,22,30,50,ife_moop_run,6,1.4876110553741455,5.299433286679784,27.02505290063845,964.9333475595319,36.13458169526106,1377.2560471589356,1072.7665306451936,4824.666737797659,5.505511288787376e7,3859.7333902381274,4.523164090927834,133.51937427935962,3.842120468345443,1.152636140503633,4.631714260392264,1.105381664021936,4.3600291109375,HDC,45.44509678769337,8.763340014620736e-8,0.12482172802117954,0.85,12.738871019396303,NaN,0.5891876571501543,NaN,NaN,NaN,-5.505511288787376e10,NaN,0.0,NaN,NaN,NaN,NaN,NaN,-1072.7665306451936,NaN,NaN,NaN,NaN,NaN,NaN,NaN,NaN,45.44509678769337,NaN,0.5891876571501543,NaN,-0.2297463597379712,0.0,NaN,NaN,NaN,NaN,16.0,4.614951289593396e31,1.4950460773028444e-5,9.527665306451937,6.818574692898946,6.818574692898946,NaN,972.7665306451936,12.852158125872146,NaN
/gen04/case23,success,4,23,30,50,ife_moop_run,5,1.5091660022735596,3.8100294497035736,23.979676078964342,771.4778024327431,67.40740805889375,1536.9152470448676,866.9538223846921,3857.3890121637155,2.36781188120576e7,3085.9112097309726,2.2940354331959294,57.22500127572804,3.133397584568015,0.9400192753704045,3.5057699376963294,1.105381664021936,3.7937102328125003,HDC,37.34912705679259,1.629094373071318e-7,0.10291813459680905,0.85,12.738871019396303,NaN,0.6298611563447595,NaN,NaN,NaN,-2.36781188120576e10,NaN,0.0,NaN,NaN,NaN,NaN,NaN,-866.9538223846921,NaN,NaN,NaN,NaN,NaN,NaN,NaN,NaN,37.34912705679259,NaN,0.6298611563447595,NaN,-0.20075517384617825,0.0,NaN,NaN,NaN,NaN,16.0,6.472584330720933e31,3.101461468989001e-5,7.469538223846921,17.692096333832318,17.692096333832318,NaN,766.9538223846921,9.208034719752382,NaN
/gen04/case24,success,4,24,30,50,ife_moop_run,2,1.430199146270752,5.554789878851889,13.386944663386362,539.7274155620106,76.29307693646888,1223.1181170606662,704.0501673000142,2698.637077810053,2.427322467976793e7,2158.9096622480424,2.3563737996627596,35.37197850936428,2.4938065366822517,0.7481419610046756,3.0764012503073235,1.105381664021936,5.1557897015625,HDC,46.39075270176806,1.1117752640667496e-7,0.15135474686040903,0.85,12.738871019396303,NaN,0.925485985655375,NaN,NaN,NaN,-2.427322467976793e10,NaN,0.0,NaN,NaN,NaN,NaN,NaN,-704.0501673000142,NaN,NaN,NaN,NaN,NaN,NaN,NaN,NaN,46.39075270176806,NaN,0.925485985655375,NaN,-0.03363015324670081,0.0,NaN,NaN,NaN,NaN,16.0,3.8691728569308587e31,1.6844403401014968e-5,5.8405016730001424,13.734646782397785,13.734646782397785,NaN,604.0501673000142,8.09467678114294,NaN
/gen04/case25,success,4,25,30,50,ife_moop_run,7,1.3620610237121582,1.4905806957948506,121.06641105802937,683.6507699934165,27.04523111116994,1223.014274563421,1013.4688609619928,3418.2538499670823,1.8372696175739616e7,2734.603079973666,5.836511778251995,126.3902621470042,4.317618668325019,1.2952856004975057,5.027046281933756,1.105381664021936,2.4060075101562504,HDC,23.043551616471955,1.8605074711248668e-7,0.13901757235242992,0.85,12.738871019396303,NaN,0.35691541166738094,NaN,NaN,NaN,-1.8372696175739616e10,NaN,91.06641105802937,NaN,NaN,NaN,NaN,NaN,-1013.4688609619928,NaN,NaN,NaN,NaN,NaN,NaN,NaN,NaN,23.043551616471955,NaN,0.35691541166738094,NaN,-0.4474346987308299,0.0,NaN,NaN,NaN,NaN,16.0,1.4930727668495931e32,2.818598209558303e-5,8.93468860961993,18.14409054636797,18.14409054636797,NaN,913.4688609619928,10.25406848786531,NaN
/gen04/case26,success,4,26,30,50,ife_moop_run,3,1.4720230102539062,7.949839276179302,9.530921664839042,389.2854729289628,60.930234321038846,887.4880592758195,458.92590154781294,1946.4273646448141,3.1562005455845434e7,1557.1418917158512,2.0708502682102816,31.945181014554613,2.665544670815925,0.7996634012447774,3.0899592048174127,1.105381664021936,5.1801265140625,HDC,59.0104727779815,6.166995210009148e-8,0.14733029408631657,0.85,12.738871019396303,NaN,1.7418207796163443,NaN,NaN,NaN,-3.1562005455845436e10,NaN,0.0,NaN,NaN,NaN,NaN,NaN,-458.92590154781294,NaN,NaN,NaN,NaN,NaN,NaN,NaN,NaN,59.0104727779815,NaN,1.7418207796163443,NaN,0.24100346730320574,0.0,NaN,NaN,NaN,NaN,16.0,4.0470077556366347e31,6.77963568639404e-6,3.389259015478129,7.6643353663272995,7.664335366327299,NaN,358.92590154781294,8.046353552198921,NaN
/gen04/case27,success,4,27,30,50,ife_moop_run,4,1.6542689800262451,3.29652501016959,22.578026824379293,162.95601159105104,21.022867317628794,639.6560643220644,488.0722140618057,814.7800579552553,1.6173117980829341e7,651.8240463642042,4.21981671018265,38.756847277060956,2.3933971035525423,0.7180191310657627,3.0900373500516243,1.105381664021936,4.6255818984375,HDC,30.356512398774278,5.037866284788421e-8,0.15391912936683216,0.85,21.533999807989336,NaN,0.8730548301166925,NaN,NaN,NaN,-1.6173117980829342e10,NaN,0.0,NaN,NaN,NaN,NaN,NaN,-488.0722140618057,NaN,NaN,NaN,NaN,NaN,NaN,NaN,NaN,30.356512398774278,NaN,0.8730548301166925,NaN,-0.05895848061359968,0.0,NaN,NaN,NaN,NaN,16.0,4.434856273808656e31,2.361400336793285e-6,3.680722140618057,6.377281304638811,6.37728130463881,NaN,388.0722140618057,7.8997084245349125,NaN
/gen04/case28,fail,4,28,30,50,ife_moop_run,9,0.9264650344848633,NaN,NaN,NaN,NaN,NaN,NaN,NaN,NaN,NaN,NaN,NaN,NaN,NaN,NaN,NaN,NaN,NaN,NaN,NaN,NaN,NaN,NaN,NaN,NaN,NaN,NaN,NaN,NaN,NaN,NaN,NaN,NaN,NaN,NaN,NaN,NaN,NaN,NaN,NaN,NaN,NaN,NaN,NaN,NaN,NaN,NaN,NaN,NaN,NaN,NaN,NaN,NaN,NaN,NaN,NaN,NaN,NaN,NaN,NaN,NaN,NaN,NaN,NaN,NaN
/gen04/case29,success,4,29,30,50,ife_moop_run,6,1.5479521751403809,4.767687890079334,17.875675212581477,358.45459289041645,36.64620645932338,734.0784205013492,472.63430591499156,1792.2729644520823,2.6031417789906688e7,1433.8183715616658,2.807783306435363,48.9074623983651,2.767830003555121,0.8303490010665364,3.3540313818405907,1.105381664021936,4.673686204687501,HDC,40.153996741600174,6.885037837420483e-8,0.14869986455481782,0.85,12.738871019396303,NaN,1.1750825123587878,NaN,NaN,NaN,-2.603141778990669e10,NaN,0.0,NaN,NaN,NaN,NaN,NaN,-472.63430591499156,NaN,NaN,NaN,NaN,NaN,NaN,NaN,NaN,40.153996741600174,NaN,1.1750825123587878,NaN,0.0700683631217597,0.0,NaN,NaN,NaN,NaN,16.0,4.431697383811583e31,6.2606441009524285e-6,3.5263430591499154,7.686368592956195,7.686368592956194,NaN,372.63430591499156,8.957465094413957,NaN
/gen04/case30,success,4,30,30,50,ife_moop_run,5,1.3878390789031982,3.322758066023245,20.661310936727997,126.32976637573412,19.088168490033077,618.8944782838497,472.8773693311418,631.6488318786706,1.4698208445569037e7,505.3190655029365,4.23850658818548,33.09111778893231,2.2951886965076653,0.6885566089522996,2.9410281806734564,1.105381664021936,4.6542887015625,HDC,30.212026459923358,4.2974545790244884e-8,0.14569218205633858,0.85,25.450374609620336,NaN,0.8942949274361999,NaN,NaN,NaN,-1.4698208445569036e10,NaN,0.0,NaN,NaN,NaN,NaN,NaN,-472.8773693311418,NaN,NaN,NaN,NaN,NaN,NaN,NaN,NaN,30.212026459923358,NaN,0.8942949274361999,NaN,-0.048519232618740346,0.0,NaN,NaN,NaN,NaN,16.0,4.460500076097004e31,1.6490540550643185e-6,3.5287736933114173,5.74467599227838,5.74467599227838,NaN,372.8773693311418,7.480760594332644,NaN
/gen04/case31,success,4,31,30,50,ife_moop_run,8,1.448796033859253,2.836265773546287,34.795885104523165,633.3336231235312,49.12528870959124,1262.2258610165977,301.8299583143027,3166.6681156176555,1.9863485340370916e7,2533.334492494125,1.3142765993326655,64.46105862782225,2.9468264132126327,0.8840479239637898,3.664897148131171,1.105381664021936,3.8981520703125003,HDC,30.826434586789702,1.5942157488251373e-7,0.05196266301680893,0.85,12.738871019396303,NaN,1.5194699030509093,NaN,NaN,NaN,-1.9863485340370914e10,NaN,4.795885104523165,NaN,NaN,NaN,NaN,NaN,-301.8299583143027,NaN,NaN,NaN,NaN,NaN,NaN,NaN,NaN,30.826434586789702,NaN,1.5194699030509093,NaN,0.1816921021992043,0.0,NaN,NaN,NaN,NaN,16.0,5.828493050670547e31,2.4926103639590035e-5,1.818299583143027,17.320410931789404,17.320410931789404,NaN,201.82995831430267,9.204260540372964,NaN
/gen04/case32,success,4,32,30,50,ife_moop_run,2,1.3905611038208008,5.8275110109756785,23.103223710005942,1013.3577961794435,42.74001368711749,1485.9437641938998,1213.3655340029652,5066.788980897218,5.522394037602968e7,4053.431184717774,5.451439622133547,118.54907249186088,3.8154692136676265,1.1446407641002878,4.4524830539267395,1.105381664021936,4.3593471796875,HDC,48.829318703076495,9.174986330921962e-8,0.16593022498615528,0.85,12.738871019396303,NaN,0.55834923525005,NaN,NaN,NaN,-5.522394037602968e10,NaN,0.0,NaN,NaN,NaN,NaN,NaN,-1213.3655340029652,NaN,NaN,NaN,NaN,NaN,NaN,NaN,NaN,48.829318703076495,NaN,0.55834923525005,NaN,-0.25309407436231435,0.0,NaN,NaN,NaN,NaN,16.0,4.729750710154795e31,1.6887992486738802e-5,10.933655340029652,7.33417982507796,7.33417982507796,NaN,1113.3655340029652,12.509900970180308,NaN
/gen04/case33,success,4,33,30,50,ife_moop_run,7,1.345824956893921,3.8997119139282947,27.27655152776137,1070.8511511393287,70.2874675085617,1928.7831136258096,849.7150599228723,5354.255755696644,2.9168533618660696e7,4283.404604557315,1.7874527069974728,76.17653538370041,3.2324020107075784,0.9697206032122734,3.850883357689825,1.105381664021936,4.065503629687501,HDC,39.01118144976441,1.8356273324179847e-7,0.06605542499275549,0.85,12.738871019396303,NaN,0.6740505291719027,NaN,NaN,NaN,-2.9168533618660694e10,NaN,0.0,NaN,NaN,NaN,NaN,NaN,-849.7150599228723,NaN,NaN,NaN,NaN,NaN,NaN,NaN,NaN,39.01118144976441,NaN,0.6740505291719027,NaN,-0.17130754601958764,0.0,NaN,NaN,NaN,NaN,16.0,5.452079743692264e31,4.3856920973936506e-5,7.297150599228723,18.02375894935251,18.02375894935251,NaN,749.7150599228723,10.184486696566303,NaN
/gen04/case34,success,4,34,30,50,ife_moop_run,3,1.3415470123291016,4.81127085894518,21.970548680894908,371.1837566490932,24.724900600626306,653.3320515205759,462.59884913422485,1855.9187832454659,3.465259709217226e7,1484.7350265963728,3.425371373973893,75.06273991647326,3.4923110772009,1.0476933231602699,3.8341617421147536,1.105381664021936,3.8987401578125005,HDC,40.097829386735306,5.355785536965433e-8,0.14069566971338968,0.85,12.738871019396303,NaN,1.1879958204832932,NaN,NaN,NaN,-3.465259709217226e10,NaN,0.0,NaN,NaN,NaN,NaN,NaN,-462.59884913422485,NaN,NaN,NaN,NaN,NaN,NaN,NaN,NaN,40.097829386735306,NaN,1.1879958204832932,NaN,0.07481491274598642,0.0,NaN,NaN,NaN,NaN,16.0,6.1050515991635335e31,4.334383855922061e-6,3.425988491342248,5.138954202642205,5.138954202642205,NaN,362.59884913422485,10.421936693290132,NaN
/gen04/case35,success,4,35,30,50,ife_moop_run,4,1.4776339530944824,4.010831009423131,19.807317921891528,695.9441567513878,80.0972108313978,1516.5117304078294,774.9495787020796,3479.720783756939,2.0698521107687064e7,2783.7766270055513,2.0450231001130947,43.44371979545762,2.6845898523783043,0.8053769557134913,3.2157619719102866,1.105381664021936,4.3777468109375,HDC,38.433161083899776,1.6811446410365193e-7,0.1102413752813212,0.85,12.738871019396303,NaN,0.7262114459708643,NaN,NaN,NaN,-2.0698521107687065e10,NaN,0.0,NaN,NaN,NaN,NaN,NaN,-774.9495787020796,NaN,NaN,NaN,NaN,NaN,NaN,NaN,NaN,38.433161083899776,NaN,0.7262114459708643,NaN,-0.13893691036279557,0.0,NaN,NaN,NaN,NaN,16.0,5.004171256698558e31,3.158065126632898e-5,6.549495787020796,19.97022827519178,19.97022827519178,NaN,674.9495787020796,8.418254503004047,NaN
/gen04/case36,success,4,36,30,50,ife_moop_run,9,1.3615028858184814,3.3693253613240417,17.26241060985893,203.0991250942762,42.91916633791371,639.7868078528472,362.122114605083,1015.4956254713809,1.1995839985955533e7,812.3965003771048,2.304170546026017,23.660655882179093,2.0686602375904286,0.6205980712771286,2.658113081702603,1.105381664021936,4.826795410937501,HDC,31.454746282145916,8.46539822688783e-8,0.16339906900783682,0.85,14.53797114100077,NaN,1.2407850974382317,NaN,NaN,NaN,-1.1995839985955532e10,NaN,0.0,NaN,NaN,NaN,NaN,NaN,-362.122114605083,NaN,NaN,NaN,NaN,NaN,NaN,NaN,NaN,31.454746282145916,NaN,1.2407850974382317,NaN,0.0936965687036716,0.0,NaN,NaN,NaN,NaN,16.0,4.313970037082459e31,5.878682960366317e-6,2.42122114605083,12.738207722702027,12.738207722702027,NaN,262.122114605083,6.645674502387649,NaN
/gen04/case37,success,4,37,30,50,ife_moop_run,6,1.4153690338134766,5.356477178769498,16.87406367120015,856.6044359547221,79.24952419254922,1670.4705884686305,479.63482759573674,4283.022179773611,3.0774995696278416e7,3426.4177438188885,1.4027716023947416,54.04476838709257,2.75944289533097,0.8278328685992911,3.473632837265579,1.105381664021936,5.112721676562501,HDC,46.599915513731275,1.3917214553149562e-7,0.06739846399442515,0.85,12.738871019396303,NaN,1.3797582870264802,NaN,NaN,NaN,-3.0774995696278416e10,NaN,0.0,NaN,NaN,NaN,NaN,NaN,-479.63482759573674,NaN,NaN,NaN,NaN,NaN,NaN,NaN,NaN,46.599915513731275,NaN,1.3797582870264802,NaN,0.1398030111801811,0.0,NaN,NaN,NaN,NaN,16.0,3.7381020520441977e31,2.879793741034442e-5,3.596348275957367,14.795082952403169,14.795082952403169,NaN,379.63482759573674,9.40664854527834,NaN
/gen04/case38,success,4,38,30,50,ife_moop_run,5,1.4909799098968506,4.065155768371733,28.199215708115908,440.45938620566494,25.133492833974554,752.3224780231569,588.0841382405301,2202.296931028325,3.3166905549970713e7,1761.8375448226598,4.580675127493818,87.62399024982868,3.3934546252039595,1.0180363875611877,4.033571587787284,1.105381664021936,4.0513207109375005,HDC,36.19503260363917,6.640043424341315e-8,0.16841176919136708,0.85,12.738871019396303,NaN,0.8553637060502444,NaN,NaN,NaN,-3.316690554997071e10,NaN,0.0,NaN,NaN,NaN,NaN,NaN,-588.0841382405301,NaN,NaN,NaN,NaN,NaN,NaN,NaN,NaN,36.19503260363917,NaN,0.8553637060502444,NaN,-0.06784918124369804,0.0,NaN,NaN,NaN,NaN,16.0,5.435355093910353e31,6.187927046852219e-6,4.680841382405301,6.182664150171441,6.182664150171442,NaN,488.08413824053014,10.73977700075653,NaN
/gen04/case39,success,4,39,30,50,ife_moop_run,2,1.4366638660430908,2.37029126709897,36.10656994532086,457.0853866068012,46.86773442796736,1025.8021819570592,757.0647203603808,2285.4269330340057,1.4140603548981331e7,1828.3415464272048,3.8171164372185102,48.763332832880096,2.973092514469026,0.8919277543407079,3.3491606686774333,1.105381664021936,3.2708316265625004,HDC,27.42913471984726,1.6162159734678684e-7,0.18470955819075988,0.85,12.738871019396303,NaN,0.5482821656396035,NaN,NaN,NaN,-1.4140603548981333e10,NaN,6.106569945320857,NaN,NaN,NaN,NaN,NaN,-757.0647203603808,NaN,NaN,NaN,NaN,NaN,NaN,NaN,NaN,27.42913471984726,NaN,0.5482821656396035,NaN,-0.26099588048944733,0.0,NaN,NaN,NaN,NaN,16.0,8.548616019527065e31,2.0536822078573852e-5,6.3706472036038075,19.772985319787043,19.772985319787043,NaN,657.0647203603808,8.173859168602645,NaN
/gen04/case40,success,4,40,30,50,ife_moop_run,8,1.4520559310913086,5.274375708205884,11.125722952158137,421.9590587794722,99.22248384533577,1162.411151869735,561.499911889474,2109.795293897361,1.6842141338516057e7,1687.8362351178887,1.9344140607320284,21.26327836325917,1.948728513359274,0.5846185540077822,2.6634428023134067,1.105381664021936,6.1551224109375005,HDC,44.56490130656705,1.2526882725253585e-7,0.1693472954174399,0.85,12.738871019396303,NaN,1.1299873925435988,NaN,NaN,NaN,-1.6842141338516058e10,NaN,0.0,NaN,NaN,NaN,NaN,NaN,-561.499911889474,NaN,NaN,NaN,NaN,NaN,NaN,NaN,NaN,44.56490130656705,NaN,1.1299873925435988,NaN,0.0530735980150211,0.0,NaN,NaN,NaN,NaN,16.0,2.9319172480380314e31,1.8037361395371067e-5,4.41499911889474,18.812175949272106,18.812175949272106,NaN,461.49991188947405,6.658922795020042,NaN
/gen04/case41,success,4,41,30,50,ife_moop_run,7,1.4289710521697998,5.291935098034932,29.395390940857702,1376.183735473636,44.24778745087007,1866.8837958391346,1505.00633942692,6880.91867736818,6.0857878370367125e7,5504.734941894544,5.158883933661146,155.50876266995982,4.339787762724411,1.3019363288173234,4.877025216255881,1.105381664021936,3.8612652203125,HDC,46.897141052222764,1.1306537233343042e-7,0.12756028572317446,0.85,12.738871019396303,NaN,0.43794525812547797,NaN,NaN,NaN,-6.085787837036713e10,NaN,0.0,NaN,NaN,NaN,NaN,NaN,-1505.00633942692,NaN,NaN,NaN,NaN,NaN,NaN,NaN,NaN,46.897141052222764,NaN,0.43794525812547797,NaN,-0.35858017164160394,0.0,NaN,NaN,NaN,NaN,16.0,5.816429397760972e31,2.6146714860720427e-5,13.8500633942692,8.361362456486043,8.361362456486043,NaN,1405.00633942692,13.522362285075177,NaN
/gen04/case42,success,4,42,30,50,ife_moop_run,3,1.3593530654907227,4.58296209522061,21.262473147846077,743.0000899810209,57.81700624062294,1388.8342349249672,1005.8685534497649,3715.0004499051047,3.0006659510040723e7,2972.0003599240836,3.6265239996834975,64.2544588774453,3.326220408591455,0.9978661225774366,3.646204554771349,1.105381664021936,3.8820922765625006,HDC,41.354157821204424,1.2380586545003464e-7,0.15712608308696116,0.85,12.738871019396303,NaN,0.5845906939652038,NaN,NaN,NaN,-3.0006659510040726e10,NaN,0.0,NaN,NaN,NaN,NaN,NaN,-1005.8685534497649,NaN,NaN,NaN,NaN,NaN,NaN,NaN,NaN,41.354157821204424,NaN,0.5845906939652038,NaN,-0.23314810240952455,0.0,NaN,NaN,NaN,NaN,16.0,6.228489777136189e31,2.1299129846713494e-5,8.858685534497651,12.615641377640458,12.615641377640458,NaN,905.8685534497649,9.813679839493856,NaN
/gen04/case43,fail,4,43,30,50,ife_moop_run,4,0.9430301189422607,NaN,NaN,NaN,NaN,NaN,NaN,NaN,NaN,NaN,NaN,NaN,NaN,NaN,NaN,NaN,NaN,NaN,NaN,NaN,NaN,NaN,NaN,NaN,NaN,NaN,NaN,NaN,NaN,NaN,NaN,NaN,NaN,NaN,NaN,NaN,NaN,NaN,NaN,NaN,NaN,NaN,NaN,NaN,NaN,NaN,NaN,NaN,NaN,NaN,NaN,NaN,NaN,NaN,NaN,NaN,NaN,NaN,NaN,NaN,NaN,NaN,NaN,NaN,NaN
/gen04/case44,success,4,44,30,50,ife_moop_run,9,1.3580749034881592,4.854913415904442,18.82966172916574,658.8953433947314,58.58697609758154,1281.4888919286602,859.3603309075346,3294.4767169736574,2.8944884695951737e7,2635.5813735789256,3.035778694596615,56.23223686244583,2.9162648604876646,0.8748794581462995,3.5025430181688817,1.105381664021936,4.5850351421875,HDC,42.56756446850532,1.138189615049469e-7,0.14390288893178757,0.85,12.738871019396303,NaN,0.6996243109284805,NaN,NaN,NaN,-2.8944884695951736e10,NaN,0.0,NaN,NaN,NaN,NaN,NaN,-859.3603309075346,NaN,NaN,NaN,NaN,NaN,NaN,NaN,NaN,42.56756446850532,NaN,0.6996243109284805,NaN,-0.1551351078287991,0.0,NaN,NaN,NaN,NaN,16.0,4.5423375611546505e31,1.8067567760778823e-5,7.3936033090753455,12.06756353381168,12.06756353381168,NaN,759.3603309075346,9.431809593215862,NaN
/gen04/case45,success,4,45,30,50,ife_moop_run,6,1.4218409061431885,6.1566446828039645,11.221456140485412,245.39507411835035,42.385205196868405,639.8831587924287,-208.37105787871587,1226.975370591752,2.3502514932223577e7,981.5802964734014,0.7543530538563793,28.948199375059435,2.269451927131668,0.6808355781395004,2.9352834861869974,1.105381664021936,5.792638414062501,HDC,47.483136588977366,5.220613088131618e-8,0.05086707555612204,0.85,13.731679392022322,NaN,Inf,NaN,NaN,NaN,-2.3502514932223576e10,NaN,0.0,NaN,NaN,NaN,NaN,NaN,208.37105787871587,NaN,NaN,NaN,NaN,NaN,NaN,NaN,NaN,47.483136588977366,NaN,Inf,NaN,Inf,3.0837105787871586,NaN,NaN,NaN,NaN,16.0,3.223697781254193e31,3.8388372537816555e-6,2.8837105787871584,6.884465058581975,6.884465058581975,NaN,308.3710578787159,7.583179003318134,NaN
/gen04/case46,success,4,46,30,50,ife_moop_run,5,1.4881041049957275,3.024648272722349,48.768961512869495,1246.5401216368057,48.34511028031311,1961.4587272445222,1658.0733606095803,6232.700608184029,3.34486096213748e7,4986.160486547223,6.465238416079279,128.92101335679615,3.9738762533171235,1.192162875995137,4.678519976013194,1.105381664021936,3.3698273984375007,HDC,34.136474014977274,1.863366124552191e-7,0.1676406498860662,0.85,12.738871019396303,NaN,0.3067627588357074,NaN,NaN,NaN,-3.34486096213748e10,NaN,18.768961512869495,NaN,NaN,NaN,NaN,NaN,-1658.0733606095803,NaN,NaN,NaN,NaN,NaN,NaN,NaN,NaN,34.136474014977274,NaN,0.3067627588357074,NaN,-0.5131973651072027,0.0,NaN,NaN,NaN,NaN,16.0,7.433666899703607e31,4.527386770642154e-5,15.380733606095804,15.983713120071267,15.983713120071265,NaN,1558.0733606095803,11.65790520984953,NaN
/gen04/case47,success,4,47,30,50,ife_moop_run,2,1.4218721389770508,4.578004464167161,16.189068026759937,345.20060971019626,46.736743684853174,785.4127036919441,425.09575448375125,1726.0030485509812,2.0969701813300956e7,1380.802438840785,2.1797828423500802,36.93032317761493,2.6196708994439484,0.7859012698331844,3.077895519216026,1.105381664021936,4.4954237453125,HDC,39.245623609367065,8.230937492187837e-8,0.13534448219822368,0.85,12.738871019396303,NaN,1.2896859710291335,NaN,NaN,NaN,-2.0969701813300957e10,NaN,0.0,NaN,NaN,NaN,NaN,NaN,-425.09575448375125,NaN,NaN,NaN,NaN,NaN,NaN,NaN,NaN,39.245623609367065,NaN,1.2896859710291335,NaN,0.11048397568549338,0.0,NaN,NaN,NaN,NaN,16.0,4.908582069993367e31,8.007878081478378e-6,3.0509575448375124,10.208977306743542,10.208977306743542,NaN,325.09575448375125,8.062450571567918,NaN
/gen04/case48,success,4,48,30,50,ife_moop_run,8,1.4396860599517822,9.167170945213602,15.516806077244317,1135.3828674264723,46.056581778904636,1549.3500203448186,1136.134411360635,5676.914337132362,8.405619786045006e7,4541.531469705889,3.749495388505816,123.25956720766818,3.920338115130849,1.1761014345392549,4.565932978171088,1.105381664021936,5.0555051421875,HDC,68.22472023608081,6.753712970169272e-8,0.1156573995087519,0.85,12.738871019396303,NaN,0.8125294839762387,NaN,NaN,NaN,-8.405619786045006e10,NaN,0.0,NaN,NaN,NaN,NaN,NaN,-1136.134411360635,NaN,NaN,NaN,NaN,NaN,NaN,NaN,NaN,68.22472023608081,NaN,0.8125294839762387,NaN,-0.09016087096956574,0.0,NaN,NaN,NaN,NaN,16.0,3.716585753451916e31,1.2961712042950357e-5,10.16134411360635,5.024077990271565,5.024077990271565,NaN,1036.134411360635,13.442691342066956,NaN
/gen04/case49,success,4,49,30,50,ife_moop_run,7,1.475956916809082,4.047933513980208,21.657597928742792,285.86331764409204,27.112783261015284,640.0903180266063,397.3547472222142,1429.31658822046,2.366040922246808e7,1143.4532705763681,2.6369860663825895,52.7174423392981,3.096295975834414,0.9288887927503242,3.417233718729697,1.105381664021936,3.8279663296875004,HDC,35.43857581734352,6.040963090626394e-8,0.11905379192740666,0.85,14.024448339029858,NaN,1.237738599086854,NaN,NaN,NaN,-2.366040922246808e10,NaN,0.0,NaN,NaN,NaN,NaN,NaN,-397.3547472222142,NaN,NaN,NaN,NaN,NaN,NaN,NaN,NaN,35.43857581734352,NaN,1.237738599086854,NaN,0.09262893469936366,0.0,NaN,NaN,NaN,NaN,16.0,6.455591271791394e31,4.350736900015549e-6,2.773547472222142,6.697931961425947,6.697931961425947,NaN,297.3547472222142,9.019146693960014,NaN
/gen04/case50,success,4,50,30,50,ife_moop_run,3,1.4052000045776367,5.582841438006794,23.85119918843675,1284.7347196786313,55.23343447691263,1907.4210522199317,1479.5022547462577,6423.673598393156,5.255044376660016e7,5138.938878714525,4.457436933083732,116.30045567921778,3.825214409671064,1.1475643229013193,4.423719722308216,1.105381664021936,4.2432874859375005,HDC,48.68456434856291,1.2223823697709464e-7,0.13376342955283865,0.85,12.738871019396303,NaN,0.46265689929445725,NaN,NaN,NaN,-5.255044376660016e10,NaN,0.0,NaN,NaN,NaN,NaN,NaN,-1479.5022547462577,NaN,NaN,NaN,NaN,NaN,NaN,NaN,NaN,48.68456434856291,NaN,0.46265689929445725,NaN,-0.33474095710362783,0.0,NaN,NaN,NaN,NaN,16.0,4.979075080336954e31,2.888177474768769e-5,13.595022547462579,9.89342704610867,9.89342704610867,NaN,1379.5022547462577,12.355499909929994,NaN
/gen04/case51,success,4,51,30,50,ife_moop_run,4,1.5069730281829834,2.786069552598789,33.874113352481345,203.6953352897686,17.13631832636997,641.7001291301145,524.6003560836949,1018.4766764488433,1.8530591924311392e7,814.7813411590744,5.479943405831687,59.43380935457854,2.88185791022632,0.864557373067896,3.565627790647858,1.105381664021936,3.8810912765625,HDC,27.58451591190053,5.49619073480671e-8,0.1678389463077351,0.85,19.54901049380357,NaN,0.7443308216686234,NaN,NaN,NaN,-1.8530591924311394e10,NaN,3.874113352481345,NaN,NaN,NaN,NaN,NaN,-524.6003560836949,NaN,NaN,NaN,NaN,NaN,NaN,NaN,NaN,27.58451591190053,NaN,0.7443308216686234,NaN,-0.12823399712600903,0.0,NaN,NaN,NaN,NaN,16.0,5.920463470193548e31,2.8468875321081177e-6,4.046003560836948,6.150714475302873,6.150714475302873,NaN,424.60035608369486,8.935857381895566,NaN
/gen04/case52,fail,4,52,30,50,ife_moop_run,9,0.9201161861419678,NaN,NaN,NaN,NaN,NaN,NaN,NaN,NaN,NaN,NaN,NaN,NaN,NaN,NaN,NaN,NaN,NaN,NaN,NaN,NaN,NaN,NaN,NaN,NaN,NaN,NaN,NaN,NaN,NaN,NaN,NaN,NaN,NaN,NaN,NaN,NaN,NaN,NaN,NaN,NaN,NaN,NaN,NaN,NaN,NaN,NaN,NaN,NaN,NaN,NaN,NaN,NaN,NaN,NaN,NaN,NaN,NaN,NaN,NaN,NaN,NaN,NaN,NaN,NaN
/gen04/case53,fail,4,53,30,50,ife_moop_run,6,0.7961530685424805,NaN,NaN,NaN,NaN,NaN,NaN,NaN,NaN,NaN,NaN,NaN,NaN,NaN,NaN,NaN,NaN,NaN,NaN,NaN,NaN,NaN,NaN,NaN,NaN,NaN,NaN,NaN,NaN,NaN,NaN,NaN,NaN,NaN,NaN,NaN,NaN,NaN,NaN,NaN,NaN,NaN,NaN,NaN,NaN,NaN,NaN,NaN,NaN,NaN,NaN,NaN,NaN,NaN,NaN,NaN,NaN,NaN,NaN,NaN,NaN,NaN,NaN,NaN,NaN
/gen04/case54,success,4,54,30,50,ife_moop_run,5,1.8328230381011963,3.5170049268132577,30.638049429030374,361.17473352492516,23.315828719010952,656.3662917462786,498.1228419186591,1805.8736676246258,2.6986400517351016e7,1444.6989340997006,4.147825976122757,77.4526905900701,3.2153777996091724,0.9646133398827519,3.8789568679890976,1.105381664021936,3.9721040734375,HDC,32.66961892706112,6.69179154316461e-8,0.1627706449898367,0.85,12.738871019396303,NaN,0.9169478142051307,NaN,NaN,NaN,-2.6986400517351017e10,NaN,0.6380494290303744,NaN,NaN,NaN,NaN,NaN,-498.1228419186591,NaN,NaN,NaN,NaN,NaN,NaN,NaN,NaN,32.66961892706112,NaN,0.9169478142051307,NaN,-0.037655380412493396,0.0,NaN,NaN,NaN,NaN,16.0,5.639040869653937e31,5.440751626079727e-6,3.781228419186591,6.6294558023657135,6.6294558023657135,NaN,398.1228419186591,10.094028443144083,NaN
/gen04/case55,success,4,55,30,50,ife_moop_run,2,1.8149878978729248,4.175483093754152,15.16094601876446,219.49574840546708,40.56553397168761,639.9102729730201,381.1993322440909,1097.4787420273356,1.5840502974836402e7,877.9829936218683,2.4734565580027086,27.054463101442522,2.1776843453816106,0.6533053036144831,2.7963700257355604,1.105381664021936,5.1167444453125,HDC,36.10906647799064,6.928307414043272e-8,0.16644937584811656,0.85,14.43800406282541,NaN,1.3237162588851248,NaN,NaN,NaN,-1.5840502974836403e10,NaN,0.0,NaN,NaN,NaN,NaN,NaN,-381.1993322440909,NaN,NaN,NaN,NaN,NaN,NaN,NaN,NaN,36.10906647799064,NaN,1.3237162588851248,NaN,0.12179490322563806,0.0,NaN,NaN,NaN,NaN,16.0,3.903034524960204e31,4.845518319157037e-6,2.611993322440909,9.715171409116012,9.715171409116012,NaN,281.1993322440909,7.131430957092792,NaN
/gen04/case56,success,4,56,30,50,ife_moop_run,7,1.7241630554199219,4.809007608053533,19.60494687189051,416.2559484321396,34.74620327024352,792.6679150131977,555.0002408131909,2081.2797421606974,2.9903082531725403e7,1665.0237937285583,3.3351944797765656,59.89948674314858,2.794874364374761,0.8384623093124283,3.570693815395197,1.105381664021936,4.999214532812501,HDC,40.61758296897652,6.960084265401678e-8,0.15604511698915688,0.85,12.738871019396303,NaN,1.0121448430343505,NaN,NaN,NaN,-2.9903082531725403e10,NaN,0.0,NaN,NaN,NaN,NaN,NaN,-555.0002408131909,NaN,NaN,NaN,NaN,NaN,NaN,NaN,NaN,40.61758296897652,NaN,1.0121448430343505,NaN,0.00524266668299765,0.0,NaN,NaN,NaN,NaN,16.0,3.808703435107536e31,6.834016209238071e-6,4.3500024081319095,7.225233582923607,7.225233582923607,NaN,455.00024081319094,9.633023189522076,NaN
/gen04/case57,success,4,57,30,50,ife_moop_run,8,1.6629059314727783,9.656126754338393,13.61921614207312,1228.2460244758072,59.86352876876002,1779.2986246415492,1285.6071112205705,6141.2301223790355,7.822869029449138e7,4912.984097903229,3.6040696999470456,102.587172000857,3.9871993278921782,1.1961597983676535,4.336664688356594,1.105381664021936,4.6805555671875,HDC,71.72996911614605,7.850355284308629e-8,0.1250565909158157,0.85,12.738871019396303,NaN,0.7564247052390529,NaN,NaN,NaN,-7.822869029449138e10,NaN,0.0,NaN,NaN,NaN,NaN,NaN,-1285.6071112205705,NaN,NaN,NaN,NaN,NaN,NaN,NaN,NaN,71.72996911614605,NaN,0.7564247052390529,NaN,-0.12123429530322778,0.0,NaN,NaN,NaN,NaN,16.0,4.429487124427493e31,1.7302481061382076e-5,11.656071112205707,6.1995384165668685,6.1995384165668685,NaN,1185.6071112205705,12.662806094289737,NaN
/gen04/case58,fail,4,58,30,50,ife_moop_run,3,1.0521149635314941,NaN,NaN,NaN,NaN,NaN,NaN,NaN,NaN,NaN,NaN,NaN,NaN,NaN,NaN,NaN,NaN,NaN,NaN,NaN,NaN,NaN,NaN,NaN,NaN,NaN,NaN,NaN,NaN,NaN,NaN,NaN,NaN,NaN,NaN,NaN,NaN,NaN,NaN,NaN,NaN,NaN,NaN,NaN,NaN,NaN,NaN,NaN,NaN,NaN,NaN,NaN,NaN,NaN,NaN,NaN,NaN,NaN,NaN,NaN,NaN,NaN,NaN,NaN,NaN
/gen04/case59,success,4,59,30,50,ife_moop_run,9,2.0740039348602295,7.320072488400562,11.025937211965845,947.7032325777367,123.43026518680992,2029.6003492150971,1108.4106968180713,4738.5161628886835,3.2808080391684476e7,3790.8129303109467,2.203238327671048,38.39022913640352,2.7398646797773427,0.8219594039332028,3.218656672072448,1.105381664021936,5.141832007812501,HDC,58.99340305221744,1.4443137502460235e-7,0.1362079834616472,0.85,12.738871019396303,NaN,0.7464483336897362,NaN,NaN,NaN,-3.2808080391684475e10,NaN,0.0,NaN,NaN,NaN,NaN,NaN,-1108.4106968180713,NaN,NaN,NaN,NaN,NaN,NaN,NaN,NaN,58.99340305221744,NaN,0.7464483336897362,NaN,-0.1270002471083865,0.0,NaN,NaN,NaN,NaN,16.0,3.9841919517842816e31,3.631134219009284e-5,9.884106968180715,16.86189110591437,16.86189110591437,NaN,1008.4106968180714,8.565550217196131,NaN
/gen04/case60,success,4,60,30,50,ife_moop_run,4,1.7394139766693115,8.402160569763902,11.081306854638502,835.8063021433818,83.33911563089673,1598.6538328898084,1087.4085411085289,4179.031510716909,4.393120283719845e7,3343.225208573527,3.12698005945401,50.14489869589636,2.816208465459171,0.8448625396377513,3.504783315270058,1.105381664021936,5.794577851562501,HDC,63.96839713700733,9.512672635447037e-8,0.16793935783602051,0.85,12.738871019396303,NaN,0.8057195043691681,NaN,NaN,NaN,-4.393120283719845e10,NaN,0.0,NaN,NaN,NaN,NaN,NaN,-1087.4085411085289,NaN,NaN,NaN,NaN,NaN,NaN,NaN,NaN,63.96839713700733,NaN,0.8057195043691681,NaN,-0.09381612309124265,0.0,NaN,NaN,NaN,NaN,16.0,3.149575515436298e31,1.8837671190532135e-5,9.67408541108529,9.918772075220948,9.918772075220948,NaN,987.4085411085289,9.590574884981551,NaN
/gen04/case61,success,4,61,30,50,ife_moop_run,6,1.6119940280914307,4.568621434798351,29.915146437344422,557.2938897034637,22.893325230954442,838.359821100637,545.9464954173517,2786.4694485173186,4.560194044781134e7,2229.175558813855,2.8670369899922754,121.715365522772,3.699950445816557,1.109985133744967,4.499104615563454,1.105381664021936,4.215409635937501,HDC,39.39870146287149,6.11041859437158e-8,0.0825242449134945,0.85,12.738871019396303,NaN,0.9962703035970523,NaN,NaN,NaN,-4.560194044781134e10,NaN,0.0,NaN,NaN,NaN,NaN,NaN,-545.9464954173517,NaN,NaN,NaN,NaN,NaN,NaN,NaN,NaN,39.39870146287149,NaN,0.9962703035970523,NaN,-0.0016228147548666848,0.0,NaN,NaN,NaN,NaN,16.0,4.903697248163665e31,6.34558471374824e-6,4.2594649541735174,5.010991949689721,5.010991949689721,NaN,445.94649541735174,12.19402995598493,NaN
/gen04/case62,success,4,62,30,50,ife_moop_run,5,1.4971449375152588,3.4546502747514194,25.182901769805703,518.3897801318607,49.689728205684325,1079.799788559835,632.0648353294711,2591.948900659303,2.0462433338647977e7,2073.5591205274427,2.411694197134232,52.16267011826387,2.742181016623404,0.8226543049870211,3.400947268152073,1.105381664021936,4.2970505703125,HDC,33.8339379796972,1.2666865459074293e-7,0.11482716576220804,0.85,12.738871019396303,NaN,0.7751354086462315,NaN,NaN,NaN,-2.0462433338647976e10,NaN,0.0,NaN,NaN,NaN,NaN,NaN,-632.0648353294711,NaN,NaN,NaN,NaN,NaN,NaN,NaN,NaN,33.8339379796972,NaN,0.7751354086462315,NaN,-0.11062242382783843,0.0,NaN,NaN,NaN,NaN,16.0,5.001974163218761e31,1.694270008761834e-5,5.120648353294711,14.38343225907571,14.38343225907571,NaN,532.0648353294711,8.806566632301347,NaN
/gen04/case63,success,4,63,30,50,ife_moop_run,2,1.5947771072387695,7.085479676527206,9.065647675824803,469.827526071233,102.47697344545396,1228.1314369722757,13.644588206362009,2349.137630356165,2.314538378022851e7,1879.310104284932,1.0112348587555533,22.923565669184743,2.1637460102741644,0.6491238030822492,2.8003117506223103,1.105381664021936,6.074570064062501,HDC,55.07500111375817,1.0149486621876065e-7,0.08543401167831635,0.85,12.738871019396303,NaN,55.97720732895541,NaN,NaN,NaN,-2.314538378022851e10,NaN,0.0,NaN,NaN,NaN,NaN,NaN,-13.644588206362009,NaN,NaN,NaN,NaN,NaN,NaN,NaN,NaN,55.07500111375817,NaN,55.97720732895541,NaN,1.7480112279658362,0.8635541179363799,NaN,NaN,NaN,NaN,16.0,3.0852771099561405e31,1.5440421479950013e-5,0.66355411793638,14.462954961954082,14.462954961954082,NaN,86.35541179363798,7.017574657858696,NaN
/gen04/case64,success,4,64,30,50,ife_moop_run,3,1.7870140075683594,3.2222998042599484,27.725994075777386,640.1402488737926,58.53918327867971,1324.349901402573,814.9219957045875,3200.701244368963,1.987003359065834e7,2560.5609954951706,2.5996807135801347,54.676219672075206,2.6962835229819975,0.8088850568945992,3.4553085154900143,1.105381664021936,4.3719691640625005,HDC,33.30807363774303,1.6108182352916277e-7,0.11839781412831002,0.85,12.738871019396303,NaN,0.6040722493393494,NaN,NaN,NaN,-1.987003359065834e10,NaN,0.0,NaN,NaN,NaN,NaN,NaN,-814.9219957045875,NaN,NaN,NaN,NaN,NaN,NaN,NaN,NaN,33.30807363774303,NaN,0.6040722493393494,NaN,-0.2189111149999075,0.0,NaN,NaN,NaN,NaN,16.0,4.766781925673358e31,2.642527455977821e-5,6.949219957045875,18.16689533397534,18.16689533397534,NaN,714.9219957045875,8.86677776074985,NaN
/gen04/case65,success,4,65,30,50,ife_moop_run,7,1.5267949104309082,9.52181873599319,13.746494686697256,1310.1271366813503,64.2161075611263,1904.8172183944498,1393.388142464185,6550.635683406751,7.698494649491215e7,5240.508546725401,3.7244992669407373,102.00922996105463,3.6714469180145257,1.1014340754043574,4.325668148277567,1.105381664021936,5.283113773437501,HDC,71.32734903599129,8.508982576015269e-8,0.1293560564332194,0.85,12.738871019396303,NaN,0.695817003413396,NaN,NaN,NaN,-7.698494649491214e10,NaN,0.0,NaN,NaN,NaN,NaN,NaN,-1393.388142464185,NaN,NaN,NaN,NaN,NaN,NaN,NaN,NaN,71.32734903599129,NaN,0.695817003413396,NaN,-0.15750496277097553,0.0,NaN,NaN,NaN,NaN,16.0,3.5071206146119477e31,2.007710868131671e-5,12.73388142464185,6.7441010317056955,6.744101031705696,NaN,1293.388142464185,12.616926312361612,NaN
/gen04/case66,success,4,66,30,50,ife_moop_run,8,1.832003116607666,3.1831139883481763,22.01723373623842,347.95963841106266,50.36628415012692,844.7325448443535,516.9564912075593,1739.7981920553132,1.4551510537382849e7,1391.8385536442506,2.5771636929291803,34.542913407498794,2.581333132828135,0.7743999398484406,2.9780648094897444,1.105381664021936,3.9082590421875003,HDC,31.448581906584767,1.1956134640357574e-7,0.1610298600691916,0.85,12.738871019396303,NaN,0.8850845435325897,NaN,NaN,NaN,-1.4551510537382849e10,NaN,0.0,NaN,NaN,NaN,NaN,NaN,-516.9564912075593,NaN,NaN,NaN,NaN,NaN,NaN,NaN,NaN,31.448581906584767,NaN,0.8850845435325897,NaN,-0.05301524338575731,0.0,NaN,NaN,NaN,NaN,16.0,6.284492886075118e31,1.2510660848197425e-5,3.969564912075593,15.822959634651244,15.822959634651244,NaN,416.9564912075593,7.556193605003216,NaN
/gen04/case67,success,4,67,30,50,ife_moop_run,9,1.825209140777588,2.7731411234527927,26.75924195887656,210.01919597923936,27.288238256092324,640.9540013288076,429.7295269797261,1050.0959798961967,1.384010646491416e7,840.0767839169574,3.034468440761892,38.48163337044135,2.487751700741149,0.7463255102223447,3.0806895729149857,1.105381664021936,4.0806593953125,HDC,27.81066508023297,7.587340332664918e-8,0.13906643575738062,0.85,16.341481146317964,NaN,0.927635430381736,NaN,NaN,NaN,-1.384010646491416e10,NaN,0.0,NaN,NaN,NaN,NaN,NaN,-429.7295269797261,NaN,NaN,NaN,NaN,NaN,NaN,NaN,NaN,27.81066508023297,NaN,0.927635430381736,NaN,-0.03262267214549492,0.0,NaN,NaN,NaN,NaN,16.0,5.588833761021619e31,4.695979351257314e-6,3.0972952697972604,9.8401909752491,9.8401909752491,NaN,329.7295269797261,7.710562073184607,NaN
/gen04/case68,success,4,68,30,50,ife_moop_run,4,1.450063943862915,4.0660229874839855,14.352559891049724,347.18227081864745,75.81885003009901,952.0357645773731,425.03481316980464,1735.9113540932374,1.391625800738303e7,1388.7290832745898,1.8065162160230979,22.89551151730876,2.006670107507401,0.6020010322522202,2.6615157997017347,1.105381664021936,5.3990952640625,HDC,36.891474743831886,1.2473980815620691e-7,0.1480834162937812,0.85,12.738871019396303,NaN,1.253690430236904,NaN,NaN,NaN,-1.391625800738303e10,NaN,0.0,NaN,NaN,NaN,NaN,NaN,-425.03481316980464,NaN,NaN,NaN,NaN,NaN,NaN,NaN,NaN,36.891474743831886,NaN,1.253690430236904,NaN,0.09819031078697987,0.0,NaN,NaN,NaN,NaN,16.0,3.579351828767134e31,1.4710538221972443e-5,3.0503481316980463,18.646930984769213,18.646930984769213,NaN,325.03481316980464,6.689562387402742,NaN
/gen04/case69,success,4,69,30,50,ife_moop_run,6,1.4926650524139404,5.975447944335299,19.58264050995143,1000.1441049603729,55.69853992399988,1608.9947772651599,1225.913174443393,5000.720524801865,4.704980879061743e7,4000.5764198414918,4.200135859862117,89.78189610760533,3.5869936515579557,1.0760980954673867,4.075511094608577,1.105381664021936,4.340913139062501,HDC,50.05261401472246,1.0628567157533481e-7,0.15132117306870757,0.85,12.738871019396303,NaN,0.5689427725081492,NaN,NaN,NaN,-4.704980879061743e10,NaN,0.0,NaN,NaN,NaN,NaN,NaN,-1225.913174443393,NaN,NaN,NaN,NaN,NaN,NaN,NaN,NaN,50.05261401472246,NaN,0.5689427725081492,NaN,-0.2449314152109733,0.0,NaN,NaN,NaN,NaN,16.0,4.932915029892358e31,2.1183591003212156e-5,11.05913174443393,9.32123255743561,9.32123255743561,NaN,1125.913174443393,11.402534044765357,NaN
/gen04/case70,success,4,70,30,50,ife_moop_run,5,1.6482570171356201,7.827201854891614,12.046929060381526,640.213909268397,60.30260766110327,1207.1093466312593,586.014856627017,3201.0695463419847,4.270646512326565e7,2560.855637073588,1.9435196512901192,53.083434871204695,2.820251589332446,0.8460754767997337,3.5390928115782323,1.105381664021936,5.737721051562501,HDC,59.3965563424279,7.49551511018903e-8,0.09949374009435591,0.85,12.738871019396303,NaN,1.3809981414587964,NaN,NaN,NaN,-4.270646512326565e10,NaN,0.0,NaN,NaN,NaN,NaN,NaN,-586.014856627017,NaN,NaN,NaN,NaN,NaN,NaN,NaN,NaN,59.3965563424279,NaN,1.3809981414587964,NaN,0.14019309410742764,0.0,NaN,NaN,NaN,NaN,16.0,3.1603135558479675e31,1.1207747136688071e-5,4.66014856627017,7.704235661613495,7.704235661613496,NaN,486.014856627017,9.729083376220668,NaN
/gen04/case71,fail,4,71,30,50,ife_moop_run,2,1.0469160079956055,NaN,NaN,NaN,NaN,NaN,NaN,NaN,NaN,NaN,NaN,NaN,NaN,NaN,NaN,NaN,NaN,NaN,NaN,NaN,NaN,NaN,NaN,NaN,NaN,NaN,NaN,NaN,NaN,NaN,NaN,NaN,NaN,NaN,NaN,NaN,NaN,NaN,NaN,NaN,NaN,NaN,NaN,NaN,NaN,NaN,NaN,NaN,NaN,NaN,NaN,NaN,NaN,NaN,NaN,NaN,NaN,NaN,NaN,NaN,NaN,NaN,NaN,NaN,NaN
/gen04/case72,success,4,72,30,50,ife_moop_run,3,1.5640888214111328,5.686502356367496,14.138932221033459,900.5059709825379,108.22070944145493,1917.9972746127044,1098.1823785568868,4502.52985491269,2.7470047119143937e7,3602.0238839301514,2.339549188286664,41.60506688739147,2.5123279845944717,0.7536983953783415,3.227170170510448,1.105381664021936,5.4853720796875,HDC,49.28072978461147,1.639068850295079e-7,0.13446658352351037,0.85,12.738871019396303,NaN,0.6419501608457401,NaN,NaN,NaN,-2.7470047119143936e10,NaN,0.0,NaN,NaN,NaN,NaN,NaN,-1098.1823785568868,NaN,NaN,NaN,NaN,NaN,NaN,NaN,NaN,49.28072978461147,NaN,0.6419501608457401,NaN,-0.1924986879901477,0.0,NaN,NaN,NaN,NaN,16.0,3.3939216030105436e31,3.8941745121236026e-5,9.781823785568868,19.03115529711759,19.03115529711759,NaN,998.1823785568866,8.61255569988086,NaN
/gen04/case73,success,4,73,30,50,ife_moop_run,7,1.6146290302276611,9.202255956614568,7.3734364560704115,773.3512436797462,171.35560459451654,1994.890135621183,471.93908281922864,3866.756218398731,2.9200584844646964e7,3093.4049747189847,1.309884603284489,22.56568279484492,2.3453522608855204,0.7036056782656561,2.8786000883146468,1.105381664021936,5.934114123437501,HDC,69.65535101437852,1.3242050592379086e-7,0.11363472592569715,0.85,12.738871019396303,NaN,2.0466033613755346,NaN,NaN,NaN,-2.9200584844646965e10,NaN,0.0,NaN,NaN,NaN,NaN,NaN,-471.93908281922864,NaN,NaN,NaN,NaN,NaN,NaN,NaN,NaN,69.65535101437852,NaN,2.0466033613755346,NaN,0.3110336830841355,0.0,NaN,NaN,NaN,NaN,16.0,3.324727627179975e31,3.272234754869275e-5,3.5193908281922863,18.621043079262144,18.621043079262144,NaN,371.93908281922864,7.111336639957872,NaN
/gen04/case74,success,4,74,30,50,ife_moop_run,9,1.547098159790039,3.8091171105827075,26.359974048276307,931.1265243284881,68.08822290724412,1745.3583700197987,1293.9025444740287,4655.6326216424395,2.661420579350117e7,3724.5060973139525,3.8660667805312183,68.37647426904884,3.40219392210161,1.020658176630483,3.715960321456273,1.105381664021936,3.5999979640625,HDC,38.00022346901675,1.7493036079172736e-7,0.15600255265719637,0.85,12.738871019396303,NaN,0.4307660656601007,NaN,NaN,NaN,-2.6614205793501167e10,NaN,0.0,NaN,NaN,NaN,NaN,NaN,-1293.9025444740287,NaN,NaN,NaN,NaN,NaN,NaN,NaN,NaN,38.00022346901675,NaN,0.4307660656601007,NaN,-0.36575851632353584,0.0,NaN,NaN,NaN,NaN,16.0,7.092286309652305e31,3.781987005366479e-5,11.739025444740287,17.875066827973736,17.875066827973736,NaN,1193.9025444740287,9.78627730319691,NaN
/gen04/case75,success,4,75,30,50,ife_moop_run,4,1.5178110599517822,2.7659734170573773,31.618874852733526,363.13177762783386,34.997554232093975,780.9342645113074,507.5806455414089,1815.6588881391694,1.6822919122864734e7,1452.5271105113354,2.8568645531534123,51.879593530971576,2.8150604259136163,0.8445181277740849,3.4041626175904067,1.105381664021936,3.8074583421875006,HDC,28.81757621895859,1.0792769523996767e-7,0.13546376618076955,0.85,12.738871019396303,NaN,0.8243267482338817,NaN,NaN,NaN,-1.6822919122864737e10,NaN,1.6188748527335264,NaN,NaN,NaN,NaN,NaN,-507.5806455414089,NaN,NaN,NaN,NaN,NaN,NaN,NaN,NaN,28.81757621895859,NaN,0.8243267482338817,NaN,-0.08390060768765455,0.0,NaN,NaN,NaN,NaN,16.0,6.246487561859841e31,1.0440411319129564e-5,3.8758064554140885,12.652888858681315,12.652888858681315,NaN,407.5806455414089,8.529885660531749,NaN
/gen04/case76,success,4,76,30,50,ife_moop_run,8,1.6836950778961182,6.766522408211441,7.4440997663227,296.5579094085946,113.50972600406838,968.952471393371,320.6201226766721,1482.7895470429728,1.574387002014975e7,1186.2316376343783,1.4945305032385068,13.063105684792395,1.967359990798386,0.5902079972395159,2.4202959729328377,1.105381664021936,5.5796568953125005,HDC,52.46706113611876,9.41820241875237e-8,0.1792261617996768,0.85,12.738871019396303,NaN,2.276102582677786,NaN,NaN,NaN,-1.574387002014975e10,NaN,0.0,NaN,NaN,NaN,NaN,NaN,-320.6201226766721,NaN,NaN,NaN,NaN,NaN,NaN,NaN,NaN,52.46706113611876,NaN,2.276102582677786,NaN,0.3571918315749403,0.0,NaN,NaN,NaN,NaN,16.0,3.8030077783758093e31,1.1304223157185458e-5,2.006201226766721,16.775193985365345,16.775193985365345,NaN,220.6201226766721,5.614362747142475,NaN
/gen04/case77,success,4,77,30,50,ife_moop_run,6,1.361469030380249,4.014569984788267,26.492031495889446,1013.709493304697,66.49270220986317,1818.171985522751,1408.6137186773262,5068.547466523485,2.9921033075951144e7,4054.837973218788,4.439348763552036,76.22712415155304,3.299210920646483,0.989763276193945,3.850812648645563,1.105381664021936,3.9885423703125,HDC,39.40240078668365,1.693974754701e-7,0.16852441780395613,0.85,12.738871019396303,NaN,0.4077207491822284,NaN,NaN,NaN,-2.9921033075951145e10,NaN,0.0,NaN,NaN,NaN,NaN,NaN,-1408.6137186773262,NaN,NaN,NaN,NaN,NaN,NaN,NaN,NaN,39.40240078668365,NaN,0.4077207491822284,NaN,-0.3896371864481437,0.0,NaN,NaN,NaN,NaN,16.0,5.689841295943305e31,3.81515443848355e-5,12.886137186773263,16.56284545089829,16.56284545089829,NaN,1308.6137186773262,10.22755878344036,NaN
/gen04/case78,fail,4,78,30,50,ife_moop_run,5,1.1161930561065674,NaN,NaN,NaN,NaN,NaN,NaN,NaN,NaN,NaN,NaN,NaN,NaN,NaN,NaN,NaN,NaN,NaN,NaN,NaN,NaN,NaN,NaN,NaN,NaN,NaN,NaN,NaN,NaN,NaN,NaN,NaN,NaN,NaN,NaN,NaN,NaN,NaN,NaN,NaN,NaN,NaN,NaN,NaN,NaN,NaN,NaN,NaN,NaN,NaN,NaN,NaN,NaN,NaN,NaN,NaN,NaN,NaN,NaN,NaN,NaN,NaN,NaN,NaN,NaN
/gen04/case79,success,4,79,30,50,ife_moop_run,2,1.4771380424499512,3.5586901991045257,23.152607785579004,524.7566413237791,55.79442419532514,1128.550677966502,757.8370271129094,2623.7832066188953,1.9619910417191204e7,2099.0265652951166,3.044265231042718,47.02590347439654,2.623145551508971,0.7869436654526913,3.2894289195606934,1.105381664021936,4.4641080859375,HDC,34.60737354095934,1.337306415181134e-7,0.15685207486819064,0.85,12.738871019396303,NaN,0.6629061514219353,NaN,NaN,NaN,-1.9619910417191204e10,NaN,0.0,NaN,NaN,NaN,NaN,NaN,-757.8370271129094,NaN,NaN,NaN,NaN,NaN,NaN,NaN,NaN,34.60737354095934,NaN,0.6629061514219353,NaN,-0.1785479509384101,0.0,NaN,NaN,NaN,NaN,16.0,4.703248151660257e31,1.8694860178823102e-5,6.378370271129093,15.67835947320301,15.67835947320301,NaN,657.8370271129094,8.529632309214612,NaN
/gen04/case80,success,4,80,30,50,ife_moop_run,3,1.6672470569610596,4.537190244677076,24.6175607788671,1223.5301537004207,73.13424681564227,2091.035160285531,1269.317804079483,6117.650768502104,3.535933623162448e7,4894.120614801683,2.5447133914026736,83.6496037748711,3.2525560689425257,0.9757668206827577,3.969193942066367,1.105381664021936,4.4130383171875005,HDC,43.17162184613559,1.730137333016629e-7,0.09065659273724944,0.85,12.738871019396303,NaN,0.49239677943318694,NaN,NaN,NaN,-3.535933623162448e10,NaN,0.0,NaN,NaN,NaN,NaN,NaN,-1269.317804079483,NaN,NaN,NaN,NaN,NaN,NaN,NaN,NaN,43.17162184613559,NaN,0.49239677943318694,NaN,-0.3076847962747781,0.0,NaN,NaN,NaN,NaN,16.0,4.654941018984814e31,4.481383804528674e-5,11.493178040794831,16.118840707956128,16.118840707956128,NaN,1169.317804079483,10.73363379143419,NaN
/gen04/case81,success,4,81,30,50,ife_moop_run,7,1.5965089797973633,7.899778920975443,13.58885071222435,951.4825621963142,67.56022021048307,1615.524540094492,1224.2344059264442,4757.412810981572,5.1488947251585744e7,3805.930248785257,4.128712684078745,70.41736684930731,3.412508629723196,1.023752588916959,3.8373728162483998,1.105381664021936,4.7544543921875,HDC,61.140549242974245,9.239677765668542e-8,0.1795428954305544,0.85,12.738871019396303,NaN,0.6847211030958618,NaN,NaN,NaN,-5.148894725158575e10,NaN,0.0,NaN,NaN,NaN,NaN,NaN,-1224.2344059264442,NaN,NaN,NaN,NaN,NaN,NaN,NaN,NaN,61.140549242974245,NaN,0.6847211030958618,NaN,-0.1644862869758966,0.0,NaN,NaN,NaN,NaN,16.0,4.374231637951031e31,1.84901575738004e-5,11.042344059264444,8.552165938605901,8.552165938605901,NaN,1124.2344059264442,10.803903750229047,NaN
/gen04/case82,success,4,82,30,50,ife_moop_run,9,1.5429630279541016,4.582835913195244,26.913726198013965,896.170407861753,44.45566192007598,1435.6292499007882,1131.1627673385983,4480.852039308765,4.0339089990481056e7,3584.681631447012,4.715229202963411,100.79373123190932,3.850200805588546,1.1550602416765638,4.2214669106425875,1.105381664021936,3.7119535578125,HDC,41.509045646203525,1.1107965103739638e-7,0.15357792559117786,0.85,12.738871019396303,NaN,0.5185876449701954,NaN,NaN,NaN,-4.033908999048106e10,NaN,0.0,NaN,NaN,NaN,NaN,NaN,-1131.1627673385983,NaN,NaN,NaN,NaN,NaN,NaN,NaN,NaN,41.509045646203525,NaN,0.5185876449701954,NaN,-0.2851778342407608,0.0,NaN,NaN,NaN,NaN,16.0,6.513843073574765e31,1.9753635342239948e-5,10.111627673385984,9.700469919090036,9.700469919090036,NaN,1031.1627673385983,11.450955671621353,NaN
/gen04/case83,success,4,83,30,50,ife_moop_run,4,1.5088450908660889,3.707580074141637,22.284244207353545,557.0258849467398,59.000576836092044,1190.2571353476458,791.2483567372618,2785.129424733699,2.0386921339761164e7,2228.103539786959,2.983034958511236,47.205121951112346,2.761892590488112,0.8285677771464336,3.2950739467657137,1.105381664021936,4.2034820953125,HDC,35.66872209358562,1.3661353660602917e-7,0.15364382306466526,0.85,12.738871019396303,NaN,0.653636356488449,NaN,NaN,NaN,-2.0386921339761166e10,NaN,0.0,NaN,NaN,NaN,NaN,NaN,-791.2483567372618,NaN,NaN,NaN,NaN,NaN,NaN,NaN,NaN,35.66872209358562,NaN,0.653636356488449,NaN,-0.18466379952461906,0.0,NaN,NaN,NaN,NaN,16.0,5.331487521593596e31,2.0142100353574715e-5,6.712483567372618,15.913500357710172,15.913500357710173,NaN,691.2483567372618,8.584757189504144,NaN
/gen04/case84,success,4,84,30,50,ife_moop_run,8,1.445909023284912,6.058648268481826,12.323392194717169,830.7284085790428,119.8045687013679,1880.9029578231452,988.9516758712359,4153.642042895214,2.592658533412086e7,3322.9136343161713,2.108750775835038,34.67014729003226,2.3805843771496917,0.7141753131449075,3.079538211079412,1.105381664021936,5.717460185937501,HDC,51.30566186393499,1.602078325921611e-7,0.1366148509808984,0.85,12.738871019396303,NaN,0.739631040515205,NaN,NaN,NaN,-2.592658533412086e10,NaN,0.0,NaN,NaN,NaN,NaN,NaN,-988.9516758712359,NaN,NaN,NaN,NaN,NaN,NaN,NaN,NaN,51.30566186393499,NaN,0.739631040515205,NaN,-0.13098487084765578,0.0,NaN,NaN,NaN,NaN,16.0,3.231573588377849e31,3.732676579639215e-5,8.68951675871236,19.774141589405797,19.774141589405797,NaN,888.9516758712359,8.101885579599275,NaN
/gen04/case85,success,4,85,30,50,ife_moop_run,6,1.4163408279418945,6.363459017946785,18.41056559933202,904.8682063844797,50.74233220058244,1447.79341668982,1135.9046981828294,4524.3410319223985,4.948869441133435e7,3619.4728255379187,4.642019190756236,89.16304859693592,3.4223091688172955,1.0266927506451886,4.074213445560258,1.105381664021936,4.762593773437501,HDC,51.788849519556415,9.142170925580515e-8,0.17091364217461047,0.85,12.738871019396303,NaN,0.630051123196668,NaN,NaN,NaN,-4.948869441133435e10,NaN,0.0,NaN,NaN,NaN,NaN,NaN,-1135.9046981828294,NaN,NaN,NaN,NaN,NaN,NaN,NaN,NaN,51.788849519556415,NaN,0.630051123196668,NaN,-0.20062420987750634,0.0,NaN,NaN,NaN,NaN,16.0,4.1405980945036175e31,1.639555648251281e-5,10.159046981828295,7.974017284856313,7.974017284856313,NaN,1035.9046981828294,11.464949973136724,NaN
/gen04/case86,success,4,86,30,50,ife_moop_run,5,1.442713975906372,4.413560656037612,25.60689168434497,464.1529145304038,27.130442268240653,790.1905795164704,600.2426370531099,2320.7645726520186,3.503810789638338e7,1856.6116581216152,4.160037583291495,85.54097827475316,3.246660947519899,0.9739982842559698,3.9985919550748084,1.105381664021936,4.4175522015625,HDC,38.339343106942614,6.623544226517913e-8,0.1550772297532027,0.85,12.738871019396303,NaN,0.8847649301511239,NaN,NaN,NaN,-3.5038107896383385e10,NaN,0.0,NaN,NaN,NaN,NaN,NaN,-600.2426370531099,NaN,NaN,NaN,NaN,NaN,NaN,NaN,NaN,38.339343106942614,NaN,0.8847649301511239,NaN,-0.053172100035416954,0.0,NaN,NaN,NaN,NaN,16.0,4.618933184800583e31,6.483246223323691e-6,4.802426370531099,6.14706455458521,6.14706455458521,NaN,500.2426370531099,10.775133671855274,NaN
/gen04/case87,success,4,87,30,50,ife_moop_run,2,1.5437259674072266,4.30529870477319,21.991052812765183,475.11240567487647,38.939719300991484,911.4117372560764,645.6733326300894,2375.5620283743824,2.7466394967789374e7,1900.4496226995059,3.429732855282401,61.00614157005224,3.24255513056154,0.9727665391684621,3.582926290041089,1.105381664021936,3.8631827609375007,HDC,38.154112752095656,8.648976435241217e-8,0.15530017971948,0.85,12.738871019396303,NaN,0.8283813347144909,NaN,NaN,NaN,-2.7466394967789375e10,NaN,0.0,NaN,NaN,NaN,NaN,NaN,-645.6733326300894,NaN,NaN,NaN,NaN,NaN,NaN,NaN,NaN,38.154112752095656,NaN,0.8283813347144909,NaN,-0.08176969529503215,0.0,NaN,NaN,NaN,NaN,16.0,6.280384592936867e31,9.764489852286055e-6,5.2567333263008935,9.044603399485354,9.044603399485354,NaN,545.6733326300894,9.562582297122448,NaN
/gen04/case88,success,4,88,30,50,ife_moop_run,3,1.4217610359191895,3.6383195304097007,22.65808306009781,602.5719265079546,64.0481720243666,1292.1739900760463,790.2194645544346,3012.8596325397734,2.0007446547105033e7,2410.2877060318183,2.5742849688092146,47.04052492541951,2.611203084630312,0.7833609253890934,3.290579849061506,1.105381664021936,4.5334992828125005,HDC,35.59687332122119,1.505869139995637e-7,0.13152803530424126,0.85,12.738871019396303,NaN,0.6582416632134236,NaN,NaN,NaN,-2.0007446547105034e10,NaN,0.0,NaN,NaN,NaN,NaN,NaN,-790.2194645544346,NaN,NaN,NaN,NaN,NaN,NaN,NaN,NaN,35.59687332122119,NaN,0.6582416632134236,NaN,-0.18161463262954308,0.0,NaN,NaN,NaN,NaN,16.0,4.573562536958324e31,2.410340819556806e-5,6.7021946455443455,17.603778747039932,17.603778747039932,NaN,690.2194645544346,8.55423805101418,NaN
/gen04/case89,success,4,89,30,50,ife_moop_run,7,1.9410369396209717,4.2933205029074974,29.44612275897194,843.2720967206734,40.093044505373506,1344.1974248493702,1097.6816784660996,4216.360483603367,3.923411902130744e7,3373.0883868826936,5.452785246259591,105.16438787875703,3.739901347674242,1.1219704043022727,4.286106479816757,1.105381664021936,3.8411013265625003,HDC,39.55685637468964,1.0746667922665798e-7,0.17317631794685825,0.85,12.738871019396303,NaN,0.51009223177024,NaN,NaN,NaN,-3.923411902130744e10,NaN,0.0,NaN,NaN,NaN,NaN,NaN,-1097.6816784660996,NaN,NaN,NaN,NaN,NaN,NaN,NaN,NaN,39.55685637468964,NaN,0.51009223177024,NaN,-0.2923512903190541,0.0,NaN,NaN,NaN,NaN,16.0,5.9884142757858935e31,1.7893986923487852e-5,9.776816784660996,9.338469950757677,9.338469950757677,NaN,997.6816784660995,11.50795363623124,NaN
/gen04/case90,success,4,90,30,50,ife_moop_run,9,1.9508419036865234,3.4443908836993953,15.428206111479192,262.13973536010343,67.14066890914931,774.4605760313938,341.4298393756317,1310.698676800517,1.0829356581017278e7,1048.5589414404137,1.7884655994917318,19.52168034807748,2.1439382340313125,0.6431814702093938,2.5162834895733717,1.105381664021936,4.2906973484375,HDC,32.67281365707285,1.2103199917694406e-7,0.16061179961615593,0.85,12.738871019396303,NaN,1.3972231993927715,NaN,NaN,NaN,-1.0829356581017279e10,NaN,0.0,NaN,NaN,NaN,NaN,NaN,-341.4298393756317,NaN,NaN,NaN,NaN,NaN,NaN,NaN,NaN,32.67281365707285,NaN,1.3972231993927715,NaN,0.14526578801958737,0.0,NaN,NaN,NaN,NaN,16.0,5.572203959441073e31,1.1611003318518487e-5,2.2142983937563168,19.49275537422103,19.49275537422103,NaN,241.4298393756317,6.209075979941124,NaN
/gen04/case91,success,4,91,30,50,ife_moop_run,4,1.6161248683929443,7.156174235456913,11.170329000976478,935.5143401341097,123.37535694635554,2017.094825442259,1006.1641190159634,4677.571700670548,3.189006254111404e7,3742.057360536439,1.9952849514016815,37.91333874482235,2.741249262187346,0.8223747786562037,3.2011900519121967,1.105381664021936,5.0652461234375,HDC,58.00655711947981,1.4667803472131865e-7,0.12387945883209493,0.85,12.738871019396303,NaN,0.810148095376318,NaN,NaN,NaN,-3.189006254111404e10,NaN,0.0,NaN,NaN,NaN,NaN,NaN,-1006.1641190159634,NaN,NaN,NaN,NaN,NaN,NaN,NaN,NaN,58.00655711947981,NaN,0.810148095376318,NaN,-0.0914355846697629,0.0,NaN,NaN,NaN,NaN,16.0,4.094148821860926e31,3.6648957471010895e-5,8.861641190159634,17.240407078836054,17.240407078836054,NaN,906.1641190159634,8.507805764132877,NaN
/gen04/case92,success,4,92,30,50,ife_moop_run,6,1.5072150230407715,5.947726307101106,13.567630145052515,941.7589932505724,113.78818936489338,2000.6886652515827,1256.2346015439764,4708.794966252862,2.8504266665442877e7,3767.0359730022897,2.6874575111962558,41.38210646056424,2.743092155919682,0.8229276467759047,3.2319888453387944,1.105381664021936,4.8520174828125,HDC,51.03071222135415,1.6519614489719764e-7,0.1559908910323161,0.85,12.738871019396303,NaN,0.5798594374518656,NaN,NaN,NaN,-2.8504266665442875e10,NaN,0.0,NaN,NaN,NaN,NaN,NaN,-1256.2346015439764,NaN,NaN,NaN,NaN,NaN,NaN,NaN,NaN,51.03071222135415,NaN,0.5798594374518656,NaN,-0.23667727012220371,0.0,NaN,NaN,NaN,NaN,16.0,4.308567494721025e31,4.094017052502295e-5,11.362346015439764,19.131376174629867,19.131376174629867,NaN,1156.2346015439764,8.634828116351837,NaN
/gen04/case93,success,4,93,30,50,ife_moop_run,8,1.7196929454803467,5.0468389849817585,10.404280323334982,164.93872785274567,49.11121940870599,640.9740928018699,343.786094516934,824.6936392637285,1.3975699928359076e7,659.7549114109827,2.1567966960338723,16.792367389630204,1.8869960162728214,0.5660988048818464,2.491531011225897,1.105381664021936,5.7910899921875005,HDC,40.873672626846,5.9009111779102e-8,0.17403723654865197,0.85,16.364892349522712,NaN,1.6450762573616537,NaN,NaN,NaN,-1.3975699928359076e10,NaN,0.0,NaN,NaN,NaN,NaN,NaN,-343.786094516934,NaN,NaN,NaN,NaN,NaN,NaN,NaN,NaN,40.873672626846,NaN,1.6450762573616537,NaN,0.21618603443417814,0.0,NaN,NaN,NaN,NaN,16.0,3.338001863355221e31,3.647099139388726e-6,2.2378609451693396,9.731085052415933,9.731085052415933,NaN,243.78609451693399,6.063980682652837,NaN
/gen04/case94,success,4,94,30,50,ife_moop_run,5,1.7311439514160156,4.273602738511718,17.35650002437397,638.4756844391771,85.17388892089794,1455.7639404944896,792.1721470391445,3192.378422195885,1.9909263816606924e7,2553.9027377567086,2.193764231040708,37.48071695024618,2.5393467858439163,0.7618040357531749,3.0813754478631235,1.105381664021936,4.6140578859375,HDC,39.76105745327442,1.603463820461822e-7,0.13132125595844757,0.85,12.738871019396303,NaN,0.7306940720705312,NaN,NaN,NaN,-1.9909263816606922e10,NaN,0.0,NaN,NaN,NaN,NaN,NaN,-792.1721470391445,NaN,NaN,NaN,NaN,NaN,NaN,NaN,NaN,39.76105745327442,NaN,0.7306940720705312,NaN,-0.13626441595778055,0.0,NaN,NaN,NaN,NaN,16.0,4.616163693428595e31,2.891481049104717e-5,6.721721470391445,19.93023079879431,19.93023079879431,NaN,692.1721470391445,8.045385106924224,NaN
/gen04/case95,success,4,95,30,50,ife_moop_run,2,1.572525978088379,4.135925554605543,28.536129710204953,520.7967950621568,28.142695583456273,871.2536063471387,669.1763479200229,2603.983975310784,3.490022128293599e7,2083.187180248627,4.31148766134601,92.52788055034571,3.4367569926288604,1.031027097788658,4.107122993402694,1.105381664021936,4.084603960937501,HDC,37.04122465040031,7.461224827774854e-8,0.15043354718831584,0.85,12.738871019396303,NaN,0.7723642132470264,NaN,NaN,NaN,-3.490022128293599e10,NaN,0.0,NaN,NaN,NaN,NaN,NaN,-669.1763479200229,NaN,NaN,NaN,NaN,NaN,NaN,NaN,NaN,37.04122465040031,NaN,0.7723642132470264,NaN,-0.11217785704359792,0.0,NaN,NaN,NaN,NaN,16.0,5.324351020582682e31,8.052392633596088e-6,5.491763479200229,6.804449260968465,6.8044492609684655,NaN,569.1763479200229,10.965214878702632,NaN
/gen04/case96,success,4,96,30,50,ife_moop_run,3,1.550360918045044,2.639197335145605,22.140135281149,246.51514378623125,50.407435664124414,690.7084643687984,380.7994301720375,1232.5757189311562,9.857087449065397e6,986.060575144925,2.228745819427349,24.452259923398472,2.1188957848573864,0.6356687354572159,2.663277547228289,1.105381664021936,4.2862272578125005,HDC,27.735554143698405,1.2504461640421212e-7,0.17092536958529717,0.85,12.738871019396303,NaN,1.0816110217271557,NaN,NaN,NaN,-9.857087449065395e9,NaN,0.0,NaN,NaN,NaN,NaN,NaN,-380.7994301720375,NaN,NaN,NaN,NaN,NaN,NaN,NaN,NaN,27.735554143698405,NaN,1.0816110217271557,NaN,0.03407110412538646,0.0,NaN,NaN,NaN,NaN,16.0,5.276006973975524e31,1.0698675228332032e-5,2.6079943017203746,19.099532646861903,19.099532646861903,NaN,280.7994301720375,6.546998752074556,NaN
/gen04/case97,success,4,97,30,50,ife_moop_run,7,1.682309865951538,7.473851243634059,9.86988168995853,516.6798225614083,83.5669155695148,1198.955172779539,736.22994098438,2583.399112807041,2.922736036848906e7,2066.719290245633,2.5910736877869174,30.91413743346852,2.3457323501388228,0.7037197050416467,3.0438376998131527,1.105381664021936,6.1323371484375,HDC,57.35448636246866,8.838975125486479e-8,0.18664776884352116,0.85,12.738871019396303,NaN,1.0702112402083535,NaN,NaN,NaN,-2.922736036848906e10,NaN,0.0,NaN,NaN,NaN,NaN,NaN,-736.22994098438,NaN,NaN,NaN,NaN,NaN,NaN,NaN,NaN,57.35448636246866,NaN,1.0702112402083535,NaN,0.029469507967733503,0.0,NaN,NaN,NaN,NaN,16.0,2.9560188518968586e31,1.3127290161791187e-5,6.1622994098438,11.181238807862801,11.181238807862801,NaN,636.22994098438,7.905184101130896,NaN
/gen04/case98,success,4,98,30,50,ife_moop_run,9,1.5432178974151611,4.775884488293922,20.91495591574136,473.8689881517115,35.24615246533008,867.4402349256721,672.257888770174,2369.3449407585576,3.203747150199355e7,1895.475952606846,4.444255600015168,67.22279667515956,3.2062656097337765,0.9618796829201329,3.7015753438363554,1.105381664021936,4.2290357484375,HDC,40.70903856241452,7.39554287425936e-8,0.19561379467726805,0.85,12.738871019396303,NaN,0.8396239906046801,NaN,NaN,NaN,-3.2037471501993553e10,NaN,0.0,NaN,NaN,NaN,NaN,NaN,-672.257888770174,NaN,NaN,NaN,NaN,NaN,NaN,NaN,NaN,40.70903856241452,NaN,0.8396239906046801,NaN,-0.07591516080143133,0.0,NaN,NaN,NaN,NaN,16.0,5.225297408363019e31,7.946572480460238e-6,5.522578887701739,7.380026160959553,7.380026160959554,NaN,572.257888770174,10.02102528224343,NaN
/gen04/case99,success,4,99,30,50,ife_moop_run,4,1.4602208137512207,5.979037565364183,19.887233556799444,734.257265666347,39.60491912321842,1168.0679940159325,866.6116874452918,3671.2863283317347,4.8064767644528925e7,2937.029062665388,3.874750564364847,92.69773577644902,3.776648648767053,1.132994594630116,4.116730214744251,1.105381664021936,4.0718130578125,HDC,48.66925250878212,7.638206753610774e-8,0.1382581504221544,0.85,12.738871019396303,NaN,0.7730925294389211,NaN,NaN,NaN,-4.806476764452893e10,NaN,0.0,NaN,NaN,NaN,NaN,NaN,-866.6116874452918,NaN,NaN,NaN,NaN,NaN,NaN,NaN,NaN,48.66925250878212,NaN,0.7730925294389211,NaN,-0.11176852339109238,0.0,NaN,NaN,NaN,NaN,16.0,5.597196595675205e31,1.1051717148922557e-5,7.466116874452918,6.623962249818393,6.623962249818393,NaN,766.6116874452918,11.53117494566064,NaN
/gen05/case01,success,5,1,30,50,ife_moop_run,2,1.3003818988800049,7.094154897331535,14.371605869072345,639.6172692955876,49.13608070006428,1130.6435889359507,842.903038368832,3198.086346477938,4.449410248440875e7,2558.4690771823502,3.9293856451846025,65.08631337529032,3.244515682359015,0.9733547047077044,3.7251234955575483,1.105381664021936,4.7777245140625,HDC,54.958482818138336,7.187663460789179e-8,0.18015685822256333,0.85,12.738871019396303,NaN,0.8901171819486805,NaN,NaN,NaN,-4.449410248440875e10,NaN,0.0,NaN,NaN,NaN,NaN,NaN,-842.903038368832,NaN,NaN,NaN,NaN,NaN,NaN,NaN,NaN,54.958482818138336,NaN,0.8901171819486805,NaN,-0.050552815688043505,0.0,NaN,NaN,NaN,NaN,16.0,4.315238511962013e31,1.0066620264977618e-5,7.22903038368832,6.92627683088042,6.92627683088042,NaN,742.903038368832,10.377384035162125,NaN
/gen05/case02,fail,5,2,30,50,ife_moop_run,3,0.9855670928955078,NaN,NaN,NaN,NaN,NaN,NaN,NaN,NaN,NaN,NaN,NaN,NaN,NaN,NaN,NaN,NaN,NaN,NaN,NaN,NaN,NaN,NaN,NaN,NaN,NaN,NaN,NaN,NaN,NaN,NaN,NaN,NaN,NaN,NaN,NaN,NaN,NaN,NaN,NaN,NaN,NaN,NaN,NaN,NaN,NaN,NaN,NaN,NaN,NaN,NaN,NaN,NaN,NaN,NaN,NaN,NaN,NaN,NaN,NaN,NaN,NaN,NaN,NaN,NaN
/gen05/case03,fail,5,3,30,50,ife_moop_run,4,0.807636022567749,NaN,NaN,NaN,NaN,NaN,NaN,NaN,NaN,NaN,NaN,NaN,NaN,NaN,NaN,NaN,NaN,NaN,NaN,NaN,NaN,NaN,NaN,NaN,NaN,NaN,NaN,NaN,NaN,NaN,NaN,NaN,NaN,NaN,NaN,NaN,NaN,NaN,NaN,NaN,NaN,NaN,NaN,NaN,NaN,NaN,NaN,NaN,NaN,NaN,NaN,NaN,NaN,NaN,NaN,NaN,NaN,NaN,NaN,NaN,NaN,NaN,NaN,NaN,NaN
/gen05/case04,fail,5,4,30,50,ife_moop_run,5,0.9255180358886719,NaN,NaN,NaN,NaN,NaN,NaN,NaN,NaN,NaN,NaN,NaN,NaN,NaN,NaN,NaN,NaN,NaN,NaN,NaN,NaN,NaN,NaN,NaN,NaN,NaN,NaN,NaN,NaN,NaN,NaN,NaN,NaN,NaN,NaN,NaN,NaN,NaN,NaN,NaN,NaN,NaN,NaN,NaN,NaN,NaN,NaN,NaN,NaN,NaN,NaN,NaN,NaN,NaN,NaN,NaN,NaN,NaN,NaN,NaN,NaN,NaN,NaN,NaN,NaN
/gen05/case05,success,5,5,30,50,ife_moop_run,6,1.2507178783416748,8.941602289575457,16.85552216462583,1347.1490241741676,48.12328998499052,1762.90557430538,1372.9768915801105,6735.745120870838,8.928235999122454e7,5388.59609669667,4.521097452960297,139.96850844927044,4.079374396690828,1.2238123190072483,4.7408487935235515,1.105381664021936,4.9461114828125,HDC,67.57916238600282,7.544317961053993e-8,0.12835318342462756,0.85,12.738871019396303,NaN,0.6686386034094395,NaN,NaN,NaN,-8.928235999122455e10,NaN,0.0,NaN,NaN,NaN,NaN,NaN,-1372.9768915801105,NaN,NaN,NaN,NaN,NaN,NaN,NaN,NaN,67.57916238600282,NaN,0.6686386034094395,NaN,-0.1748085533137051,0.0,NaN,NaN,NaN,NaN,16.0,3.81013863699531e31,1.6474766280919524e-5,12.529768915801107,5.381953751297453,5.381953751297453,NaN,1272.9768915801105,14.017805261212526,NaN
/gen05/case06,success,5,6,30,50,ife_moop_run,7,1.4035999774932861,5.104320910181452,25.07918285548869,1118.1794594658186,51.69712902876574,1722.917351712771,1215.8162029940888,5590.897297329093,4.636738056978501e7,4472.717837863274,3.3975812440302153,108.14715250856891,3.7178759213300716,1.1153627763990215,4.318857241853137,1.105381664021936,4.1661792046875,HDC,45.37819250983645,1.2057824333886058e-7,0.10505386781431651,0.85,12.738871019396303,NaN,0.5266927078723848,NaN,NaN,NaN,-4.636738056978501e10,NaN,0.0,NaN,NaN,NaN,NaN,NaN,-1215.8162029940888,NaN,NaN,NaN,NaN,NaN,NaN,NaN,NaN,45.37819250983645,NaN,0.5266927078723848,NaN,-0.2784426944633048,0.0,NaN,NaN,NaN,NaN,16.0,5.154297242540945e31,2.573378242515869e-5,10.95816202994089,10.128111053058372,10.128111053058372,NaN,1115.8162029940888,11.905304227726623,NaN
/gen05/case07,fail,5,7,30,50,ife_moop_run,8,0.9458248615264893,NaN,NaN,NaN,NaN,NaN,NaN,NaN,NaN,NaN,NaN,NaN,NaN,NaN,NaN,NaN,NaN,NaN,NaN,NaN,NaN,NaN,NaN,NaN,NaN,NaN,NaN,NaN,NaN,NaN,NaN,NaN,NaN,NaN,NaN,NaN,NaN,NaN,NaN,NaN,NaN,NaN,NaN,NaN,NaN,NaN,NaN,NaN,NaN,NaN,NaN,NaN,NaN,NaN,NaN,NaN,NaN,NaN,NaN,NaN,NaN,NaN,NaN,NaN,NaN
/gen05/case08,success,5,8,30,50,ife_moop_run,9,1.4821529388427734,3.3105501956141743,29.755504960027658,719.3194013899769,54.9183743139836,1394.8662574674258,815.7576127710643,3596.5970069498844,2.291878786196292e7,2877.2776055599074,2.40864347345183,65.48986658612908,3.2661722052026536,0.9798516615607963,3.6691641290537413,1.105381664021936,3.5748415828125,HDC,34.03615344898781,1.5692788940723008e-7,0.09735425051595177,0.85,12.738871019396303,NaN,0.613383394893559,NaN,NaN,NaN,-2.291878786196292e10,NaN,0.0,NaN,NaN,NaN,NaN,NaN,-815.7576127710643,NaN,NaN,NaN,NaN,NaN,NaN,NaN,NaN,34.03615344898781,NaN,0.613383394893559,NaN,-0.21226798512515122,0.0,NaN,NaN,NaN,NaN,16.0,7.112341464855955e31,2.711458300182306e-5,6.9575761277106425,16.588896427771918,16.588896427771918,NaN,715.7576127710643,9.459814888259407,NaN
/gen05/case09,success,5,9,30,50,ife_moop_run,4,1.8241949081420898,4.18197771881084,20.824974798652367,521.0108572759007,50.1832727563493,1061.1307704554795,479.6040011515319,2605.054286379503,2.4102839778717607e7,2084.0434291036026,1.824732456814652,51.91080898664398,2.8634241579752437,0.8590272473925732,3.402800366921325,1.105381664021936,4.3192289765625,HDC,37.93654307152972,1.0808080335329288e-7,0.08858058519989448,0.85,12.738871019396303,NaN,1.1231380424195636,NaN,NaN,NaN,-2.410283977871761e10,NaN,0.0,NaN,NaN,NaN,NaN,NaN,-479.6040011515319,NaN,NaN,NaN,NaN,NaN,NaN,NaN,NaN,37.93654307152972,NaN,1.1231380424195636,NaN,0.05043313771890013,0.0,NaN,NaN,NaN,NaN,16.0,5.0685828442805995e31,1.4206519761924417e-5,3.5960400115153193,11.999890035430195,11.999890035430195,NaN,379.6040011515319,9.006816148662999,NaN
/gen05/case10,success,5,10,30,50,ife_moop_run,3,2.0430002212524414,5.249401466979097,12.140880601419374,441.8533518349956,86.12327333253629,1134.479656277411,645.0410724401481,2209.2667591749773,1.8847881586056262e7,1767.4134073399823,2.3179203555693166,25.652377965763456,2.139534095986656,0.6418602287959968,2.8009760540639888,1.105381664021936,5.6745767203125,HDC,44.33954215767127,1.1721565360477444e-7,0.1815267060195033,0.85,12.738871019396303,NaN,0.9732788636285957,NaN,NaN,NaN,-1.8847881586056263e10,NaN,0.0,NaN,NaN,NaN,NaN,NaN,-645.0410724401481,NaN,NaN,NaN,NaN,NaN,NaN,NaN,NaN,44.33954215767127,NaN,0.9732788636285957,NaN,-0.011762707950154034,0.0,NaN,NaN,NaN,NaN,16.0,3.3266529354186773e31,1.6472235906770068e-5,5.250410724401481,16.40630343750373,16.40630343750373,NaN,545.0410724401481,7.144549901279234,NaN
/gen05/case100,success,5,100,30,50,ife_moop_run,5,1.3854889869689941,4.04224417010556,25.815843610399654,959.3827264373813,65.19495030137053,1739.9238992730748,1345.3401883544489,4796.913632186907,2.940460908517812e7,3837.530905749525,4.409517806050274,73.57799354110509,3.485006132502286,1.0455018397506857,3.8059156912934125,1.105381664021936,3.6484182109375003,HDC,39.32927392298123,1.6313475272843776e-7,0.17175381457648173,0.85,12.738871019396303,NaN,0.42501417241132344,NaN,NaN,NaN,-2.940460908517812e10,NaN,0.0,NaN,NaN,NaN,NaN,NaN,-1345.3401883544489,NaN,NaN,NaN,NaN,NaN,NaN,NaN,NaN,39.32927392298123,NaN,0.42501417241132344,NaN,-0.3715965878381346,0.0,NaN,NaN,NaN,NaN,16.0,6.887916827725603e31,3.515984646514586e-5,12.25340188354449,16.12840480630046,16.12840480630046,NaN,1245.3401883544489,10.114748153190586,NaN
/gen05/case11,success,5,11,30,50,ife_moop_run,6,1.9340031147003174,3.1055483613274104,47.767448685113614,627.1361540313474,23.921547461992798,977.3541967119376,769.4971101212811,3135.680770156737,3.4584187760627374e7,2508.5446161253894,4.702048954610295,131.08185309243856,3.903187748524977,1.170956324557493,4.69847947144905,1.105381664021936,3.5065952796875,HDC,31.49467030911479,9.066804725501103e-8,0.1240376896948922,0.85,12.738871019396303,NaN,0.5838001303338531,NaN,NaN,NaN,-3.458418776062737e10,NaN,17.767448685113614,NaN,NaN,NaN,NaN,NaN,-769.4971101212811,NaN,NaN,NaN,NaN,NaN,NaN,NaN,NaN,31.49467030911479,NaN,0.5838001303338531,NaN,-0.2337358123913979,0.0,NaN,NaN,NaN,NaN,16.0,6.82977574436105e31,1.09768182110891e-5,6.494971101212811,7.7028417138440455,7.7028417138440455,NaN,669.4971101212811,11.770727041171904,NaN
/gen05/case12,success,5,12,30,50,ife_moop_run,5,1.542896032333374,5.428225829132572,12.979657545228152,559.3255115592599,88.32263739523694,1323.511695442589,681.840375733981,2796.627557796299,2.2171252775158364e7,2237.3020462370396,2.0626006723249133,31.663768658555878,2.3023986364182525,0.6907195909254757,2.9770245611737107,1.105381664021936,5.555463976562501,HDC,45.97982774335277,1.2613755235923168e-7,0.1409393323382113,0.85,12.738871019396303,NaN,0.9552451016681757,NaN,NaN,NaN,-2.2171252775158363e10,NaN,0.0,NaN,NaN,NaN,NaN,NaN,-681.840375733981,NaN,NaN,NaN,NaN,NaN,NaN,NaN,NaN,45.97982774335277,NaN,0.9552451016681757,NaN,-0.019885180620905128,0.0,NaN,NaN,NaN,NaN,16.0,3.395375255796926e31,2.0679613150190478e-5,5.61840375733981,16.27099538144139,16.27099538144139,NaN,581.840375733981,7.752294767602447,NaN
/gen05/case13,success,5,13,30,50,ife_moop_run,9,1.4900388717651367,9.049094643178298,9.593526070052311,394.3518536316344,47.82362983087658,806.6781516601452,395.1713674305984,1971.759268158172,4.160441891786424e7,1577.4074145265377,1.9603034082912323,41.22981202244788,2.750988187061256,0.8252964561183767,3.3491323897561323,1.105381664021936,5.749664232812501,HDC,65.03596412244278,4.739302505464225e-8,0.12061238731085722,0.85,12.738871019396303,NaN,2.206122491511226,NaN,NaN,NaN,-4.160441891786424e10,NaN,0.0,NaN,NaN,NaN,NaN,NaN,-395.1713674305984,NaN,NaN,NaN,NaN,NaN,NaN,NaN,NaN,65.03596412244278,NaN,2.206122491511226,NaN,0.3436296222975205,0.0,NaN,NaN,NaN,NaN,16.0,3.292103761092279e31,4.735708390956172e-6,2.751713674305984,5.284907685978137,5.284907685978137,NaN,295.1713674305984,8.96761644113197,NaN
/gen05/case14,fail,5,14,30,50,ife_moop_run,2,0.9591097831726074,NaN,NaN,NaN,NaN,NaN,NaN,NaN,NaN,NaN,NaN,NaN,NaN,NaN,NaN,NaN,NaN,NaN,NaN,NaN,NaN,NaN,NaN,NaN,NaN,NaN,NaN,NaN,NaN,NaN,NaN,NaN,NaN,NaN,NaN,NaN,NaN,NaN,NaN,NaN,NaN,NaN,NaN,NaN,NaN,NaN,NaN,NaN,NaN,NaN,NaN,NaN,NaN,NaN,NaN,NaN,NaN,NaN,NaN,NaN,NaN,NaN,NaN,NaN,NaN
/gen05/case15,success,5,15,30,50,ife_moop_run,8,1.5027799606323242,5.483726402800093,19.314638619585363,1046.9683121224352,70.38735473141253,1818.4222734677871,1333.8134959202127,5234.841560612176,3.8614680757508546e7,4187.873248489741,3.7523510875517974,74.37190359813262,3.5299283836323547,1.0589785150897064,3.8335631050903247,1.105381664021936,4.0125194484375,HDC,47.847862646689975,1.3556609708845702e-7,0.1498850917970371,0.85,12.738871019396303,NaN,0.5074337885282555,NaN,NaN,NaN,-3.8614680757508545e10,NaN,0.0,NaN,NaN,NaN,NaN,NaN,-1333.8134959202127,NaN,NaN,NaN,NaN,NaN,NaN,NaN,NaN,47.847862646689975,NaN,0.5074337885282555,NaN,-0.2946206177551885,0.0,NaN,NaN,NaN,NaN,16.0,5.84901844680456e31,3.053627532782089e-5,12.138134959202128,12.83567952906466,12.83567952906466,NaN,1233.8134959202127,10.561661093320843,NaN
/gen05/case16,success,5,16,30,50,ife_moop_run,7,1.435619831085205,6.103496213416576,20.579025810167817,1121.6324135737423,54.3895387540537,1714.9710360905685,1294.6929360154602,5608.162067868711,5.245618051335579e7,4486.529654294969,4.080562455631365,103.11104297516643,3.486330897605988,1.0458992692817963,4.259677361084672,1.105381664021936,4.820717464062501,HDC,51.108359145707034,1.0691136893660844e-7,0.13420300466265989,0.85,12.738871019396303,NaN,0.5497330223594317,NaN,NaN,NaN,-5.245618051335579e10,NaN,0.0,NaN,NaN,NaN,NaN,NaN,-1294.6929360154602,NaN,NaN,NaN,NaN,NaN,NaN,NaN,NaN,51.108359145707034,NaN,0.5497330223594317,NaN,-0.25984817426270584,0.0,NaN,NaN,NaN,NaN,16.0,3.960292317743149e31,2.2711766134608425e-5,11.746929360154603,8.911210370622623,8.911210370622623,NaN,1194.6929360154602,11.99740153021868,NaN
/gen05/case17,success,5,17,30,50,ife_moop_run,4,1.4806830883026123,5.20471260121201,27.853628318307763,962.6688342996567,35.26081641083435,1367.4118483677426,1044.1328550465144,4813.344171498283,5.501489649222205e7,3850.675337198627,4.22981968088785,136.50688388540314,3.9976539363221693,1.199296180896651,4.667308679202319,1.105381664021936,4.1185847828125,HDC,44.867089764030155,8.749165186884954e-8,0.11437956258697268,0.85,12.738871019396303,NaN,0.5980874201465592,NaN,NaN,NaN,-5.5014896492222046e10,NaN,0.0,NaN,NaN,NaN,NaN,NaN,-1044.1328550465144,NaN,NaN,NaN,NaN,NaN,NaN,NaN,NaN,44.867089764030155,NaN,0.5980874201465592,NaN,-0.22323533221151573,0.0,NaN,NaN,NaN,NaN,16.0,5.155144722268144e31,1.481958978493017e-5,9.241328550465145,6.774786450768337,6.774786450768336,NaN,944.1328550465144,12.914304016022086,NaN
/gen05/case18,success,5,18,30,50,ife_moop_run,3,1.8517909049987793,9.557910838303226,16.09708323289656,1379.1623586070282,47.94303926004267,1772.6836993726788,1256.982323377883,6895.811793035141,9.632637920968865e7,5516.649434428113,3.4374228611532103,143.83343024275771,4.033116967544445,1.2099350902633337,4.794066004652008,1.105381664021936,5.2275332484375,HDC,71.14352535271448,7.158798918439519e-8,0.09575176254466886,0.85,12.738871019396303,NaN,0.7663103322458583,NaN,NaN,NaN,-9.632637920968866e10,NaN,0.0,NaN,NaN,NaN,NaN,NaN,-1256.982323377883,NaN,NaN,NaN,NaN,NaN,NaN,NaN,NaN,71.14352535271448,NaN,0.7663103322458583,NaN,-0.11559531876393117,0.0,NaN,NaN,NaN,NaN,16.0,3.4450027427246303e31,1.571960548655252e-5,11.36982323377883,5.016058432760373,5.016058432760373,NaN,1156.982323377883,14.271761412675529,NaN
/gen05/case19,success,5,19,30,50,ife_moop_run,6,1.606213092803955,5.6413244305911645,17.08119103954869,515.2596003975821,42.186580080976405,956.2313051749153,509.11606243479895,2576.29800198791,3.4853491112736076e7,2061.0384015903282,2.1386685439635533,61.06913613387838,3.070108085608397,0.9210324256825193,3.6121435056865576,1.105381664021936,4.6377909703125,HDC,45.9781364960175,7.391793245774699e-8,0.0976280767451389,0.85,12.738871019396303,NaN,1.2442108631940163,NaN,NaN,NaN,-3.485349111273608e10,NaN,0.0,NaN,NaN,NaN,NaN,NaN,-509.11606243479895,NaN,NaN,NaN,NaN,NaN,NaN,NaN,NaN,45.9781364960175,NaN,1.2442108631940163,NaN,0.09489398884447545,0.0,NaN,NaN,NaN,NaN,16.0,4.481417336274231e31,8.755541196009966e-6,3.8911606243479895,7.478134009136503,7.478134009136504,NaN,409.11606243479895,9.884542369451635,NaN
/gen05/case20,fail,5,20,30,50,ife_moop_run,5,1.0454950332641602,NaN,NaN,NaN,NaN,NaN,NaN,NaN,NaN,NaN,NaN,NaN,NaN,NaN,NaN,NaN,NaN,NaN,NaN,NaN,NaN,NaN,NaN,NaN,NaN,NaN,NaN,NaN,NaN,NaN,NaN,NaN,NaN,NaN,NaN,NaN,NaN,NaN,NaN,NaN,NaN,NaN,NaN,NaN,NaN,NaN,NaN,NaN,NaN,NaN,NaN,NaN,NaN,NaN,NaN,NaN,NaN,NaN,NaN,NaN,NaN,NaN,NaN,NaN,NaN
/gen05/case21,success,5,21,30,50,ife_moop_run,2,1.515488862991333,4.642757639686509,24.813281745878296,816.8448255806969,46.05808587691264,1364.2241101362079,1060.809414914762,4084.2241279034847,3.748283408322992e7,3267.3793023227877,4.496236113878845,88.67550724574873,3.669077046069019,1.1007231138207056,4.0459215270235225,1.105381664021936,3.8114967515625002,HDC,41.626278113054006,1.0896252185292454e-7,0.15969396372660236,0.85,12.738871019396303,NaN,0.5537328184442862,NaN,NaN,NaN,-3.748283408322992e10,NaN,0.0,NaN,NaN,NaN,NaN,NaN,-1060.809414914762,NaN,NaN,NaN,NaN,NaN,NaN,NaN,NaN,41.626278113054006,NaN,0.5537328184442862,NaN,-0.25669973611081764,0.0,NaN,NaN,NaN,NaN,16.0,6.257961877247401e31,1.8413362118401327e-5,9.40809414914762,9.920415720865112,9.920415720865112,NaN,960.809414914762,10.983664890549813,NaN
/gen05/case22,success,5,22,30,50,ife_moop_run,9,1.6466500759124756,3.889061984535114,36.5031841013166,948.5713120544447,37.10231820574815,1438.383410548732,1183.7158218633763,4742.856560272223,4.109557454887146e7,3794.2852482177786,5.648081948605833,127.83181185528797,4.118842274587523,1.2356526823762568,4.599086249547682,1.105381664021936,3.4781668796875,HDC,37.531365791450064,1.154103966749984e-7,0.1548074080824397,0.85,12.738871019396303,NaN,0.4525978447854786,NaN,NaN,NaN,-4.109557454887145e10,NaN,6.503184101316599,NaN,NaN,NaN,NaN,NaN,-1183.7158218633763,NaN,NaN,NaN,NaN,NaN,NaN,NaN,NaN,37.531365791450064,NaN,0.4525978447854786,NaN,-0.3442875184325552,0.0,NaN,NaN,NaN,NaN,16.0,7.152558495871189e31,2.0563158670710674e-5,10.637158218633765,9.54017147406902,9.54017147406902,NaN,1083.7158218633763,12.097308417222212,NaN
/gen05/case23,success,5,23,30,50,ife_moop_run,7,1.4649460315704346,3.8483363197287246,23.999680788747963,692.381639215207,59.26860476724967,1367.8622827754841,993.9842273223569,3461.908196076034,2.4208465527663928e7,2769.526556860828,3.6585786804675733,58.410489156461416,2.8814184088612413,0.8644255226583725,3.529299266590625,1.105381664021936,4.3372720015625,HDC,37.06228638781341,1.4300403270583098e-7,0.16514970438194068,0.85,12.738871019396303,NaN,0.5401087487358177,NaN,NaN,NaN,-2.420846552766393e10,NaN,0.0,NaN,NaN,NaN,NaN,NaN,-993.9842273223569,NaN,NaN,NaN,NaN,NaN,NaN,NaN,NaN,37.06228638781341,NaN,0.5401087487358177,NaN,-0.26751878791614675,0.0,NaN,NaN,NaN,NaN,16.0,4.913026042147027e31,2.4230416908108774e-5,8.73984227322357,15.401097992242946,15.401097992242946,NaN,893.9842273223569,9.285314123568181,NaN
/gen05/case24,success,5,24,30,50,ife_moop_run,8,1.3885581493377686,9.321019542917107,10.52156300955744,1052.7966350149939,97.54761531713176,1939.927376020315,1303.4430648207283,5263.983175074969,5.052528887080677e7,4211.186540059975,3.0478793300719693,53.96321742937046,2.9316348912788754,0.8794904673836627,3.6095249015908974,1.105381664021936,5.8431701453125005,HDC,70.26541672681448,1.0418511784336317e-7,0.15695909544175898,0.85,12.738871019396303,NaN,0.7377151231525924,NaN,NaN,NaN,-5.052528887080677e10,NaN,0.0,NaN,NaN,NaN,NaN,NaN,-1303.4430648207283,NaN,NaN,NaN,NaN,NaN,NaN,NaN,NaN,70.26541672681448,NaN,0.7377151231525924,NaN,-0.1321113134178595,0.0,NaN,NaN,NaN,NaN,16.0,3.1150211827531976e31,2.503579498350171e-5,11.834430648207285,10.465337495323313,10.465337495323313,NaN,1203.4430648207283,9.955256377534006,NaN
/gen05/case25,success,5,25,30,50,ife_moop_run,4,1.502533197402954,4.953216503583066,23.66463813963727,972.6034060331524,53.140499125854845,1592.9565346574739,1302.485726425194,4863.017030165762,4.047083637702725e7,3890.4136241326096,5.484050340038431,91.51244550128287,3.339655922124694,1.0018967766374083,4.088493709963455,1.105381664021936,4.5371122671875,HDC,44.130963586002665,1.2016102125643717e-7,0.19290791451501518,0.85,12.738871019396303,NaN,0.4787783308946188,NaN,NaN,NaN,-4.0470836377027245e10,NaN,0.0,NaN,NaN,NaN,NaN,NaN,-1302.485726425194,NaN,NaN,NaN,NaN,NaN,NaN,NaN,NaN,44.130963586002665,NaN,0.4787783308946188,NaN,-0.3198655136245523,0.0,NaN,NaN,NaN,NaN,16.0,4.408111719341834e31,2.3710339033920745e-5,11.82485726425194,10.728483014504612,10.728483014504612,NaN,1202.485726425194,11.200187490997823,NaN
/gen05/case26,success,5,26,30,50,ife_moop_run,3,1.3217718601226807,3.484873083260111,30.9003040008196,784.4412221796476,50.745240061524555,1428.4364361016158,826.5685255409464,3922.206110898239,2.673801397626084e7,3137.7648887185906,2.3733387526358696,77.29209884794864,3.232577346268203,0.969773203880461,3.877037863827688,1.105381664021936,3.9255638296875004,HDC,35.14376220673251,1.466902558425073e-7,0.08646790725539016,0.85,12.738871019396303,NaN,0.6195886335994514,NaN,NaN,NaN,-2.673801397626084e10,NaN,0.9003040008195988,NaN,NaN,NaN,NaN,NaN,-826.5685255409464,NaN,NaN,NaN,NaN,NaN,NaN,NaN,NaN,35.14376220673251,NaN,0.6195886335994514,NaN,-0.2078965580050138,0.0,NaN,NaN,NaN,NaN,16.0,5.773210916842306e31,2.5955680101959966e-5,7.0656852554094645,14.561574797453513,14.561574797453513,NaN,726.5685255409464,10.073790636172133,NaN
/gen05/case27,success,5,27,30,50,ife_moop_run,6,1.454192876815796,5.337124895781101,19.07659012480886,920.0124886890814,66.71546531941205,1646.412929031173,1205.9127912871186,4600.062443445407,3.590014364118324e7,3680.0499547563254,3.737599124175065,68.95046630375427,3.393727117728828,1.0181181353186484,3.7414452039293034,1.105381664021936,4.091729829687501,HDC,46.49079861584233,1.2813493142039674e-7,0.15679305222585507,0.85,12.738871019396303,NaN,0.5447156716433226,NaN,NaN,NaN,-3.590014364118324e10,NaN,0.0,NaN,NaN,NaN,NaN,NaN,-1205.9127912871186,NaN,NaN,NaN,NaN,NaN,NaN,NaN,NaN,46.49079861584233,NaN,0.5447156716433226,NaN,-0.2638301297565917,0.0,NaN,NaN,NaN,NaN,16.0,5.647452456445391e31,2.6132233859473175e-5,10.859127912871188,12.500263085870333,12.500263085870333,NaN,1105.9127912871186,10.250578771036748,NaN
/gen05/case28,success,5,28,30,50,ife_moop_run,5,1.3488450050354004,5.486545383202677,17.94382278817921,897.803022949465,69.98854109172454,1642.7287025312353,1171.0843531128637,4489.015114747325,3.5100592899483e7,3591.21209179786,3.4829818369647314,64.139286870749,3.0892406678616053,0.9267722003584816,3.662371188733029,1.105381664021936,4.630987298437501,HDC,47.33645153719232,1.2789000822870556e-7,0.1532670691772909,0.85,12.738871019396303,NaN,0.5704030606154047,NaN,NaN,NaN,-3.5100592899483e10,NaN,0.0,NaN,NaN,NaN,NaN,NaN,-1171.0843531128637,NaN,NaN,NaN,NaN,NaN,NaN,NaN,NaN,47.33645153719232,NaN,0.5704030606154047,NaN,-0.24381815285321853,0.0,NaN,NaN,NaN,NaN,16.0,4.455485703765593e31,2.602391837623338e-5,10.51084353112864,12.756395181929566,12.756395181929566,NaN,1071.0843531128637,10.025560231143654,NaN
/gen05/case29,success,5,29,30,50,ife_moop_run,2,1.2110249996185303,6.988264261116831,19.30986919100726,1229.2481487973541,52.5724092495694,1767.965005839636,1424.1255631237213,6146.240743986771,6.4056274391807504e7,4916.9925951894165,5.141833036590729,116.91000720186916,3.867403705225088,1.1602211115675265,4.4461460519233365,1.105381664021936,4.549224367187501,HDC,56.36233998555152,9.595064343568577e-8,0.159872577375053,0.85,12.738871019396303,NaN,0.5460239367710258,NaN,NaN,NaN,-6.40562743918075e10,NaN,0.0,NaN,NaN,NaN,NaN,NaN,-1424.1255631237213,NaN,NaN,NaN,NaN,NaN,NaN,NaN,NaN,56.36233998555152,NaN,0.5460239367710258,NaN,-0.26278831813829434,0.0,NaN,NaN,NaN,NaN,16.0,4.445685915991479e31,2.101318012880239e-5,13.041255631237215,7.522956672100365,7.5229566721003645,NaN,1324.1255631237213,12.754379377396695,NaN
/gen05/case30,success,5,30,30,50,ife_moop_run,9,1.4643611907958984,5.74823103245288,20.61124059823777,599.9420061995013,32.44460134154993,960.1026952120011,731.7191936940657,2999.7100309975067,4.6364548335449696e7,2399.768024798005,4.203905662321244,92.4563689169437,3.4557857485720107,1.0367357245716033,4.109761212799263,1.105381664021936,4.5759698359375,HDC,46.63197597340666,6.469835550417666e-8,0.15204831259563376,0.85,12.738871019396303,NaN,0.8737228707013567,NaN,NaN,NaN,-4.63645483354497e10,NaN,0.0,NaN,NaN,NaN,NaN,NaN,-731.7191936940657,NaN,NaN,NaN,NaN,NaN,NaN,NaN,NaN,46.63197597340666,NaN,0.8737228707013567,NaN,-0.05862629598173039,0.0,NaN,NaN,NaN,NaN,16.0,4.406816431564245e31,7.694513362759737e-6,6.117191936940657,5.6442758056134,5.6442758056134,NaN,631.7191936940657,11.46264954661362,NaN
/gen05/case31,success,5,31,30,50,ife_moop_run,7,1.2749509811401367,5.801015753813281,20.404811536745957,735.222232019249,39.87315357493665,1176.3649020484336,827.8760737762799,3676.1111600962454,4.664897329181267e7,2940.888928076996,3.3756172554540167,92.19514461497133,3.679399443219768,1.1038198329659303,4.106855730067117,1.105381664021936,4.1755823484375005,HDC,47.668525315674344,7.880368849921584e-8,0.11956368608065321,0.85,12.738871019396303,NaN,0.7943776927776779,NaN,NaN,NaN,-4.6648973291812675e10,NaN,0.0,NaN,NaN,NaN,NaN,NaN,-827.8760737762799,NaN,NaN,NaN,NaN,NaN,NaN,NaN,NaN,47.668525315674344,NaN,0.7943776927776779,NaN,-0.09997295993007789,0.0,NaN,NaN,NaN,NaN,16.0,5.301168721990247e31,1.1483091660570776e-5,7.078760737762799,6.873477898887993,6.873477898887992,NaN,727.8760737762799,11.464892978264306,NaN
/gen05/case32,fail,5,32,30,50,ife_moop_run,8,1.0311548709869385,NaN,NaN,NaN,NaN,NaN,NaN,NaN,NaN,NaN,NaN,NaN,NaN,NaN,NaN,NaN,NaN,NaN,NaN,NaN,NaN,NaN,NaN,NaN,NaN,NaN,NaN,NaN,NaN,NaN,NaN,NaN,NaN,NaN,NaN,NaN,NaN,NaN,NaN,NaN,NaN,NaN,NaN,NaN,NaN,NaN,NaN,NaN,NaN,NaN,NaN,NaN,NaN,NaN,NaN,NaN,NaN,NaN,NaN,NaN,NaN,NaN,NaN,NaN,NaN
/gen05/case33,fail,5,33,30,50,ife_moop_run,4,1.088926076889038,NaN,NaN,NaN,NaN,NaN,NaN,NaN,NaN,NaN,NaN,NaN,NaN,NaN,NaN,NaN,NaN,NaN,NaN,NaN,NaN,NaN,NaN,NaN,NaN,NaN,NaN,NaN,NaN,NaN,NaN,NaN,NaN,NaN,NaN,NaN,NaN,NaN,NaN,NaN,NaN,NaN,NaN,NaN,NaN,NaN,NaN,NaN,NaN,NaN,NaN,NaN,NaN,NaN,NaN,NaN,NaN,NaN,NaN,NaN,NaN,NaN,NaN,NaN,NaN
/gen05/case34,success,5,34,30,50,ife_moop_run,3,1.6468760967254639,4.733764651429846,19.409363461518275,421.03749901007296,36.93600200691614,817.4637915126467,590.32550588037,2105.1874950503648,2.855629595143049e7,1684.1499960402919,3.598969628731247,56.995543119587644,3.1183243603145057,0.9354973080943516,3.514444693265695,1.105381664021936,4.1292767140625,HDC,40.27881354208397,7.372060783481649e-8,0.17411285236339422,0.85,12.738871019396303,NaN,0.9463554355435811,NaN,NaN,NaN,-2.855629595143049e10,NaN,0.0,NaN,NaN,NaN,NaN,NaN,-590.32550588037,NaN,NaN,NaN,NaN,NaN,NaN,NaN,NaN,40.27881354208397,NaN,0.9463554355435811,NaN,-0.023945719091456052,0.0,NaN,NaN,NaN,NaN,16.0,5.578522080748241e31,7.464963009135161e-6,4.7032550588037,7.802669698790269,7.802669698790269,NaN,490.32550588037003,9.44812617740902,NaN
/gen05/case35,success,5,35,30,50,ife_moop_run,6,1.2397770881652832,4.803989840554767,12.98138508010421,483.0004526746094,95.8629181326302,1258.6062222331402,362.3630467943027,2415.002263373047,1.7191662691011444e7,1932.0018106984376,1.4043133121955154,25.192246495477992,2.2101400989321935,0.663042029679658,2.767145314021106,1.105381664021936,5.151203870312501,HDC,42.142755700750854,1.404752004956284e-7,0.10878145874422551,0.85,12.738871019396303,NaN,1.6738183698682598,NaN,NaN,NaN,-1.7191662691011444e10,NaN,0.0,NaN,NaN,NaN,NaN,NaN,-362.3630467943027,NaN,NaN,NaN,NaN,NaN,NaN,NaN,NaN,42.142755700750854,NaN,1.6738183698682598,NaN,0.2237083298558131,0.0,NaN,NaN,NaN,NaN,16.0,3.950058564178756e31,2.1900789071751614e-5,2.4236304679430267,19.95485446771051,19.95485446771051,NaN,262.3630467943027,7.039650463145952,NaN
/gen05/case36,success,5,36,30,50,ife_moop_run,5,1.742638111114502,5.450684902675242,15.413085226554271,905.018631250851,97.9343945383843,1863.6602810449515,1146.4568264124555,4525.093156254255,2.827217076391105e7,3620.074525003404,2.5985099053934624,46.205351833575634,2.8344949307404232,0.8503484792221271,3.3184871266500164,1.105381664021936,4.647256676562501,HDC,47.77301006692241,1.6005467687788798e-7,0.13946726392800085,0.85,12.738871019396303,NaN,0.596257228738413,NaN,NaN,NaN,-2.827217076391105e10,NaN,0.0,NaN,NaN,NaN,NaN,NaN,-1146.4568264124555,NaN,NaN,NaN,NaN,NaN,NaN,NaN,NaN,47.77301006692241,NaN,0.596257228738413,NaN,-0.22456634274063716,0.0,NaN,NaN,NaN,NaN,16.0,4.582306870810393e31,3.6949226040610195e-5,10.264568264124556,17.967355715300524,17.967355715300524,NaN,1046.4568264124555,8.908081935595545,NaN
/gen05/case37,success,5,37,30,50,ife_moop_run,2,1.4307529926300049,4.877100774625317,16.79629060155569,836.3047791257683,93.12663328309318,1761.2741360688894,1118.974318013601,4181.523895628841,2.514150990670707e7,3345.219116503073,2.7421370620990606,44.90148251056749,2.805762196229251,0.8417286588687753,3.271928073769905,1.105381664021936,4.4707365828125,HDC,44.17531517243984,1.663195214267272e-7,0.14845633714959133,0.85,12.738871019396303,NaN,0.5701453490419257,NaN,NaN,NaN,-2.5141509906707073e10,NaN,0.0,NaN,NaN,NaN,NaN,NaN,-1118.974318013601,NaN,NaN,NaN,NaN,NaN,NaN,NaN,NaN,44.17531517243984,NaN,0.5701453490419257,NaN,-0.2440144140820127,0.0,NaN,NaN,NaN,NaN,16.0,4.89602838461732e31,3.6286109909052065e-5,9.989743180136012,19.09467070428694,19.09467070428694,NaN,1018.9743180136011,8.710258689582263,NaN
/gen05/case38,success,5,38,30,50,ife_moop_run,9,1.5753519535064697,3.875324171482041,28.26687956343794,1151.6004042870725,71.6199717857516,2038.553161987782,1562.5583636655049,5758.002021435363,3.0065782056998596e7,4606.40161714829,4.282721511186682,80.39659717627654,3.6087176141780763,1.082615284253423,3.9212416817391977,1.105381664021936,3.5342541609375004,HDC,39.240075017492536,1.915134623978636e-7,0.15535960936306006,0.85,12.738871019396303,NaN,0.36967968079397945,NaN,NaN,NaN,-3.0065782056998596e10,NaN,0.0,NaN,NaN,NaN,NaN,NaN,-1562.5583636655049,NaN,NaN,NaN,NaN,NaN,NaN,NaN,NaN,39.240075017492536,NaN,0.36967968079397945,NaN,-0.43217441948792634,0.0,NaN,NaN,NaN,NaN,16.0,7.263777563976312e31,4.836058848435418e-5,14.42558363665505,18.48102729386945,18.48102729386945,NaN,1462.5583636655049,10.36270653966258,NaN
/gen05/case39,success,5,39,30,50,ife_moop_run,7,1.307326078414917,2.4738205856854516,45.284787545489664,639.0523826193856,41.163113344720934,1223.2778186440164,838.4596823955885,3195.2619130969283,2.0038336110918537e7,2556.2095304775426,3.178846585999528,77.62439848361744,3.427072741452282,1.0281218224356847,3.9413121363058763,1.105381664021936,3.2212477171875005,HDC,28.683596050911994,1.5945744673660235e-7,0.11130636740073048,0.85,12.738871019396303,NaN,0.5127695359995154,NaN,NaN,NaN,-2.0038336110918537e10,NaN,15.284787545489664,NaN,NaN,NaN,NaN,NaN,-838.4596823955885,NaN,NaN,NaN,NaN,NaN,NaN,NaN,NaN,28.683596050911994,NaN,0.5127695359995154,NaN,-0.2900777844648855,0.0,NaN,NaN,NaN,NaN,16.0,8.459386546636233e31,2.4162403584510758e-5,7.184596823955885,16.639490180859404,16.639490180859404,NaN,738.4596823955885,9.583072858808382,NaN
/gen05/case40,success,5,40,30,50,ife_moop_run,8,1.5603559017181396,5.521509070102795,25.48531560689068,1068.0886020431028,41.33306659165125,1532.474020834308,1278.6196766962837,5340.443010215515,5.579944186142005e7,4272.354408172411,6.036824093114909,129.2051001919663,3.9948660680953814,1.1984598204286143,4.5799183275859106,1.105381664021936,4.1252038953125005,HDC,47.21581483836956,9.570782129826136e-8,0.17304716286745261,0.85,12.738871019396303,NaN,0.5143869837454337,NaN,NaN,NaN,-5.579944186142005e10,NaN,0.0,NaN,NaN,NaN,NaN,NaN,-1278.6196766962837,NaN,NaN,NaN,NaN,NaN,NaN,NaN,NaN,47.21581483836956,NaN,0.5143869837454337,NaN,-0.28871002950656777,0.0,NaN,NaN,NaN,NaN,16.0,5.205384635286877e31,1.8168152990043126e-5,11.58619676696284,7.485827889961566,7.485827889961565,NaN,1178.6196766962837,12.785201944945163,NaN
/gen05/case41,fail,5,41,30,50,ife_moop_run,4,0.9594979286193848,NaN,NaN,NaN,NaN,NaN,NaN,NaN,NaN,NaN,NaN,NaN,NaN,NaN,NaN,NaN,NaN,NaN,NaN,NaN,NaN,NaN,NaN,NaN,NaN,NaN,NaN,NaN,NaN,NaN,NaN,NaN,NaN,NaN,NaN,NaN,NaN,NaN,NaN,NaN,NaN,NaN,NaN,NaN,NaN,NaN,NaN,NaN,NaN,NaN,NaN,NaN,NaN,NaN,NaN,NaN,NaN,NaN,NaN,NaN,NaN,NaN,NaN,NaN,NaN
/gen05/case42,success,5,42,30,50,ife_moop_run,3,1.5884811878204346,6.57895832704139,8.94310893835346,206.05081346526862,53.29021735567468,640.0980919798177,218.30491393315452,1030.254067326343,1.9468891330890585e7,824.2032538610745,1.5175638803456497,19.332892948252066,2.319445598019638,0.6958336794058914,2.6587323307866515,1.105381664021936,4.9225911109375,HDC,49.95675037273957,5.291796280621672e-8,0.1310007645938491,0.85,14.093617081759199,NaN,3.1130204183511485,NaN,NaN,NaN,-1.9468891330890583e10,NaN,0.0,NaN,NaN,NaN,NaN,NaN,-218.30491393315452,NaN,NaN,NaN,NaN,NaN,NaN,NaN,NaN,49.95675037273957,NaN,3.1130204183511485,NaN,0.4931819692363707,0.0,NaN,NaN,NaN,NaN,16.0,4.6037692645171e31,3.79252410201044e-6,0.9830491393315453,8.100099545643378,8.100099545643378,NaN,118.30491393315452,6.533001540046324,NaN
/gen05/case43,success,5,43,30,50,ife_moop_run,6,1.4679250717163086,5.946999233087902,17.27493501848183,858.7901933397056,62.243541974489105,1516.7511885031413,1074.9120602222781,4293.950966698529,3.9499763921703525e7,3435.1607733588226,3.432813192449968,68.98628886605506,3.050433222643422,0.9151299667930267,3.756380736008699,1.105381664021936,5.0144891671875005,HDC,49.598737638699845,1.0870826912307634e-7,0.1458243582896936,0.85,12.738871019396303,NaN,0.643838654172536,NaN,NaN,NaN,-3.949976392170353e10,NaN,0.0,NaN,NaN,NaN,NaN,NaN,-1074.9120602222781,NaN,NaN,NaN,NaN,NaN,NaN,NaN,NaN,49.598737638699845,NaN,0.643838654172536,NaN,-0.1912229531087851,0.0,NaN,NaN,NaN,NaN,16.0,3.8245685301447193e31,2.0424298648408337e-5,9.549120602222782,10.466378005932574,10.466378005932574,NaN,974.9120602222781,10.386426809872344,NaN
/gen05/case44,success,5,44,30,50,ife_moop_run,5,1.5181870460510254,2.1457438409119276,56.60635363458416,451.13545484923435,26.675704216219728,859.4317125074687,705.3808885749149,2255.6772742461717,1.8842994789010704e7,1804.5418193969374,5.5788842316334755,84.55923997217828,3.623807945498936,1.0871423836496807,4.1111882828315895,1.105381664021936,2.9410639070312503,HDC,25.555844900052453,1.19709064270489e-7,0.19184139627362956,0.85,12.738871019396303,NaN,0.5361712965400164,NaN,NaN,NaN,-1.8842994789010704e10,NaN,26.60635363458416,NaN,NaN,NaN,NaN,NaN,-705.3808885749149,NaN,NaN,NaN,NaN,NaN,NaN,NaN,NaN,25.555844900052453,NaN,0.5361712965400164,NaN,-0.27069643930492604,0.0,NaN,NaN,NaN,NaN,16.0,1.0109641093300497e32,1.274408437994686e-5,5.8538088857491495,12.431914615158686,12.431914615158684,NaN,605.3808885749149,9.62917362097415,NaN
/gen05/case45,fail,5,45,30,50,ife_moop_run,9,1.0845708847045898,NaN,NaN,NaN,NaN,NaN,NaN,NaN,NaN,NaN,NaN,NaN,NaN,NaN,NaN,NaN,NaN,NaN,NaN,NaN,NaN,NaN,NaN,NaN,NaN,NaN,NaN,NaN,NaN,NaN,NaN,NaN,NaN,NaN,NaN,NaN,NaN,NaN,NaN,NaN,NaN,NaN,NaN,NaN,NaN,NaN,NaN,NaN,NaN,NaN,NaN,NaN,NaN,NaN,NaN,NaN,NaN,NaN,NaN,NaN,NaN,NaN,NaN,NaN,NaN
/gen05/case46,success,5,46,30,50,ife_moop_run,2,1.3193838596343994,8.898670541287377,10.981986006597621,926.2198225631779,84.76607315708628,1706.2970674272615,1219.4396060095644,4631.099112815889,4.882410372152137e7,3704.8792902527116,3.5047158617198475,54.633875798795785,2.952178471833054,0.8856535415499164,3.606383411486304,1.105381664021936,5.6901610390625,HDC,67.15446266557308,9.485272150064127e-8,0.17964338828595905,0.85,12.738871019396303,NaN,0.7525534244159395,NaN,NaN,NaN,-4.882410372152137e10,NaN,0.0,NaN,NaN,NaN,NaN,NaN,-1219.4396060095644,NaN,NaN,NaN,NaN,NaN,NaN,NaN,NaN,67.15446266557308,NaN,0.7525534244159395,NaN,-0.12346266370028583,0.0,NaN,NaN,NaN,NaN,16.0,3.2474323522106644e31,2.004816684175166e-5,10.994396060095644,9.525700807080685,9.525700807080685,NaN,1119.4396060095644,9.957558338399096,NaN
/gen05/case47,success,5,47,30,50,ife_moop_run,7,1.3930079936981201,3.5011019343630596,26.30964849741295,693.9164755640345,59.74286022868673,1390.8291210985362,1049.0255521710428,3469.582377820173,2.2216164969142202e7,2775.665902256138,4.069088937434624,58.075263965252596,2.8591556625936603,0.8577466987780982,3.5226478048553354,1.105381664021936,4.2271244640625,HDC,35.14140627014153,1.5617377628584192e-7,0.1828096933725398,0.85,12.738871019396303,NaN,0.4909664781121813,NaN,NaN,NaN,-2.2216164969142204e10,NaN,0.0,NaN,NaN,NaN,NaN,NaN,-1049.0255521710428,NaN,NaN,NaN,NaN,NaN,NaN,NaN,NaN,35.14140627014153,NaN,0.4909664781121813,NaN,-0.30894815933913905,0.0,NaN,NaN,NaN,NaN,16.0,5.119196086262837e31,2.690618440829649e-5,9.29025552171043,17.064016229380506,17.064016229380506,NaN,949.0255521710429,9.152228536734793,NaN
/gen05/case48,success,5,48,30,50,ife_moop_run,4,1.5208508968353271,3.704833581294208,31.49130223716961,807.8428240876005,44.97009554621955,1386.73523612926,997.1476248965616,4039.2141204380027,3.1139742494590044e7,3231.371296350402,3.5594952101825723,89.82000307930329,3.2842152590920914,0.9852645777276274,4.0750423919823895,1.105381664021936,4.1491559484375005,HDC,36.295934409314036,1.2971250873830256e-7,0.1200522766843017,0.85,12.738871019396303,NaN,0.5243418311801902,NaN,NaN,NaN,-3.1139742494590042e10,NaN,1.4913022371696094,NaN,NaN,NaN,NaN,NaN,-997.1476248965616,NaN,NaN,NaN,NaN,NaN,NaN,NaN,NaN,36.295934409314036,NaN,0.5243418311801902,NaN,-0.28038549356218895,0.0,NaN,NaN,NaN,NaN,16.0,5.10621995936808e31,2.2281562227259824e-5,8.771476248965618,12.138222826869907,12.138222826869907,NaN,897.1476248965616,10.686285017866298,NaN
/gen05/case49,success,5,49,30,50,ife_moop_run,8,1.4806690216064453,3.790074342765912,26.527392603704943,933.446454801953,68.09995689406935,1749.5174148210458,1273.287160516926,4667.232274009765,2.653968313784176e7,3733.785819207812,3.6736796938226584,68.5350253784995,3.2427021362457094,0.9728106408737128,3.718925903245589,1.105381664021936,3.8510675328125004,HDC,37.90120883743685,1.758586283705462e-7,0.14764850366725188,0.85,12.738871019396303,NaN,0.4368947396052203,NaN,NaN,NaN,-2.653968313784176e10,NaN,0.0,NaN,NaN,NaN,NaN,NaN,-1273.287160516926,NaN,NaN,NaN,NaN,NaN,NaN,NaN,NaN,37.90120883743685,NaN,0.4368947396052203,NaN,-0.3596231843455447,0.0,NaN,NaN,NaN,NaN,16.0,6.14762792987871e31,3.811116096781562e-5,11.53287160516926,17.967973906382934,17.967973906382934,NaN,1173.287160516926,9.78733769799578,NaN
/gen05/case50,success,5,50,30,50,ife_moop_run,3,1.4000070095062256,5.889962777472417,20.30591081487071,1147.7902229058018,61.086960578228855,1820.9381679368264,1403.789088204809,5738.95111452901,4.7855934804631986e7,4591.160891623207,4.365197614978857,93.94723620566496,3.7344460038862186,1.1203338011658657,4.132747190322254,1.105381664021936,4.1373128671875,HDC,50.19712545457909,1.1992140866034313e-7,0.15190128153205223,0.85,12.738871019396303,NaN,0.5010908037341159,NaN,NaN,NaN,-4.785593480463198e10,NaN,0.0,NaN,NaN,NaN,NaN,NaN,-1403.789088204809,NaN,NaN,NaN,NaN,NaN,NaN,NaN,NaN,50.19712545457909,NaN,0.5010908037341159,NaN,-0.3000835675711858,0.0,NaN,NaN,NaN,NaN,16.0,5.400016243871585e31,2.704968100051245e-5,12.837890882048093,10.371366150541846,10.371366150541846,NaN,1303.789088204809,11.562739847351537,NaN
/gen05/case51,success,5,51,30,50,ife_moop_run,6,1.479438066482544,3.832611396380024,21.915120410429864,258.86750378111833,26.60204339174088,639.0067224022263,287.5077131266133,1294.3375189055919,2.140611446760644e7,1035.4700151244733,1.8179474352406388,48.65556753837354,2.805719979367049,0.8417159938101149,3.328538845710529,1.105381664021936,4.2051493859375,HDC,34.05073728505529,6.046578517854297e-8,0.07905533941691995,0.85,14.933268882915144,NaN,1.6498659167191634,NaN,NaN,NaN,-2.140611446760644e10,NaN,0.0,NaN,NaN,NaN,NaN,NaN,-287.5077131266133,NaN,NaN,NaN,NaN,NaN,NaN,NaN,NaN,34.05073728505529,NaN,1.6498659167191634,NaN,0.21744865088351983,0.0,NaN,NaN,NaN,NaN,16.0,5.331181348334191e31,4.082831028842968e-6,1.6750771312661326,6.940970696081275,6.940970696081275,NaN,187.50771312661325,8.711430695519386,NaN
/gen05/case52,fail,5,52,30,50,ife_moop_run,5,1.0833020210266113,NaN,NaN,NaN,NaN,NaN,NaN,NaN,NaN,NaN,NaN,NaN,NaN,NaN,NaN,NaN,NaN,NaN,NaN,NaN,NaN,NaN,NaN,NaN,NaN,NaN,NaN,NaN,NaN,NaN,NaN,NaN,NaN,NaN,NaN,NaN,NaN,NaN,NaN,NaN,NaN,NaN,NaN,NaN,NaN,NaN,NaN,NaN,NaN,NaN,NaN,NaN,NaN,NaN,NaN,NaN,NaN,NaN,NaN,NaN,NaN,NaN,NaN,NaN,NaN
/gen05/case53,success,5,53,30,50,ife_moop_run,9,1.4871840476989746,4.583329905245381,29.88381334586571,1338.4267765404425,54.75357235841835,2009.707700035155,1614.5844933290018,6692.133882702213,4.585409508820407e7,5353.70710616177,5.086281104034828,122.222780988523,3.8435283141442502,1.1530584942432751,4.505195852394713,1.105381664021936,3.9971885078125,HDC,43.235101192014014,1.4594408350724948e-7,0.14404164595176772,0.85,12.738871019396303,NaN,0.38343988847621363,NaN,NaN,NaN,-4.585409508820407e10,NaN,0.0,NaN,NaN,NaN,NaN,NaN,-1614.5844933290018,NaN,NaN,NaN,NaN,NaN,NaN,NaN,NaN,43.235101192014014,NaN,0.38343988847621363,NaN,-0.41630271033113414,0.0,NaN,NaN,NaN,NaN,16.0,5.4659325296849965e31,3.633202609980875e-5,14.94584493329002,11.946242904259577,11.946242904259577,NaN,1514.5844933290018,12.216734974910926,NaN
/gen05/case54,success,5,54,30,50,ife_moop_run,2,1.495068073272705,3.432657313379349,24.947610624711217,339.37291275006123,33.5145101629313,714.7772541735685,513.637114199933,1696.8645637503057,1.9954684645297963e7,1357.491651000245,3.553628103606062,50.630743385505944,2.984967798036626,0.8954903394109877,3.3680731916272797,1.105381664021936,3.7467727171875005,HDC,32.40819254284888,8.50358997855748e-8,0.1800498815982314,0.85,12.738871019396303,NaN,0.8934723789931335,NaN,NaN,NaN,-1.9954684645297962e10,NaN,0.0,NaN,NaN,NaN,NaN,NaN,-513.637114199933,NaN,NaN,NaN,NaN,NaN,NaN,NaN,NaN,32.40819254284888,NaN,0.8934723789931335,NaN,-0.04891886882849136,0.0,NaN,NaN,NaN,NaN,16.0,6.648199963149834e31,7.529103420077647e-6,3.936371141999329,9.763430224247251,9.763430224247251,NaN,413.6371141999329,8.709633584965879,NaN
/gen05/case55,success,5,55,30,50,ife_moop_run,7,1.709197998046875,5.1449554349072555,19.078863068951804,1118.9203194530173,86.89315877077227,2060.368873072089,995.2155434038585,5594.601597265086,3.3251985630869623e7,4475.681277812069,1.9343401702681098,64.3848339317929,2.9792047199078873,0.8937614159723661,3.6587728943921176,1.105381664021936,4.7821946046875,HDC,46.55856167334034,1.6824864714458776e-7,0.08274330644480649,0.85,12.738871019396303,NaN,0.6721046124464454,NaN,NaN,NaN,-3.3251985630869625e10,NaN,0.0,NaN,NaN,NaN,NaN,NaN,-995.2155434038585,NaN,NaN,NaN,NaN,NaN,NaN,NaN,NaN,46.55856167334034,NaN,0.6721046124464454,NaN,-0.17256312416005135,0.0,NaN,NaN,NaN,NaN,16.0,4.150386169110987e31,4.2940469481675973e-5,8.752155434038587,16.889001249889084,16.889001249889084,NaN,895.2155434038585,9.962024672459107,NaN
/gen05/case56,success,5,56,30,50,ife_moop_run,4,1.485947847366333,3.644027463865555,26.841738434929734,871.6243849694521,67.01737808409243,1671.9690301719954,1264.4457143713798,4358.12192484726,2.4779869167767737e7,3486.4975398778083,4.102756738929807,65.02972884702758,3.0014805658000814,0.9004441697400244,3.655847599231375,1.105381664021936,4.1668892890625004,HDC,36.832654663227224,1.758734840503541e-7,0.1707347701050561,0.85,12.738871019396303,NaN,0.42886334762329276,NaN,NaN,NaN,-2.4779869167767735e10,NaN,0.0,NaN,NaN,NaN,NaN,NaN,-1264.4457143713798,NaN,NaN,NaN,NaN,NaN,NaN,NaN,NaN,36.832654663227224,NaN,0.42886334762329276,NaN,-0.3676810687181149,0.0,NaN,NaN,NaN,NaN,16.0,5.231580558060344e31,3.642493816568003e-5,11.4444571437138,18.391018934034303,18.391018934034303,NaN,1164.4457143713798,9.563009242782288,NaN
/gen05/case57,success,5,57,30,50,ife_moop_run,3,1.6529490947723389,8.804397719314995,18.091176557189456,1599.7462565432918,50.83963373201802,2013.4353782351939,1521.2631059852206,7998.73128271646,9.504111150546256e7,6398.985026173167,4.090915908429263,157.33259064923163,4.336515606490655,1.3009546819471967,4.913176593394925,1.105381664021936,4.683130014062501,HDC,67.51813497597242,8.416075060587572e-8,0.10654356233294497,0.85,12.738871019396303,NaN,0.6052298682933412,NaN,NaN,NaN,-9.504111150546255e10,NaN,0.0,NaN,NaN,NaN,NaN,NaN,-1521.2631059852206,NaN,NaN,NaN,NaN,NaN,NaN,NaN,NaN,67.51813497597242,NaN,0.6052298682933412,NaN,-0.21807964754425824,0.0,NaN,NaN,NaN,NaN,16.0,4.173924445042851e31,2.0990245734936967e-5,14.012631059852207,5.774345429726166,5.774345429726166,NaN,1421.2631059852206,14.57494215233792,NaN
/gen05/case58,success,5,58,30,50,ife_moop_run,8,1.5568511486053467,4.877275997081353,28.062779039564795,1081.1861063886736,44.139919595197426,1607.735993184424,1265.658954978681,5405.930531943369,4.842137313763803e7,4324.744425554694,4.699923741205478,122.47259581622691,3.8315619208547322,1.1494685762564196,4.503507233916662,1.105381664021936,4.1092848671875,HDC,43.73545260061379,1.116434785229444e-7,0.13495266998055636,0.85,12.738871019396303,NaN,0.4870481129246636,NaN,NaN,NaN,-4.842137313763803e10,NaN,0.0,NaN,NaN,NaN,NaN,NaN,-1265.658954978681,NaN,NaN,NaN,NaN,NaN,NaN,NaN,NaN,43.73545260061379,NaN,0.4870481129246636,NaN,-0.31242813499564653,0.0,NaN,NaN,NaN,NaN,16.0,5.201100979327201e31,2.223403687304747e-5,11.45658954978681,9.050117242003841,9.050117242003841,NaN,1165.658954978681,12.336136155759322,NaN
/gen05/case59,success,5,59,30,50,ife_moop_run,6,1.3720250129699707,6.498925222750802,16.189918239803486,726.0973311232747,51.01692657993051,1255.2226737718022,915.7437750672665,3630.4866556163734,4.358375007833142e7,2904.3893244930987,3.697498367532648,71.16239450309354,3.4066422068422546,1.0219926620526765,3.8066730228210863,1.105381664021936,4.4346380203125,HDC,51.94547461248442,8.329908851559212e-8,0.15722725509613353,0.85,12.738871019396303,NaN,0.7806166853996066,NaN,NaN,NaN,-4.358375007833141e10,NaN,0.0,NaN,NaN,NaN,NaN,NaN,-915.7437750672665,NaN,NaN,NaN,NaN,NaN,NaN,NaN,NaN,51.94547461248442,NaN,0.7806166853996066,NaN,-0.10756217006792333,0.0,NaN,NaN,NaN,NaN,16.0,4.897437404978994e31,1.295183348241147e-5,7.957437750672665,7.850055944840763,7.850055944840764,NaN,815.7437750672665,10.61127323179629,NaN
/gen05/case60,success,5,60,30,50,ife_moop_run,5,1.4424209594726562,4.198126423149607,43.28018042349716,1385.039046746798,35.01766356827133,1800.1460245135188,1113.9258678848257,6925.195233733991,5.882374285332779e7,5540.156186987192,2.623277685921371,197.76291528509472,4.679711314572151,1.4039133943716453,5.354847779127434,1.105381664021936,3.5008927078125,HDC,40.38245057966882,1.177278917970487e-7,0.05217016089646794,0.85,12.738871019396303,NaN,0.5164677572265316,NaN,NaN,NaN,-5.882374285332779e10,NaN,13.280180423497157,NaN,NaN,NaN,NaN,NaN,-1113.9258678848257,NaN,NaN,NaN,NaN,NaN,NaN,NaN,NaN,40.38245057966882,NaN,0.5164677572265316,NaN,-0.28695678604307223,0.0,NaN,NaN,NaN,NaN,16.0,6.787652641895729e31,2.6251693805490798e-5,9.939258678848258,8.341259895170008,8.341259895170008,NaN,1013.9258678848257,14.113922030557857,NaN
/gen05/case61,success,5,61,30,50,ife_moop_run,9,1.3085758686065674,5.660652262099187,13.419810867436418,624.7363644595513,84.79185395502485,1392.1039398759515,-202.073722096565,3123.6818222977568,2.5331480912889704e7,2498.945457838205,0.8732426586340859,36.839409407826075,2.621313243923574,0.7863939731770723,3.116180308238301,1.105381664021936,4.8811121734375,HDC,47.366438184437875,1.233122466483315e-7,0.053693676143514585,0.85,12.738871019396303,NaN,Inf,NaN,NaN,NaN,-2.5331480912889706e10,NaN,0.0,NaN,NaN,NaN,NaN,NaN,202.073722096565,NaN,NaN,NaN,NaN,NaN,NaN,NaN,NaN,47.366438184437875,NaN,Inf,NaN,Inf,3.0207372209656502,NaN,NaN,NaN,NaN,16.0,4.287527081640416e31,2.1264153580742055e-5,2.82073722096565,14.979166715953824,14.979166715953824,NaN,302.073722096565,8.232250096862572,NaN
/gen05/case62,success,5,62,30,50,ife_moop_run,2,1.415950059890747,3.969943345234253,44.0138941827707,1294.6783396763205,35.39152010789672,1741.410925748017,1490.6393145363797,6473.3916983816025,5.324305042004582e7,5178.713358705282,6.944210779418585,182.90798695976977,4.472097078114805,1.3416291234344415,5.2224578655413,1.105381664021936,3.5575305390625003,HDC,38.92866336570176,1.2158190876201926e-7,0.15010933642951615,0.85,12.738871019396303,NaN,0.3735570657555974,NaN,NaN,NaN,-5.324305042004582e10,NaN,14.013894182770699,NaN,NaN,NaN,NaN,NaN,-1490.6393145363797,NaN,NaN,NaN,NaN,NaN,NaN,NaN,NaN,38.92866336570176,NaN,0.3735570657555974,NaN,-0.42764304458573266,0.0,NaN,NaN,NaN,NaN,16.0,6.571660482532456e31,2.6226506820910445e-5,13.7063931453638,8.914867802932937,8.914867802932937,NaN,1390.6393145363797,13.63810562866895,NaN
/gen05/case63,success,5,63,30,50,ife_moop_run,4,1.5214648246765137,6.477673712828194,17.988139749746225,978.0171943803009,55.62119753523355,1569.145789510633,1271.7017626735098,4890.085971901505,4.981023617219528e7,3912.0687775212036,5.275432175243778,87.9176678783993,3.6379320909733037,1.0913796272919911,4.058984992755782,1.105381664021936,4.3470442640625,HDC,52.825643655062116,9.817431812602435e-8,0.19692821320419923,0.85,12.738871019396303,NaN,0.575119465324581,NaN,NaN,NaN,-4.981023617219528e10,NaN,0.0,NaN,NaN,NaN,NaN,NaN,-1271.7017626735098,NaN,NaN,NaN,NaN,NaN,NaN,NaN,NaN,52.825643655062116,NaN,0.575119465324581,NaN,-0.24024193314998502,0.0,NaN,NaN,NaN,NaN,16.0,4.977741163613794e31,1.9082330646278306e-5,11.517017626735099,8.586600684298588,8.586600684298588,NaN,1171.7017626735098,11.433432359972832,NaN
/gen05/case64,success,5,64,30,50,ife_moop_run,7,1.547705888748169,3.276288931767344,27.23082726040725,650.8080778242087,59.61596011709703,1344.1841229195936,777.7938628675653,3254.0403891210435,2.0135155371055055e7,2603.2323112968347,2.373247242627579,54.58337637655239,2.668758755606791,0.8006276266820374,3.452803244453589,1.105381664021936,4.464624226562501,HDC,33.677170598827075,1.616098971751086e-7,0.108119356536098,0.85,12.738871019396303,NaN,0.6393719851302446,NaN,NaN,NaN,-2.0135155371055058e10,NaN,0.0,NaN,NaN,NaN,NaN,NaN,-777.7938628675653,NaN,NaN,NaN,NaN,NaN,NaN,NaN,NaN,33.677170598827075,NaN,0.6393719851302446,NaN,-0.19424639679422082,0.0,NaN,NaN,NaN,NaN,16.0,4.5813695924183435e31,2.6908961832624767e-5,6.5779386286756525,18.196185183502152,18.196185183502152,NaN,677.7938628675653,8.881526294953003,NaN
/gen05/case65,success,5,65,30,50,ife_moop_run,3,1.5438342094421387,4.179585211515136,20.273209429889533,689.6469047270675,70.12160164822545,1431.5984803900744,651.1529641656567,3448.2345236353376,2.3258363682801206e7,2758.58761890827,1.8343349415546095,49.175067918925684,2.671543604815787,0.8014630814447362,3.345602574426037,1.105381664021936,4.6977821515625005,HDC,39.13094260718271,1.4825782977093928e-7,0.09160887373683013,0.85,12.738871019396303,NaN,0.8693057877214228,NaN,NaN,NaN,-2.3258363682801205e10,NaN,0.0,NaN,NaN,NaN,NaN,NaN,-651.1529641656567,NaN,NaN,NaN,NaN,NaN,NaN,NaN,NaN,39.13094260718271,NaN,0.8693057877214228,NaN,-0.0608274288907444,0.0,NaN,NaN,NaN,NaN,16.0,4.315562257758618e31,2.6291120438646682e-5,5.311529641656566,16.777167613435438,16.777167613435438,NaN,551.1529641656567,8.83688076479679,NaN
/gen05/case66,success,5,66,30,50,ife_moop_run,6,1.505444049835205,4.019707972408719,26.773121729660488,749.7707930225972,48.106286781761796,1334.5052278028572,990.944142627193,3748.8539651129863,3.0394116129587475e7,2999.083172090389,3.8843317400762047,77.92856642874925,3.217394303607666,0.9652182910822998,3.879089644988665,1.105381664021936,4.1744374546875,HDC,37.94329169580173,1.2334143717584946e-7,0.1464150471625144,0.85,12.738871019396303,NaN,0.5477997909339515,NaN,NaN,NaN,-3.0394116129587475e10,NaN,0.0,NaN,NaN,NaN,NaN,NaN,-990.944142627193,NaN,NaN,NaN,NaN,NaN,NaN,NaN,NaN,37.94329169580173,NaN,0.5477997909339515,NaN,-0.261378137829134,0.0,NaN,NaN,NaN,NaN,16.0,5.171554567746547e31,2.038916833015585e-5,8.70944142627193,11.967607376447098,11.967607376447098,NaN,890.944142627193,10.306273701675083,NaN
/gen05/case67,success,5,67,30,50,ife_moop_run,8,1.3164610862731934,9.851443536798966,10.43236620313275,811.7823858374052,69.25587645033838,1442.5945799069195,989.5756815794563,4058.911929187026,5.593248447359913e7,3247.1295433496207,3.184402649057137,58.6074732892532,3.402861846451342,1.0208585539354027,3.7104117245410744,1.105381664021936,4.866510085937501,HDC,71.82272154079398,7.256806071439373e-8,0.15811161736351076,0.85,12.738871019396303,NaN,0.9808427820830015,NaN,NaN,NaN,-5.593248447359913e10,NaN,0.0,NaN,NaN,NaN,NaN,NaN,-989.5756815794563,NaN,NaN,NaN,NaN,NaN,NaN,NaN,NaN,71.82272154079398,NaN,0.9808427820830015,NaN,-0.00840059949638075,0.0,NaN,NaN,NaN,NaN,16.0,4.377878454432691e31,1.2967612990773643e-5,8.695756815794564,7.030023183063558,7.030023183063558,NaN,889.5756815794563,10.32259194951472,NaN
/gen05/case68,success,5,68,30,50,ife_moop_run,5,1.608288049697876,4.327386678946486,28.414253890385304,1067.7205721932771,53.386258648061336,1729.007026834301,1255.644959318737,5338.602860966385,3.820054401371033e7,4270.8822887731085,3.652610011421018,99.99956910560263,3.867463203209906,1.1602389609629717,4.213161628064752,1.105381664021936,3.6049935796875,HDC,40.930392994399895,1.397520113601089e-7,0.11647180783834948,0.85,12.738871019396303,NaN,0.4673212268202074,NaN,NaN,NaN,-3.820054401371033e10,NaN,0.0,NaN,NaN,NaN,NaN,NaN,-1255.644959318737,NaN,NaN,NaN,NaN,NaN,NaN,NaN,NaN,40.930392994399895,NaN,0.4673212268202074,NaN,-0.33038449185924323,0.0,NaN,NaN,NaN,NaN,16.0,6.889312288972643e31,2.9931263675189144e-5,11.35644959318737,12.336835741486906,12.336835741486906,NaN,1155.644959318737,11.32802724203777,NaN
/gen05/case69,success,5,69,30,50,ife_moop_run,9,1.206047773361206,5.692085763686602,12.840090265626309,762.350481124625,112.80698015736812,1752.9956063188297,801.7459077762569,3811.752405623125,2.410975855215526e7,3049.4019244985,1.8428343357213428,33.79004029986132,2.5580950075065405,0.767428502251962,3.042612543295312,1.105381664021936,4.9161315328125,HDC,48.809582562052405,1.5809998251858804e-7,0.1204881350914941,0.85,12.738871019396303,NaN,0.8707026516309201,NaN,NaN,NaN,-2.410975855215526e10,NaN,0.0,NaN,NaN,NaN,NaN,NaN,-801.7459077762569,NaN,NaN,NaN,NaN,NaN,NaN,NaN,NaN,48.809582562052405,NaN,0.8707026516309201,NaN,-0.06013013294152035,0.0,NaN,NaN,NaN,NaN,16.0,4.271350897009793e31,3.433071724497066e-5,6.817459077762569,19.818215121956676,19.818215121956676,NaN,701.7459077762569,7.977508647760538,NaN
/gen05/case70,fail,5,70,30,50,ife_moop_run,2,0.9712910652160645,NaN,NaN,NaN,NaN,NaN,NaN,NaN,NaN,NaN,NaN,NaN,NaN,NaN,NaN,NaN,NaN,NaN,NaN,NaN,NaN,NaN,NaN,NaN,NaN,NaN,NaN,NaN,NaN,NaN,NaN,NaN,NaN,NaN,NaN,NaN,NaN,NaN,NaN,NaN,NaN,NaN,NaN,NaN,NaN,NaN,NaN,NaN,NaN,NaN,NaN,NaN,NaN,NaN,NaN,NaN,NaN,NaN,NaN,NaN,NaN,NaN,NaN,NaN,NaN
/gen05/case71,success,5,71,30,50,ife_moop_run,4,1.4487559795379639,2.937045050060389,35.05207095615544,766.5476868679418,54.91516648745796,1480.3760757017908,1121.4282043393816,3832.738434339709,2.1580769846097246e7,3066.1907474717673,4.124209094994577,69.79380523621039,3.4623580501879543,1.0387074150563862,3.7626250757321715,1.105381664021936,3.2387527046875,HDC,32.17900317046017,1.7759970852165115e-7,0.15966130643557686,0.85,12.738871019396303,NaN,0.42887939494240074,NaN,NaN,NaN,-2.1580769846097244e10,NaN,5.05207095615544,NaN,NaN,NaN,NaN,NaN,-1121.4282043393816,NaN,NaN,NaN,NaN,NaN,NaN,NaN,NaN,32.17900317046017,NaN,0.42887939494240074,NaN,-0.36766481847945265,0.0,NaN,NaN,NaN,NaN,16.0,8.626300817483324e31,3.2567508407941894e-5,10.014282043393818,18.697420554148067,18.697420554148067,NaN,1021.4282043393818,9.498620839560152,NaN
/gen05/case72,success,5,72,30,50,ife_moop_run,7,1.4503231048583984,9.16172031533994,13.989162132932037,1050.531387109761,53.2363535266619,1552.6595543492278,1128.6601834823084,5252.6569355488045,7.283188347464423e7,4202.125548439044,3.6619383448013654,98.66673029959053,3.5977417146574657,1.0793225143972396,4.273423301092696,1.105381664021936,5.3005155328125,HDC,68.20271960934302,7.212029519156223e-8,0.13016243378032963,0.85,12.738871019396303,NaN,0.818667540113119,NaN,NaN,NaN,-7.283188347464423e10,NaN,0.0,NaN,NaN,NaN,NaN,NaN,-1128.6601834823084,NaN,NaN,NaN,NaN,NaN,NaN,NaN,NaN,68.20271960934302,NaN,0.818667540113119,NaN,-0.086892428896169,0.0,NaN,NaN,NaN,NaN,16.0,3.482721420233217e31,1.38708783572432e-5,10.086601834823085,5.810737688371204,5.810737688371204,NaN,1028.6601834823084,12.411555822919642,NaN
/gen05/case73,success,5,73,30,50,ife_moop_run,3,1.2098100185394287,3.9526253420357387,27.000468849068536,926.3968342828929,60.40400892504498,1661.7578389218859,1161.6418938828717,4631.984171414464,2.9639044285517465e7,3705.5873371315715,3.32274516620791,76.68338995781339,3.3532744646241333,1.00598233938724,3.858911359788159,1.105381664021936,3.8826490828125,HDC,38.56911161788443,1.562798087142706e-7,0.12451458160210979,0.85,12.738871019396303,NaN,0.4820065302929271,NaN,NaN,NaN,-2.9639044285517464e10,NaN,0.0,NaN,NaN,NaN,NaN,NaN,-1161.6418938828717,NaN,NaN,NaN,NaN,NaN,NaN,NaN,NaN,38.56911161788443,NaN,0.4820065302929271,NaN,-0.31694707783797277,0.0,NaN,NaN,NaN,NaN,16.0,6.000894110251698e31,3.216924249703233e-5,10.416418938828716,15.281997077399403,15.281997077399403,NaN,1061.6418938828717,10.226399594421682,NaN
/gen05/case74,success,5,74,30,50,ife_moop_run,6,1.455312967300415,6.560708773684722,8.189947438781925,377.0170025953142,121.05059068238734,1151.9360048693384,178.62837197179283,1885.0850129765709,1.7017226199733455e7,1508.0680103812567,1.1835271459240637,15.572703960798165,1.940584189315593,0.582175256794678,2.5172044940326717,1.105381664021936,6.0300255640625,HDC,51.869398838725445,1.1077510464108994e-7,0.1263170473936203,0.85,12.738871019396303,NaN,4.0714578743557075,NaN,NaN,NaN,-1.7017226199733456e10,NaN,0.0,NaN,NaN,NaN,NaN,NaN,-178.62837197179283,NaN,NaN,NaN,NaN,NaN,NaN,NaN,NaN,51.869398838725445,NaN,4.0714578743557075,NaN,0.6097499456916688,0.0,NaN,NaN,NaN,NaN,16.0,3.2285140009711714e31,1.580668319814097e-5,0.5862837197179283,18.45084042869367,18.45084042869367,NaN,78.62837197179282,6.003797229139707,NaN
/gen05/case75,fail,5,75,30,50,ife_moop_run,8,1.0045950412750244,NaN,NaN,NaN,NaN,NaN,NaN,NaN,NaN,NaN,NaN,NaN,NaN,NaN,NaN,NaN,NaN,NaN,NaN,NaN,NaN,NaN,NaN,NaN,NaN,NaN,NaN,NaN,NaN,NaN,NaN,NaN,NaN,NaN,NaN,NaN,NaN,NaN,NaN,NaN,NaN,NaN,NaN,NaN,NaN,NaN,NaN,NaN,NaN,NaN,NaN,NaN,NaN,NaN,NaN,NaN,NaN,NaN,NaN,NaN,NaN,NaN,NaN,NaN,NaN
/gen05/case76,success,5,76,30,50,ife_moop_run,5,1.2910270690917969,4.2926395661894166,15.604904215370881,481.5231763891128,79.47734662927165,1185.1897103017222,694.8061862226878,2407.615881945564,1.7447994221189003e7,1926.0927055564512,2.4168628269629764,30.293108464932505,2.5287572456419265,0.7586271736925779,2.894188263973098,1.105381664021936,4.2944886359375,HDC,39.00741092945769,1.3798811779876298e-7,0.1671857407831791,0.85,12.738871019396303,NaN,0.8108309153741243,NaN,NaN,NaN,-1.7447994221189003e10,NaN,0.0,NaN,NaN,NaN,NaN,NaN,-694.8061862226878,NaN,NaN,NaN,NaN,NaN,NaN,NaN,NaN,39.00741092945769,NaN,0.8108309153741243,NaN,-0.09106970087638414,0.0,NaN,NaN,NaN,NaN,16.0,5.451799441331945e31,2.0258150372490872e-5,5.748061862226877,18.514796176988096,18.514796176988096,NaN,594.8061862226878,7.452856433292385,NaN
/gen05/case77,fail,5,77,30,50,ife_moop_run,9,1.0377171039581299,NaN,NaN,NaN,NaN,NaN,NaN,NaN,NaN,NaN,NaN,NaN,NaN,NaN,NaN,NaN,NaN,NaN,NaN,NaN,NaN,NaN,NaN,NaN,NaN,NaN,NaN,NaN,NaN,NaN,NaN,NaN,NaN,NaN,NaN,NaN,NaN,NaN,NaN,NaN,NaN,NaN,NaN,NaN,NaN,NaN,NaN,NaN,NaN,NaN,NaN,NaN,NaN,NaN,NaN,NaN,NaN,NaN,NaN,NaN,NaN,NaN,NaN,NaN,NaN
/gen05/case78,success,5,78,30,50,ife_moop_run,2,1.4762828350067139,6.639420709353284,19.62516282933983,1250.668713206939,56.96377595653226,1850.806145708846,1545.161503978734,6253.343566034695,5.879886241677273e7,5002.674852827756,6.055418263615852,109.77754653775897,3.853847021978672,1.1561541065936014,4.3531688865183975,1.105381664021936,4.3786258140625005,HDC,54.604465373815586,1.0635143791916103e-7,0.19599114443481763,0.85,12.738871019396303,NaN,0.490308011763614,NaN,NaN,NaN,-5.879886241677273e10,NaN,0.0,NaN,NaN,NaN,NaN,NaN,-1545.161503978734,NaN,NaN,NaN,NaN,NaN,NaN,NaN,NaN,54.604465373815586,NaN,0.490308011763614,NaN,-0.30953101020823737,0.0,NaN,NaN,NaN,NaN,16.0,4.801347376202236e31,2.4382291911980768e-5,14.251615039787339,8.579630430149507,8.579630430149507,NaN,1445.161503978734,12.395806414392114,NaN
/gen05/case79,success,5,79,30,50,ife_moop_run,4,1.448369026184082,3.2482676654349443,33.49643264953124,944.5425474594186,60.48398162830214,1731.6803966790678,1302.7227017323899,4722.712737297094,2.5348703327918712e7,3778.1701898376746,4.036949137593456,78.08204106535217,3.1641132973293087,0.9492339891987928,3.898202002496867,1.105381664021936,3.9642618640625007,HDC,34.734953262070455,1.8630983511079886e-7,0.14611150454901706,0.85,12.738871019396303,NaN,0.3966678058053205,NaN,NaN,NaN,-2.5348703327918713e10,NaN,3.4964326495312434,NaN,NaN,NaN,NaN,NaN,-1302.7227017323899,NaN,NaN,NaN,NaN,NaN,NaN,NaN,NaN,34.734953262070455,NaN,0.3966678058053205,NaN,-0.4015730461315322,0.0,NaN,NaN,NaN,NaN,16.0,5.604046317075347e31,3.996444162383539e-5,11.8272270173239,18.62038103322477,18.62038103322477,NaN,1202.7227017323899,10.005694017666018,NaN
/gen05/case80,success,5,80,30,50,ife_moop_run,7,1.389697790145874,5.236364374332129,24.396013728192283,1097.3601159762543,50.95971881347866,1687.418847412274,1190.6859209613701,5486.800579881272,4.7260934406314e7,4389.440463905017,3.397034417405498,107.66936528758933,3.706108410612894,1.1118325231838682,4.3125514048467615,1.105381664021936,4.217999723437501,HDC,46.03127582182673,1.1609589714646526e-7,0.10578417213229924,0.85,12.738871019396303,NaN,0.5439686077766869,NaN,NaN,NaN,-4.7260934406314e10,NaN,0.0,NaN,NaN,NaN,NaN,NaN,-1190.6859209613701,NaN,NaN,NaN,NaN,NaN,NaN,NaN,NaN,46.03127582182673,NaN,0.5439686077766869,NaN,-0.2644261625495098,0.0,NaN,NaN,NaN,NaN,16.0,5.044232257773804e31,2.426665942251114e-5,10.706859209613704,9.731889374100003,9.731889374100003,NaN,1090.6859209613701,11.929430420308464,NaN
/gen05/case81,success,5,81,30,50,ife_moop_run,3,1.4807591438293457,4.385316783003285,34.32764934291647,1270.4016456525308,44.070899431008826,1818.0657099394855,1516.2330689385878,6352.0082282626545,4.931002294900655e7,5081.606582610123,6.02342312584436,144.13157685166968,4.120482791009609,1.236144837302883,4.774887385951054,1.105381664021936,3.7857866921875,HDC,41.54255476608327,1.2881779095563426e-7,0.1536467372654108,0.85,12.738871019396303,NaN,0.390831668970595,NaN,NaN,NaN,-4.931002294900655e10,NaN,4.327649342916473,NaN,NaN,NaN,NaN,NaN,-1516.2330689385878,NaN,NaN,NaN,NaN,NaN,NaN,NaN,NaN,41.54255476608327,NaN,0.390831668970595,NaN,-0.4080102527784065,0.0,NaN,NaN,NaN,NaN,16.0,5.979627240416195e31,2.9010529159631005e-5,13.96233068938588,10.049650141996553,10.049650141996553,NaN,1416.2330689385878,12.81813686402044,NaN
/gen05/case82,success,5,82,30,50,ife_moop_run,6,1.4839699268341064,4.308882218508898,21.097375399549176,749.4562435188552,66.50996555030754,1477.882950065605,1085.4186908141537,3747.2812175942763,2.609723586805415e7,2997.824974075421,3.7656497763245427,56.34165025630432,2.9401027189673954,0.8820308156902186,3.4937855734596033,1.105381664021936,4.3310626734375,HDC,40.05900390506797,1.4358919988845848e-7,0.17620202156941517,0.85,12.738871019396303,NaN,0.5312743635532272,NaN,NaN,NaN,-2.6097235868054153e10,NaN,0.0,NaN,NaN,NaN,NaN,NaN,-1085.4186908141537,NaN,NaN,NaN,NaN,NaN,NaN,NaN,NaN,40.05900390506797,NaN,0.5312743635532272,NaN,-0.2746811403033112,0.0,NaN,NaN,NaN,NaN,16.0,5.0142587930154485e31,2.628645625849154e-5,9.654186908141538,15.4355496802889,15.435549680288903,NaN,985.4186908141537,9.302499934409266,NaN
/gen05/case83,success,5,83,30,50,ife_moop_run,9,1.6433148384094238,3.1162340308770364,16.90540823231088,201.9294094768695,51.65293565919205,639.5727230452659,331.68052167251415,1009.6470473843474,9.902015158020802e6,807.717637907478,2.0772618474703193,19.54675052829592,1.82028583096821,0.5460857492904629,2.503200629346389,1.105381664021936,5.3074505859375005,HDC,30.14376408475276,1.0196379537618825e-7,0.17635476607810224,0.85,13.53034639888692,NaN,1.320544952233546,NaN,NaN,NaN,-9.902015158020802e9,NaN,0.0,NaN,NaN,NaN,NaN,NaN,-331.68052167251415,NaN,NaN,NaN,NaN,NaN,NaN,NaN,NaN,30.14376408475276,NaN,1.320544952233546,NaN,0.12075318946925474,0.0,NaN,NaN,NaN,NaN,16.0,3.637966210369467e31,7.605507142877638e-6,2.116805216725141,16.575435332324766,16.575435332324766,NaN,231.68052167251415,6.151500297391433,NaN
/gen05/case84,fail,5,84,30,50,ife_moop_run,8,0.9307370185852051,NaN,NaN,NaN,NaN,NaN,NaN,NaN,NaN,NaN,NaN,NaN,NaN,NaN,NaN,NaN,NaN,NaN,NaN,NaN,NaN,NaN,NaN,NaN,NaN,NaN,NaN,NaN,NaN,NaN,NaN,NaN,NaN,NaN,NaN,NaN,NaN,NaN,NaN,NaN,NaN,NaN,NaN,NaN,NaN,NaN,NaN,NaN,NaN,NaN,NaN,NaN,NaN,NaN,NaN,NaN,NaN,NaN,NaN,NaN,NaN,NaN,NaN,NaN,NaN
/gen05/case85,success,5,85,30,50,ife_moop_run,5,1.5988781452178955,4.543317137212379,27.853597901693277,898.843622079902,42.528617363834,1418.877593314417,1120.6589986345396,4494.218110399511,4.131552649823069e7,3595.374488319608,4.757844140595962,105.67515214405626,3.917127028909914,1.1751381086729742,4.289297587285685,1.105381664021936,3.6742064734375,HDC,41.22918148284152,1.0877794600032441e-7,0.1501618119809689,0.85,12.738871019396303,NaN,0.5196368107007702,NaN,NaN,NaN,-4.131552649823069e10,NaN,0.0,NaN,NaN,NaN,NaN,NaN,-1120.6589986345396,NaN,NaN,NaN,NaN,NaN,NaN,NaN,NaN,41.22918148284152,NaN,0.5196368107007702,NaN,-0.28430009139815626,0.0,NaN,NaN,NaN,NaN,16.0,6.61501785512446e31,1.9118596692735517e-5,10.006589986345396,9.360697499080612,9.360697499080612,NaN,1020.6589986345396,11.620709462196418,NaN
/gen05/case86,success,5,86,30,50,ife_moop_run,2,1.4802050590515137,2.9934951850840306,25.663805814121073,199.82196614035126,24.264819315439844,640.0014055018279,474.88126049905355,999.1098307017564,1.5465202307162035e7,799.2878645614051,3.875974100501636,41.17524296033052,2.7391975371070076,0.8217592611321023,3.1487981885263547,1.105381664021936,3.7419178671875,HDC,28.933071269944282,6.460373494364584e-8,0.16163599705416895,0.85,17.726962932813763,NaN,0.8643475132698498,NaN,NaN,NaN,-1.5465202307162037e10,NaN,0.0,NaN,NaN,NaN,NaN,NaN,-474.88126049905355,NaN,NaN,NaN,NaN,NaN,NaN,NaN,NaN,28.933071269944282,NaN,0.8643475132698498,NaN,-0.06331161313233766,0.0,NaN,NaN,NaN,NaN,16.0,6.703985513362154e31,3.6804878265010452e-6,3.5488126049905353,8.105848787179093,8.105848787179093,NaN,374.88126049905355,7.97001481767445,NaN
/gen05/case87,fail,5,87,30,50,ife_moop_run,4,0.96868896484375,NaN,NaN,NaN,NaN,NaN,NaN,NaN,NaN,NaN,NaN,NaN,NaN,NaN,NaN,NaN,NaN,NaN,NaN,NaN,NaN,NaN,NaN,NaN,NaN,NaN,NaN,NaN,NaN,NaN,NaN,NaN,NaN,NaN,NaN,NaN,NaN,NaN,NaN,NaN,NaN,NaN,NaN,NaN,NaN,NaN,NaN,NaN,NaN,NaN,NaN,NaN,NaN,NaN,NaN,NaN,NaN,NaN,NaN,NaN,NaN,NaN,NaN,NaN,NaN
/gen05/case88,success,5,88,30,50,ife_moop_run,7,1.2802209854125977,4.509504116478248,22.76913147245754,429.75506087527094,30.173670130262455,776.8009314890886,540.6798950723108,2148.7753043763546,3.164367818045037e7,1719.0202435010838,3.2898421219783036,71.21358771073912,3.2375894337694984,0.9712768301308495,3.767008523932847,1.105381664021936,4.1702926890625,HDC,38.835219800442644,6.790535828745343e-8,0.1364577094030525,0.85,12.738871019396303,NaN,0.9948986528192093,NaN,NaN,NaN,-3.1643678180450367e10,NaN,0.0,NaN,NaN,NaN,NaN,NaN,-540.6798950723108,NaN,NaN,NaN,NaN,NaN,NaN,NaN,NaN,38.835219800442644,NaN,0.9948986528192093,NaN,-0.0022211572071467165,0.0,NaN,NaN,NaN,NaN,16.0,5.3054244442874815e31,6.534073419749403e-6,4.206798950723108,6.6911281930100435,6.6911281930100435,NaN,440.6798950723108,10.148566329724705,NaN
/gen05/case89,success,5,89,30,50,ife_moop_run,3,1.5404868125915527,5.8096661259729885,13.992717868124615,916.5584830128487,108.22580504330863,1935.3871198338068,1248.7526093076192,4582.792415064243,2.831814283769054e7,3666.2339320513947,2.8186569276144655,42.34472927441243,2.483691841928294,0.7451075525784883,3.2481037789136287,1.105381664021936,5.679350239062501,HDC,50.05116656787954,1.618323786743774e-7,0.16113794533654888,0.85,12.738871019396303,NaN,0.5721396946646059,NaN,NaN,NaN,-2.831814283769054e10,NaN,0.0,NaN,NaN,NaN,NaN,NaN,-1248.7526093076192,NaN,NaN,NaN,NaN,NaN,NaN,NaN,NaN,50.05116656787954,NaN,0.5721396946646059,NaN,-0.2424979201319645,0.0,NaN,NaN,NaN,NaN,16.0,3.1851822345702047e31,3.8797477635853694e-5,11.287526093076192,18.6285756696876,18.6285756696876,NaN,1148.7526093076192,8.687318963290945,NaN
/gen05/case90,success,5,90,30,50,ife_moop_run,6,1.4561529159545898,6.758259301859096,9.72173477525559,645.675023072911,130.44498752518507,1644.8916015948107,617.798544394271,3228.375115364555,2.322850772966587e7,2582.700092291644,1.6015020158720106,24.74893958452218,2.264433943272439,0.6793301829817316,2.841671474755105,1.105381664021936,5.688528157812501,HDC,54.60415838272756,1.3898331967496534e-7,0.128886357432386,0.85,12.738871019396303,NaN,1.2465456069841436,NaN,NaN,NaN,-2.322850772966587e10,NaN,0.0,NaN,NaN,NaN,NaN,NaN,-617.798544394271,NaN,NaN,NaN,NaN,NaN,NaN,NaN,NaN,54.60415838272756,NaN,1.2465456069841436,NaN,0.09570817253029493,0.0,NaN,NaN,NaN,NaN,16.0,3.427149155153304e31,2.8318496469765983e-5,4.977985443942709,19.3015659356695,19.3015659356695,NaN,517.798544394271,7.200624039426908,NaN
/gen05/case91,success,5,91,30,50,ife_moop_run,9,1.5094799995422363,4.97868119139597,20.321832494926348,1122.1952550136816,81.71116450467997,2028.4525775060176,1473.2016843985773,5610.976275068409,3.368793171523276e7,4488.7810200547265,3.653218036541751,68.66841647749425,3.1143869102996167,0.934316073089885,3.7297976426079402,1.105381664021936,4.523536204687501,HDC,45.55164308678621,1.6655745809800724e-7,0.1512466995374868,0.85,12.738871019396303,NaN,0.4446179149025345,NaN,NaN,NaN,-3.3687931715232758e10,NaN,0.0,NaN,NaN,NaN,NaN,NaN,-1473.2016843985773,NaN,NaN,NaN,NaN,NaN,NaN,NaN,NaN,45.55164308678621,NaN,0.4446179149025345,NaN,-0.35201304234200675,0.0,NaN,NaN,NaN,NaN,16.0,4.578519485468089e31,4.185035734304622e-5,13.532016843985772,16.412210656486927,16.412210656486927,NaN,1373.2016843985773,10.148386563157802,NaN
/gen05/case92,success,5,92,30,50,ife_moop_run,5,1.4949021339416504,4.762265018434992,20.34630945534139,731.1478829763699,57.73526673930792,1367.1208549674272,1006.6369490345419,3655.73941488185,3.0736602712444305e7,2924.5915319054798,3.792460169420037,63.31900104296066,3.270923538920647,0.9812770616761941,3.6322717562388704,1.105381664021936,4.0120314609375,HDC,42.31794460749023,1.1893765388071835e-7,0.16711420053970244,0.85,12.738871019396303,NaN,0.5953842511301913,NaN,NaN,NaN,-3.0736602712444305e10,NaN,0.0,NaN,NaN,NaN,NaN,NaN,-1006.6369490345419,NaN,NaN,NaN,NaN,NaN,NaN,NaN,NaN,42.31794460749023,NaN,0.5953842511301913,NaN,-0.22520265732401548,0.0,NaN,NaN,NaN,NaN,16.0,5.854507407891601e31,2.014171763264984e-5,8.86636949034542,12.123488826390696,12.123488826390696,NaN,906.6369490345419,9.810513754243091,NaN
/gen05/case93,success,5,93,30,50,ife_moop_run,8,1.454246997833252,3.52072308486526,27.28464589874717,752.4725780134391,59.911424980417806,1467.4792222209405,1095.5030004632106,3762.362890067196,2.3505568059714563e7,3009.8903120537566,3.94508878897296,62.798754850129725,3.311944660989186,0.9935833982967558,3.614813337401591,1.105381664021936,3.5277633015625,HDC,35.494629874794114,1.6006262348176934e-7,0.16783029605002106,0.85,12.738871019396303,NaN,0.4751748244861969,NaN,NaN,NaN,-2.3505568059714565e10,NaN,0.0,NaN,NaN,NaN,NaN,NaN,-1095.5030004632106,NaN,NaN,NaN,NaN,NaN,NaN,NaN,NaN,35.494629874794114,NaN,0.4751748244861969,NaN,-0.32314657702593275,0.0,NaN,NaN,NaN,NaN,16.0,7.404436369598811e31,2.9095921686482942e-5,9.755030004632106,17.016795566218367,17.016795566218367,NaN,995.5030004632106,9.40615539858307,NaN
/gen05/case94,fail,5,94,30,50,ife_moop_run,2,1.0487861633300781,NaN,NaN,NaN,NaN,NaN,NaN,NaN,NaN,NaN,NaN,NaN,NaN,NaN,NaN,NaN,NaN,NaN,NaN,NaN,NaN,NaN,NaN,NaN,NaN,NaN,NaN,NaN,NaN,NaN,NaN,NaN,NaN,NaN,NaN,NaN,NaN,NaN,NaN,NaN,NaN,NaN,NaN,NaN,NaN,NaN,NaN,NaN,NaN,NaN,NaN,NaN,NaN,NaN,NaN,NaN,NaN,NaN,NaN,NaN,NaN,NaN,NaN,NaN,NaN
/gen05/case95,success,5,95,30,50,ife_moop_run,4,1.620347023010254,7.735024939076484,14.068336680880616,1105.1689039357036,75.69621372738446,1856.3154417938367,1426.6616356649977,5525.844519678517,5.1703019921836674e7,4420.675615742814,4.320491091465363,73.00027633587496,3.427090139083419,1.0281270417250257,3.8724322577314108,1.105381664021936,4.7491052984375,HDC,60.91343390127062,1.068766297990398e-7,0.1825528009354977,0.85,12.738871019396303,NaN,0.5887905356233383,NaN,NaN,NaN,-5.170301992183667e10,NaN,0.0,NaN,NaN,NaN,NaN,NaN,-1426.6616356649977,NaN,NaN,NaN,NaN,NaN,NaN,NaN,NaN,60.91343390127062,NaN,0.5887905356233383,NaN,-0.23003917958019396,0.0,NaN,NaN,NaN,NaN,16.0,4.355660403349392e31,2.457563539935405e-5,13.066616356649977,9.786162853202402,9.786162853202402,NaN,1326.6616356649977,10.921198778545335,NaN
/gen05/case96,fail,5,96,30,50,ife_moop_run,7,1.0593090057373047,NaN,NaN,NaN,NaN,NaN,NaN,NaN,NaN,NaN,NaN,NaN,NaN,NaN,NaN,NaN,NaN,NaN,NaN,NaN,NaN,NaN,NaN,NaN,NaN,NaN,NaN,NaN,NaN,NaN,NaN,NaN,NaN,NaN,NaN,NaN,NaN,NaN,NaN,NaN,NaN,NaN,NaN,NaN,NaN,NaN,NaN,NaN,NaN,NaN,NaN,NaN,NaN,NaN,NaN,NaN,NaN,NaN,NaN,NaN,NaN,NaN,NaN,NaN,NaN
/gen05/case97,success,5,97,30,50,ife_moop_run,3,1.606170892715454,5.281659354777323,17.955121453495813,747.2944351709839,62.47981789884843,1407.996185120965,989.242349756097,3736.47217585492,3.2442079365985055e7,2989.1777406839356,3.3623481535259305,59.80286597352242,3.0105938706024604,0.9031781611807382,3.579787289279394,1.105381664021936,4.620445517187501,HDC,45.43094133342841,1.1517363402336487e-7,0.15474730498197276,0.85,12.738871019396303,NaN,0.6462053145981437,NaN,NaN,NaN,-3.2442079365985058e10,NaN,0.0,NaN,NaN,NaN,NaN,NaN,-989.242349756097,NaN,NaN,NaN,NaN,NaN,NaN,NaN,NaN,45.43094133342841,NaN,0.6462053145981437,NaN,-0.189629474527666,0.0,NaN,NaN,NaN,NaN,16.0,4.489315256186718e31,2.008744846936099e-5,8.692423497560972,11.829581141452202,11.829581141452202,NaN,889.242349756097,9.736070334712302,NaN
/gen05/case98,success,5,98,30,50,ife_moop_run,6,1.7201969623565674,5.962884567002306,18.099954063399835,660.5846318915452,43.298332898339844,1125.5420798416803,850.7878283608659,3302.923159457726,4.2249690808586985e7,2642.338527566181,4.096541086354309,76.28291757127599,3.272089113168723,0.9816267339506168,3.874064802120627,1.105381664021936,4.6830111453125,HDC,48.43549360280341,7.817626818671126e-8,0.1666896023895797,0.85,12.738871019396303,NaN,0.7842500346614283,NaN,NaN,NaN,-4.224969080858698e10,NaN,0.0,NaN,NaN,NaN,NaN,NaN,-850.7878283608659,NaN,NaN,NaN,NaN,NaN,NaN,NaN,NaN,48.43549360280341,NaN,0.7842500346614283,NaN,-0.10554545343574274,0.0,NaN,NaN,NaN,NaN,16.0,4.31963607272893e31,1.0899508109863639e-5,7.307878283608658,7.2613065726521375,7.2613065726521375,NaN,750.7878283608659,10.766143448775772,NaN
/gen05/case99,success,5,99,30,50,ife_moop_run,9,1.5309410095214844,5.446161686253345,15.561025668507344,795.9389240078212,84.54281380167637,1628.1877900011664,1076.2424902115383,3979.6946200391058,2.8588732286792196e7,3183.755696031285,2.9499078814906925,47.07312710663758,2.5752110292620127,0.772563308778604,3.3365367892703865,1.105381664021936,5.4394136671875,HDC,47.05290728781291,1.392050049689576e-7,0.15745144586385199,0.85,12.738871019396303,NaN,0.6207260443338087,NaN,NaN,NaN,-2.8588732286792194e10,NaN,0.0,NaN,NaN,NaN,NaN,NaN,-1076.2424902115383,NaN,NaN,NaN,NaN,NaN,NaN,NaN,NaN,47.05290728781291,NaN,0.6207260443338087,NaN,-0.20710003216710193,0.0,NaN,NaN,NaN,NaN,16.0,3.3838956420284624e31,2.8075633930173103e-5,9.562424902115383,15.523375667503752,15.523375667503752,NaN,976.2424902115383,8.967444191946337,NaN
